customer_id,customer_name,email,country,signup_date,customer_segment,lifetime_value
1,Chloe Ahmed,chloe.ahmed.1@example.com,United States,2024-02-24,Basic,0.00
2,Noah Chen,noah.chen.2@example.com,France,2024-09-30,Basic,18.70
3,Aisha Nakamura,aisha.nakamura.3@example.com,Canada,2024-12-07,Standard,690.97
4,Aisha Chen,aisha.chen.4@example.com,France,2024-12-10,Premium,3363.46
5,Isabella Martin,isabella.martin.5@example.com,India,2024-12-12,Basic,0.00
6,Samuel Wilson,samuel.wilson.6@example.com,United Arab Emirates,2024-07-22,Basic,55.58
7,Aisha Ahmed,aisha.ahmed.7@example.com,Singapore,2024-10-08,Standard,931.66
8,Priya Rossi,priya.rossi.8@example.com,Germany,2024-10-01,Premium,2951.99
9,Amelia Kim,amelia.kim.9@example.com,France,2025-01-10,Basic,0.00
10,Liam Taylor,liam.taylor.10@example.com,United Arab Emirates,2024-07-07,Basic,159.98
11,Samuel Bennett,samuel.bennett.11@example.com,United Arab Emirates,2024-09-30,Standard,931.36
12,Mia Rossi,mia.rossi.12@example.com,United Arab Emirates,2024-05-27,Premium,5686.18
13,Samuel Singh,samuel.singh.13@example.com,United Arab Emirates,2024-10-03,Basic,0.00
14,Ethan Ahmed,ethan.ahmed.14@example.com,United Arab Emirates,2024-08-13,Basic,153.60
15,Sofia Anderson,sofia.anderson.15@example.com,United States,2024-11-20,Standard,958.44
16,Priya Williams,priya.williams.16@example.com,Australia,2024-02-10,Premium,7029.80
17,Nora Santos,nora.santos.17@example.com,India,2024-04-18,Basic,0.00
18,Leo Khan,leo.khan.18@example.com,India,2024-10-14,Basic,160.69
19,Mateo Thompson,mateo.thompson.19@example.com,United States,2025-01-27,Standard,809.52
20,Sofia Ahmed,sofia.ahmed.20@example.com,Australia,2024-11-14,Premium,4516.22
21,Isabella Thompson,isabella.thompson.21@example.com,Singapore,2024-08-11,Basic,0.00
22,Isabella Martin,isabella.martin.22@example.com,Japan,2024-10-30,Basic,237.25
23,Isabella Nguyen,isabella.nguyen.23@example.com,France,2025-01-12,Standard,753.09
24,Samuel Patel,samuel.patel.24@example.com,United Arab Emirates,2024-10-05,Premium,2579.94
25,Ava Anderson,ava.anderson.25@example.com,Germany,2024-11-12,Basic,0.00
26,Lucas Anderson,lucas.anderson.26@example.com,Germany,2024-06-27,Basic,249.88
27,Priya Khan,priya.khan.27@example.com,Japan,2024-07-12,Standard,925.25
28,Hugo Kim,hugo.kim.28@example.com,Singapore,2024-06-20,Premium,4610.43
29,Lucas Williams,lucas.williams.29@example.com,United Arab Emirates,2025-01-12,Basic,0.00
30,Oliver Dubois,oliver.dubois.30@example.com,India,2024-07-26,Basic,144.68
31,Sofia Wilson,sofia.wilson.31@example.com,United States,2024-06-27,Standard,964.89
32,Priya Garcia,priya.garcia.32@example.com,France,2024-09-14,Premium,3966.41
33,Zoe Patel,zoe.patel.33@example.com,Japan,2024-05-20,Basic,0.00
34,Ava Nguyen,ava.nguyen.34@example.com,Germany,2024-11-14,Basic,96.25
35,Priya Patel,priya.patel.35@example.com,Canada,2024-03-27,Standard,970.13
36,Mateo Rossi,mateo.rossi.36@example.com,Australia,2024-06-04,Premium,1947.51
37,Noah Ahmed,noah.ahmed.37@example.com,Australia,2024-12-23,Basic,0.00
38,Arjun Singh,arjun.singh.38@example.com,United Kingdom,2024-08-30,Basic,33.05
39,Isabella Thompson,isabella.thompson.39@example.com,United Kingdom,2025-01-14,Standard,794.54
40,Sofia Bennett,sofia.bennett.40@example.com,Singapore,2024-04-21,Premium,7662.08
41,Leo Thompson,leo.thompson.41@example.com,Japan,2024-12-30,Basic,0.00
42,Ava Wilson,ava.wilson.42@example.com,France,2024-06-26,Basic,255.47
43,Zoe Singh,zoe.singh.43@example.com,United Kingdom,2024-12-30,Standard,977.93
44,Hana Anderson,hana.anderson.44@example.com,Singapore,2024-02-20,Premium,5443.34
45,Ethan Taylor,ethan.taylor.45@example.com,Canada,2024-02-19,Basic,0.00
46,Chloe Thompson,chloe.thompson.46@example.com,Canada,2024-06-28,Basic,213.09
47,Noah Bennett,noah.bennett.47@example.com,Germany,2024-11-17,Standard,902.98
48,Mateo Williams,,France,2024-06-25,Premium,1098.97
49,Nora Nguyen,nora.nguyen.49@example.com,Singapore,2024-10-10,Basic,0.00
50,Sofia Ahmed,sofia.ahmed.50@example.com,Japan,2024-06-19,Basic,173.74
51,Ava Williams,ava.williams.51@example.com,France,2024-04-24,Standard,995.43
52,Samuel Nakamura,samuel.nakamura.52@example.com,Germany,2024-05-06,Premium,3573.99
53,Amelia Santos,amelia.santos.53@example.com,Germany,2024-11-17,Basic,0.00
54,Daniel Khan,daniel.khan.54@example.com,Canada,2024-12-09,Basic,43.23
55,Zoe Dubois,zoe.dubois.55@example.com,India,2024-10-21,Standard,878.33
56,Isabella Garcia,isabella.garcia.56@example.com,India,2025-01-08,Premium,3286.45
57,Liam Martin,liam.martin.57@example.com,Canada,2024-10-02,Basic,0.00
58,Isabella Anderson,isabella.anderson.58@example.com,United States,2024-06-13,Basic,182.13
59,Chloe Anderson,chloe.anderson.59@example.com,Japan,2024-06-16,Standard,753.91
60,Isabella Wilson,isabella.wilson.60@example.com,United Arab Emirates,2024-11-20,Premium,3710.22
61,Amelia Patel,amelia.patel.61@example.com,France,2025-01-20,Basic,0.00
62,Arjun Singh,arjun.singh.62@example.com,United Kingdom,2024-09-26,Basic,220.68
63,Lucas Martin,lucas.martin.63@example.com,India,2025-01-17,Standard,929.02
64,Aisha Wilson,aisha.wilson.64@example.com,United Kingdom,2024-12-24,Premium,4387.05
65,Lucas Kim,lucas.kim.65@example.com,United Arab Emirates,2024-05-24,Basic,0.00
66,Arjun Chen,arjun.chen.66@example.com,Japan,2024-04-19,Basic,99.56
67,Nora Clarke,nora.clarke.67@example.com,France,2024-08-31,Standard,819.67
68,Priya Nguyen,priya.nguyen.68@example.com,Japan,2024-11-02,Premium,6032.91
69,Daniel Khan,daniel.khan.69@example.com,Australia,2025-01-14,Basic,0.00
70,Mateo Garcia,mateo.garcia.70@example.com,Singapore,2024-09-16,Basic,151.11
71,Aisha Kim,aisha.kim.71@example.com,United Kingdom,2024-11-15,Standard,973.37
72,Liam Singh,liam.singh.72@example.com,Singapore,2024-10-16,Premium,5289.77
73,Ava Rossi,ava.rossi.73@example.com,Singapore,2024-04-17,Basic,0.00
74,Ethan Santos,ethan.santos.74@example.com,Singapore,2024-09-14,Basic,144.62
75,Liam Khan,liam.khan.75@example.com,United Arab Emirates,2024-10-08,Standard,651.01
76,Olivia Ahmed,olivia.ahmed.76@example.com,Japan,2024-02-29,Premium,2841.90
77,Nora Chen,nora.chen.77@example.com,Singapore,2024-08-31,Basic,0.00
78,Nora Rossi,nora.rossi.78@example.com,United States,2024-11-13,Basic,142.37
79,Nora Wilson,nora.wilson.79@example.com,United States,2024-08-21,Standard,787.13
80,Mia Bennett,mia.bennett.80@example.com,Australia,2024-11-23,Premium,3113.18
81,Olivia Singh,olivia.singh.81@example.com,India,2024-07-26,Basic,0.00
82,Priya Garcia,priya.garcia.82@example.com,Singapore,2024-03-02,Basic,144.68
83,Olivia Thompson,olivia.thompson.83@example.com,United States,2024-06-26,Standard,887.27
84,Leo Martin,leo.martin.84@example.com,Canada,2024-12-25,Premium,2160.15
85,Samuel Taylor,samuel.taylor.85@example.com,France,2024-08-14,Basic,0.00
86,Nora Dubois,nora.dubois.86@example.com,India,2024-03-13,Basic,196.42
87,Daniel Nguyen,daniel.nguyen.87@example.com,Canada,2024-12-31,Standard,990.82
88,Omar Williams,omar.williams.88@example.com,Canada,2024-11-02,Premium,2825.78
89,Chloe Ahmed,chloe.ahmed.89@example.com,Canada,2024-05-25,Basic,0.00
90,Amelia Bennett,amelia.bennett.90@example.com,Germany,2024-09-25,Basic,52.70
91,Daniel Nguyen,daniel.nguyen.91@example.com,India,2024-10-30,Standard,970.64
92,Chloe Anderson,chloe.anderson.92@example.com,Australia,2024-09-23,Premium,3769.16
93,Omar Chen,omar.chen.93@example.com,Germany,2024-05-07,Basic,0.00
94,Samuel Williams,samuel.williams.94@example.com,United States,2025-01-04,Basic,136.21
95,Leo Clarke,leo.clarke.95@example.com,United States,2024-06-03,Standard,987.13
96,Ava Garcia,ava.garcia.96@example.com,United Kingdom,2024-12-01,Premium,1888.18
97,Noah Nakamura,noah.nakamura.97@example.com,United Arab Emirates,2025-01-10,Basic,0.00
98,Priya Singh,priya.singh.98@example.com,Australia,2024-02-23,Basic,267.87
99,Chloe Nakamura,chloe.nakamura.99@example.com,Australia,2024-11-03,Standard,893.66
100,Ava Singh,ava.singh.100@example.com,Canada,2024-10-15,Premium,3377.20
101,Lucas Anderson,lucas.anderson.101@example.com,United Arab Emirates,2024-07-13,Basic,0.00
102,Hana Clarke,hana.clarke.102@example.com,France,2024-06-01,Basic,244.37
103,Lucas Chen,lucas.chen.103@example.com,Singapore,2024-05-24,Standard,956.21
104,Leo Wilson,leo.wilson.104@example.com,Germany,2024-03-03,Premium,4531.16
105,Oliver Rossi,oliver.rossi.105@example.com,Canada,2024-12-17,Basic,0.00
106,Daniel Taylor,daniel.taylor.106@example.com,Singapore,2024-10-11,Basic,164.34
107,Noah Kim,,India,2024-10-26,Standard,995.92
108,Isabella Taylor,isabella.taylor.108@example.com,India,2024-04-17,Premium,4078.37
109,Lucas Dubois,lucas.dubois.109@example.com,Canada,2024-11-02,Basic,0.00
110,Hugo Anderson,hugo.anderson.110@example.com,Australia,2024-07-03,Basic,158.03
111,Priya Chen,priya.chen.111@example.com,Japan,2024-03-01,Standard,980.41
112,Oliver Taylor,oliver.taylor.112@example.com,India,2024-11-12,Premium,4516.21
113,Aisha Chen,aisha.chen.113@example.com,India,2024-06-04,Basic,0.00
114,Mia Khan,mia.khan.114@example.com,France,2024-12-28,Basic,134.29
115,Olivia Nakamura,olivia.nakamura.115@example.com,France,2024-03-19,Standard,820.67
116,Oliver Khan,oliver.khan.116@example.com,United States,2024-06-17,Premium,2938.69
117,Chloe Clarke,chloe.clarke.117@example.com,United Arab Emirates,2024-02-21,Basic,0.00
118,Olivia Khan,olivia.khan.118@example.com,United Arab Emirates,2025-01-09,Basic,186.54
119,Oliver Khan,oliver.khan.119@example.com,Japan,2024-05-17,Standard,962.38
120,Isabella Wilson,isabella.wilson.120@example.com,United States,2024-05-19,Premium,7690.71
121,Ava Williams,ava.williams.121@example.com,Japan,2024-06-04,Basic,0.00
122,Priya Clarke,priya.clarke.122@example.com,Australia,2024-08-22,Basic,210.38
123,Arjun Nguyen,arjun.nguyen.123@example.com,France,2024-06-24,Standard,952.45
124,Chloe Nakamura,chloe.nakamura.124@example.com,Singapore,2024-12-29,Premium,2902.40
125,Omar Wilson,omar.wilson.125@example.com,Germany,2024-08-03,Basic,0.00
126,Aisha Thompson,aisha.thompson.126@example.com,Japan,2024-03-22,Basic,138.10
127,Samuel Thompson,samuel.thompson.127@example.com,France,2024-05-15,Standard,991.71
128,Omar Santos,omar.santos.128@example.com,India,2024-02-24,Premium,5682.14
129,Hana Anderson,hana.anderson.129@example.com,Canada,2024-02-09,Basic,0.00
130,Mia Nguyen,mia.nguyen.130@example.com,United Arab Emirates,2024-11-23,Basic,214.01
131,Samuel Taylor,samuel.taylor.131@example.com,Germany,2024-04-19,Standard,853.75
132,Ava Santos,ava.santos.132@example.com,Australia,2024-08-13,Premium,2718.90
133,Hana Anderson,hana.anderson.133@example.com,Japan,2024-11-08,Basic,0.00
134,Zoe Santos,zoe.santos.134@example.com,Germany,2024-10-08,Basic,288.46
135,Samuel Thompson,samuel.thompson.135@example.com,Japan,2024-04-27,Standard,461.20
136,Samuel Kim,samuel.kim.136@example.com,Canada,2024-04-12,Premium,3713.91
137,Samuel Nguyen,samuel.nguyen.137@example.com,Japan,2024-05-05,Basic,0.00
138,Oliver Singh,oliver.singh.138@example.com,Singapore,2024-02-18,Basic,150.85
139,Olivia Singh,olivia.singh.139@example.com,United States,2024-08-30,Standard,929.46
140,Sofia Anderson,sofia.anderson.140@example.com,United Kingdom,2025-01-28,Premium,2174.61
141,Sofia Bennett,sofia.bennett.141@example.com,Australia,2024-10-16,Basic,0.00
142,Nora Kim,nora.kim.142@example.com,United States,2024-12-13,Basic,257.67
143,Zoe Clarke,zoe.clarke.143@example.com,Japan,2025-01-03,Standard,830.16
144,Hugo Bennett,hugo.bennett.144@example.com,United States,2024-10-30,Premium,3726.28
145,Oliver Taylor,oliver.taylor.145@example.com,United States,2024-02-09,Basic,0.00
146,Aisha Patel,aisha.patel.146@example.com,Singapore,2024-06-26,Basic,28.77
147,Amelia Ahmed,amelia.ahmed.147@example.com,India,2024-05-02,Standard,912.56
148,Liam Williams,liam.williams.148@example.com,Singapore,2024-04-17,Premium,5471.96
149,Arjun Khan,arjun.khan.149@example.com,United Arab Emirates,2024-10-27,Basic,0.00
150,Mia Kim,mia.kim.150@example.com,Germany,2024-08-22,Basic,163.25
151,Olivia Kim,olivia.kim.151@example.com,India,2024-09-23,Standard,915.69
152,Hana Anderson,hana.anderson.152@example.com,Australia,2024-07-03,Premium,2547.84
153,Daniel Garcia,daniel.garcia.153@example.com,United States,2024-03-19,Basic,0.00
154,Chloe Dubois,chloe.dubois.154@example.com,India,2024-11-09,Basic,52.07
155,Hugo Singh,hugo.singh.155@example.com,United States,2025-01-25,Standard,929.82
156,Ethan Garcia,ethan.garcia.156@example.com,Japan,2024-09-10,Premium,3411.29
157,Zoe Santos,zoe.santos.157@example.com,United Arab Emirates,2024-03-20,Basic,0.00
158,Aisha Singh,aisha.singh.158@example.com,Australia,2024-05-19,Basic,241.23
159,Priya Rossi,priya.rossi.159@example.com,Japan,2024-06-18,Standard,964.59
160,Noah Garcia,noah.garcia.160@example.com,Germany,2024-11-05,Premium,3189.94
161,Hana Singh,hana.singh.161@example.com,Canada,2024-07-11,Basic,0.00
162,Amelia Khan,amelia.khan.162@example.com,United Arab Emirates,2024-04-14,Basic,129.33
163,Priya Dubois,priya.dubois.163@example.com,United Kingdom,2024-07-03,Standard,890.54
164,Ethan Rossi,ethan.rossi.164@example.com,Australia,2024-11-17,Premium,5251.83
165,Chloe Nguyen,chloe.nguyen.165@example.com,France,2024-08-15,Basic,0.00
166,Samuel Chen,samuel.chen.166@example.com,United Kingdom,2024-10-14,Basic,222.53
167,Samuel Kim,samuel.kim.167@example.com,United States,2024-03-22,Standard,913.66
168,Leo Anderson,leo.anderson.168@example.com,United Kingdom,2024-07-24,Premium,2343.02
169,Mateo Clarke,mateo.clarke.169@example.com,United Arab Emirates,2024-08-22,Basic,0.00
170,Isabella Bennett,isabella.bennett.170@example.com,Germany,2024-09-18,Basic,99.00
171,Hugo Anderson,hugo.anderson.171@example.com,France,2024-11-10,Standard,946.66
172,Chloe Taylor,chloe.taylor.172@example.com,Canada,2025-01-14,Premium,3083.85
173,Hana Dubois,hana.dubois.173@example.com,United Kingdom,2024-12-13,Basic,0.00
174,Lucas Anderson,lucas.anderson.174@example.com,United Kingdom,2024-03-14,Basic,31.25
175,Mia Chen,mia.chen.175@example.com,India,2025-01-30,Standard,920.10
3477,Zoe Chen,zoe.chen.176@example.com,India,2024-07-12,Basic,0.00
177,Omar Williams,omar.williams.177@example.com,United Kingdom,2024-02-03,Basic,0.00
178,Lucas Nakamura,lucas.nakamura.178@example.com,France,2024-06-18,Basic,292.70
179,Liam Chen,liam.chen.179@example.com,United Kingdom,2024-05-06,Standard,915.52
180,Leo Nakamura,leo.nakamura.180@example.com,Singapore,2024-11-11,Premium,3932.89
181,Aisha Taylor,aisha.taylor.181@example.com,United Kingdom,2024-02-14,Basic,0.00
182,Olivia Kim,olivia.kim.182@example.com,Singapore,2024-03-19,Basic,55.54
183,Mateo Clarke,mateo.clarke.183@example.com,France,2024-08-16,Standard,986.99
184,Amelia Wilson,amelia.wilson.184@example.com,India,2024-08-17,Premium,1209.06
185,Olivia Nguyen,olivia.nguyen.185@example.com,Australia,2024-11-19,Basic,0.00
186,Aisha Martin,aisha.martin.186@example.com,India,2024-04-27,Basic,32.76
187,Sofia Patel,sofia.patel.187@example.com,Germany,2024-06-17,Standard,962.75
188,Hugo Chen,hugo.chen.188@example.com,United Kingdom,2024-04-26,Premium,5594.68
189,Leo Patel,leo.patel.189@example.com,India,2024-07-03,Basic,0.00
190,Hugo Garcia,hugo.garcia.190@example.com,France,2024-06-08,Basic,85.24
191,Arjun Thompson,arjun.thompson.191@example.com,United Arab Emirates,2024-12-12,Standard,929.09
192,Ava Nakamura,ava.nakamura.192@example.com,United Kingdom,2024-04-10,Premium,3109.81
193,Lucas Bennett,lucas.bennett.193@example.com,India,2024-07-20,Basic,0.00
194,Mateo Dubois,mateo.dubois.194@example.com,France,2024-09-13,Basic,274.16
195,Isabella Taylor,isabella.taylor.195@example.com,United Arab Emirates,2024-04-10,Standard,915.53
196,Lucas Santos,lucas.santos.196@example.com,United Arab Emirates,2025-01-21,Premium,3412.22
197,Ava Thompson,ava.thompson.197@example.com,France,2024-05-01,Basic,0.00
198,Chloe Santos,chloe.santos.198@example.com,Germany,2025-01-21,Basic,89.20
199,Zoe Thompson,zoe.thompson.199@example.com,United Arab Emirates,2024-06-04,Standard,878.79
200,Isabella Dubois,isabella.dubois.200@example.com,Germany,2024-08-20,Premium,2260.68
201,Omar Williams,omar.williams.201@example.com,United Arab Emirates,2024-05-13,Basic,0.00
202,Hana Nguyen,hana.nguyen.202@example.com,Canada,2025-01-15,Basic,139.61
203,Oliver Bennett,oliver.bennett.203@example.com,Japan,2025-01-28,Standard,775.74
204,Ava Nakamura,ava.nakamura.204@example.com,Germany,2025-01-20,Premium,4538.50
205,Olivia Taylor,olivia.taylor.205@example.com,Japan,2024-04-12,Basic,0.00
206,Zoe Wilson,zoe.wilson.206@example.com,Australia,2024-06-09,Basic,282.60
207,Daniel Chen,daniel.chen.207@example.com,India,2024-08-12,Standard,823.59
208,Olivia Nakamura,olivia.nakamura.208@example.com,United Arab Emirates,2024-10-03,Premium,3685.41
209,Hana Dubois,hana.dubois.209@example.com,Singapore,2024-10-17,Basic,0.00
210,Priya Taylor,priya.taylor.210@example.com,Singapore,2024-02-19,Basic,50.75
211,Omar Nguyen,omar.nguyen.211@example.com,United Arab Emirates,2024-12-23,Standard,974.84
212,Olivia Williams,olivia.williams.212@example.com,Australia,2025-01-02,Premium,2627.46
213,Daniel Kim,daniel.kim.213@example.com,Canada,2024-12-28,Basic,0.00
214,Mateo Singh,mateo.singh.214@example.com,United Arab Emirates,2024-12-27,Basic,270.91
215,Daniel Dubois,daniel.dubois.215@example.com,France,2024-09-08,Standard,975.31
216,Liam Bennett,liam.bennett.216@example.com,United Kingdom,2024-06-12,Premium,4378.51
217,Arjun Ahmed,arjun.ahmed.217@example.com,Singapore,2024-11-12,Basic,0.00
218,Hana Rossi,hana.rossi.218@example.com,Australia,2024-09-16,Basic,22.95
219,Omar Dubois,omar.dubois.219@example.com,Japan,2025-01-13,Standard,906.54
220,Hana Ahmed,hana.ahmed.220@example.com,Canada,2024-07-26,Premium,4649.11
221,Amelia Thompson,amelia.thompson.221@example.com,United Kingdom,2024-07-01,Basic,0.00
222,Leo Garcia,leo.garcia.222@example.com,United Kingdom,2024-04-13,Basic,115.99
223,Omar Wilson,omar.wilson.223@example.com,France,2024-09-21,Standard,793.57
224,Ava Ahmed,ava.ahmed.224@example.com,Japan,2024-07-28,Premium,4603.97
225,Hugo Williams,hugo.williams.225@example.com,Japan,2025-01-22,Basic,0.00
226,Nora Santos,nora.santos.226@example.com,United Kingdom,2024-07-03,Basic,151.32
227,Noah Williams,noah.williams.227@example.com,United States,2024-07-25,Standard,914.47
228,Zoe Williams,zoe.williams.228@example.com,Canada,2024-06-04,Premium,3616.66
229,Aisha Martin,aisha.martin.229@example.com,Singapore,2024-04-22,Basic,0.00
230,Isabella Nguyen,isabella.nguyen.230@example.com,India,2024-09-24,Basic,189.04
231,Arjun Dubois,arjun.dubois.231@example.com,Canada,2024-05-06,Standard,992.40
232,Zoe Taylor,zoe.taylor.232@example.com,India,2024-02-15,Premium,4203.10
233,Samuel Clarke,samuel.clarke.233@example.com,Australia,2024-09-18,Basic,0.00
234,Hana Taylor,hana.taylor.234@example.com,India,2024-02-03,Basic,94.16
235,Priya Khan,priya.khan.235@example.com,Australia,2024-06-22,Standard,932.84
236,Priya Garcia,priya.garcia.236@example.com,United Arab Emirates,2024-03-24,Premium,3632.34
237,Oliver Martin,oliver.martin.237@example.com,France,2024-07-16,Basic,0.00
238,Ava Nakamura,ava.nakamura.238@example.com,United Kingdom,2024-06-14,Basic,29.27
239,Daniel Thompson,daniel.thompson.239@example.com,Singapore,2024-12-24,Standard,868.28
240,Isabella Clarke,isabella.clarke.240@example.com,India,2024-12-09,Premium,5840.15
241,Chloe Rossi,chloe.rossi.241@example.com,United Kingdom,2024-07-28,Basic,0.00
242,Omar Nakamura,omar.nakamura.242@example.com,United Arab Emirates,2024-04-29,Basic,129.96
243,Daniel Wilson,daniel.wilson.243@example.com,United Arab Emirates,2024-11-29,Standard,847.04
244,Olivia Chen,olivia.chen.244@example.com,France,2024-04-01,Premium,5145.37
245,Arjun Wilson,arjun.wilson.245@example.com,United Kingdom,2024-05-04,Basic,0.00
246,Omar Chen,omar.chen.246@example.com,Singapore,2024-08-17,Basic,62.02
247,Leo Clarke,leo.clarke.247@example.com,Canada,2024-11-21,Standard,994.19
248,Chloe Taylor,chloe.taylor.248@example.com,Canada,2024-10-07,Premium,8731.79
249,Zoe Nguyen,zoe.nguyen.249@example.com,Canada,2024-11-11,Basic,0.00
250,Ethan Thompson,ethan.thompson.250@example.com,Germany,2024-04-12,Basic,74.50
251,Ethan Santos,ethan.santos.251@example.com,Japan,2024-12-14,Standard,964.33
252,Noah Kim,noah.kim.252@example.com,United States,2024-10-06,Premium,2069.04
253,Sofia Khan,sofia.khan.253@example.com,India,2024-11-14,Basic,0.00
254,Aisha Thompson,aisha.thompson.254@example.com,India,2025-01-16,Basic,82.83
255,Hugo Taylor,hugo.taylor.255@example.com,Japan,2024-10-08,Standard,922.57
256,Ethan Garcia,ethan.garcia.256@example.com,United Arab Emirates,2024-02-16,Premium,4771.07
257,Arjun Wilson,arjun.wilson.257@example.com,United States,2024-06-20,Basic,0.00
258,Arjun Nguyen,arjun.nguyen.258@example.com,Germany,2024-04-27,Basic,283.10
259,Nora Rossi,nora.rossi.259@example.com,Japan,2024-11-08,Standard,757.39
260,Aisha Williams,aisha.williams.260@example.com,United Arab Emirates,2024-03-30,Premium,4790.76
261,Mia Nguyen,mia.nguyen.261@example.com,France,2024-11-04,Basic,0.00
262,Noah Nakamura,noah.nakamura.262@example.com,Singapore,2024-05-22,Basic,292.19
263,Leo Williams,leo.williams.263@example.com,Australia,2024-07-02,Standard,829.26
264,Noah Nakamura,noah.nakamura.264@example.com,Germany,2024-07-28,Premium,4866.24
265,Olivia Nakamura,olivia.nakamura.265@example.com,United Kingdom,2024-06-01,Basic,0.00
266,Ava Rossi,ava.rossi.266@example.com,France,2025-01-29,Basic,220.68
267,Mateo Taylor,mateo.taylor.267@example.com,Canada,2024-12-12,Standard,945.97
268,Sofia Khan,sofia.khan.268@example.com,Australia,2024-03-02,Premium,4918.46
269,Hana Kim,hana.kim.269@example.com,Singapore,2024-06-23,Basic,0.00
270,Mateo Nguyen,mateo.nguyen.270@example.com,Canada,2024-07-15,Basic,102.84
271,Priya Wilson,priya.wilson.271@example.com,Germany,2024-11-20,Standard,468.69
272,Mia Ahmed,mia.ahmed.272@example.com,United Kingdom,2024-04-10,Premium,3916.02
273,Leo Singh,leo.singh.273@example.com,Germany,2025-01-01,Basic,0.00
274,Sofia Chen,sofia.chen.274@example.com,Australia,2024-04-15,Basic,250.08
275,Priya Santos,priya.santos.275@example.com,Australia,2025-01-12,Standard,998.28
276,Chloe Thompson,chloe.thompson.276@example.com,Canada,2024-11-22,Premium,4030.49
277,Zoe Patel,zoe.patel.277@example.com,India,2024-08-11,Basic,0.00
278,Nora Garcia,nora.garcia.278@example.com,United Kingdom,2024-08-25,Basic,99.40
279,Aisha Patel,aisha.patel.279@example.com,France,2024-09-20,Standard,942.66
280,Hugo Santos,hugo.santos.280@example.com,United Arab Emirates,2024-02-02,Premium,4601.82
281,Samuel Garcia,samuel.garcia.281@example.com,Japan,2024-12-22,Basic,0.00
282,Daniel Kim,daniel.kim.282@example.com,United Kingdom,2024-10-31,Basic,70.27
283,Chloe Khan,chloe.khan.283@example.com,India,2024-05-19,Standard,904.35
284,Hugo Patel,hugo.patel.284@example.com,France,2024-06-25,Premium,2492.43
285,Isabella Nguyen,isabella.nguyen.285@example.com,United Arab Emirates,2024-04-07,Basic,0.00
286,Hana Thompson,hana.thompson.286@example.com,France,2025-01-15,Basic,185.85
287,Noah Singh,noah.singh.287@example.com,United Kingdom,2024-12-17,Standard,942.84
288,Nora Bennett,nora.bennett.288@example.com,United Kingdom,2024-04-21,Premium,2829.53
289,Nora Nakamura,nora.nakamura.289@example.com,United States,2024-09-07,Basic,0.00
290,Ava Chen,ava.chen.290@example.com,Germany,2024-04-22,Basic,104.04
291,Mia Garcia,mia.garcia.291@example.com,France,2024-06-08,Standard,986.98
292,Olivia Kim,olivia.kim.292@example.com,Canada,2024-02-27,Premium,3932.27
293,Chloe Wilson,chloe.wilson.293@example.com,Australia,2024-09-07,Basic,0.00
294,Zoe Garcia,zoe.garcia.294@example.com,United Kingdom,2024-02-01,Basic,217.24
295,Ava Thompson,ava.thompson.295@example.com,United Kingdom,2024-04-08,Standard,831.34
296,Hana Anderson,hana.anderson.296@example.com,Singapore,2025-01-14,Premium,2652.91
297,Nora Bennett,nora.bennett.297@example.com,United States,2025-01-22,Basic,0.00
298,Isabella Williams,isabella.williams.298@example.com,India,2025-01-21,Basic,275.87
299,Sofia Thompson,sofia.thompson.299@example.com,United Kingdom,2024-05-28,Standard,950.97
300,Chloe Garcia,chloe.garcia.300@example.com,United Kingdom,2024-03-24,Premium,3916.76
301,Isabella Kim,isabella.kim.301@example.com,Germany,2024-04-11,Basic,0.00
302,Chloe Chen,chloe.chen.302@example.com,Canada,2024-03-07,Basic,61.07
303,Aisha Rossi,aisha.rossi.303@example.com,United States,2024-12-09,Standard,798.94
304,Zoe Martin,zoe.martin.304@example.com,Japan,2024-07-29,Premium,3420.66
305,Samuel Khan,samuel.khan.305@example.com,Canada,2024-08-29,Basic,0.00
306,Mateo Nakamura,mateo.nakamura.306@example.com,Australia,2024-03-16,Basic,160.69
307,Liam Chen,liam.chen.307@example.com,United Kingdom,2024-11-28,Standard,736.83
308,Samuel Dubois,samuel.dubois.308@example.com,France,2024-09-07,Premium,2851.88
309,Isabella Chen,isabella.chen.309@example.com,Australia,2024-06-21,Basic,0.00
310,Zoe Garcia,zoe.garcia.310@example.com,Australia,2024-11-10,Basic,194.37
311,Mateo Clarke,mateo.clarke.311@example.com,United Arab Emirates,2024-06-25,Standard,593.57
312,Priya Bennett,priya.bennett.312@example.com,Germany,2024-05-16,Premium,3353.07
313,Aisha Clarke,aisha.clarke.313@example.com,Singapore,2024-05-07,Basic,0.00
314,Samuel Dubois,samuel.dubois.314@example.com,Germany,2024-12-27,Basic,36.69
315,Noah Anderson,noah.anderson.315@example.com,Japan,2024-08-16,Standard,903.83
316,Liam Anderson,liam.anderson.316@example.com,Japan,2024-12-23,Premium,2103.45
317,Mateo Garcia,mateo.garcia.317@example.com,Singapore,2024-02-07,Basic,0.00
318,Omar Santos,omar.santos.318@example.com,Canada,2024-08-17,Basic,82.83
319,Hana Taylor,hana.taylor.319@example.com,France,2024-11-06,Standard,728.70
320,Daniel Martin,daniel.martin.320@example.com,Japan,2024-03-09,Premium,1726.46
321,Amelia Rossi,amelia.rossi.321@example.com,United Kingdom,2024-02-08,Basic,0.00
322,Mia Khan,mia.khan.322@example.com,United States,2024-03-02,Basic,266.92
323,Chloe Ahmed,chloe.ahmed.323@example.com,Germany,2024-12-18,Standard,740.62
324,Priya Ahmed,priya.ahmed.324@example.com,India,2024-09-04,Premium,3984.20
325,Priya Dubois,priya.dubois.325@example.com,United Kingdom,2024-12-24,Basic,0.00
326,Oliver Nguyen,oliver.nguyen.326@example.com,United Arab Emirates,2024-04-19,Basic,83.13
327,Mia Garcia,mia.garcia.327@example.com,Germany,2024-03-12,Standard,662.48
328,Aisha Khan,aisha.khan.328@example.com,Canada,2024-11-01,Premium,4974.48
329,Isabella Dubois,isabella.dubois.329@example.com,United Arab Emirates,2024-12-21,Basic,0.00
330,Zoe Garcia,zoe.garcia.330@example.com,Germany,2025-01-23,Basic,55.58
331,Leo Anderson,leo.anderson.331@example.com,United States,2024-06-05,Standard,929.34
332,Olivia Taylor,olivia.taylor.332@example.com,United Kingdom,2024-09-20,Premium,5793.81
333,Mateo Clarke,mateo.clarke.333@example.com,United States,2024-07-08,Basic,0.00
334,Daniel Martin,daniel.martin.334@example.com,United Kingdom,2024-02-07,Basic,27.03
335,Priya Chen,priya.chen.335@example.com,United States,2024-04-24,Standard,997.30
336,Hugo Kim,hugo.kim.336@example.com,Singapore,2024-10-22,Premium,3495.86
337,Samuel Patel,samuel.patel.337@example.com,Canada,2024-08-09,Basic,0.00
338,Sofia Patel,sofia.patel.338@example.com,United Kingdom,2024-02-16,Basic,77.61
339,Isabella Taylor,isabella.taylor.339@example.com,Germany,2024-10-26,Standard,949.87
340,Olivia Patel,olivia.patel.340@example.com,United Arab Emirates,2024-12-18,Premium,2141.56
341,Olivia Thompson,olivia.thompson.341@example.com,Japan,2024-10-19,Basic,0.00
342,Omar Singh,omar.singh.342@example.com,Japan,2024-11-17,Basic,117.64
343,Ethan Kim,ethan.kim.343@example.com,Canada,2024-06-10,Standard,937.35
344,Liam Rossi,liam.rossi.344@example.com,United Kingdom,2024-05-27,Premium,8940.46
345,Samuel Ahmed,samuel.ahmed.345@example.com,United States,2024-02-23,Basic,0.00
346,Amelia Anderson,amelia.anderson.346@example.com,United States,2024-09-29,Basic,268.79
347,Omar Dubois,omar.dubois.347@example.com,Canada,2024-05-02,Standard,979.58
348,Noah Nguyen,noah.nguyen.348@example.com,India,2024-05-25,Premium,2473.16
349,Isabella Anderson,isabella.anderson.349@example.com,India,2024-07-13,Basic,0.00
350,Mia Garcia,mia.garcia.350@example.com,United Arab Emirates,2024-08-09,Basic,20.43
351,Liam Ahmed,liam.ahmed.351@example.com,United States,2024-05-02,Standard,728.70
352,Arjun Ahmed,arjun.ahmed.352@example.com,United States,2024-08-24,Premium,6972.14
353,Olivia Nakamura,olivia.nakamura.353@example.com,Germany,2024-07-09,Basic,0.00
354,Isabella Garcia,isabella.garcia.354@example.com,Singapore,2024-09-21,Basic,21.64
355,Amelia Kim,amelia.kim.355@example.com,Australia,2024-06-29,Standard,839.86
356,Hana Wilson,hana.wilson.356@example.com,United Arab Emirates,2024-06-04,Premium,4348.22
357,Nora Kim,nora.kim.357@example.com,United Arab Emirates,2024-10-10,Basic,0.00
358,Ava Nguyen,ava.nguyen.358@example.com,Australia,2024-04-18,Basic,186.73
359,Amelia Taylor,amelia.taylor.359@example.com,United States,2024-05-30,Standard,969.62
360,Oliver Kim,oliver.kim.360@example.com,United States,2024-07-21,Premium,2047.69
361,Amelia Dubois,amelia.dubois.361@example.com,Germany,2024-03-25,Basic,0.00
362,Ava Ahmed,ava.ahmed.362@example.com,Australia,2024-09-02,Basic,264.35
363,Hugo Singh,hugo.singh.363@example.com,Canada,2025-01-30,Standard,529.15
364,Mia Garcia,mia.garcia.364@example.com,United States,2024-05-29,Premium,2713.79
365,Aisha Taylor,aisha.taylor.365@example.com,France,2024-09-22,Basic,0.00
366,Samuel Garcia,samuel.garcia.366@example.com,United Arab Emirates,2024-03-20,Basic,42.79
367,Aisha Chen,aisha.chen.367@example.com,India,2024-03-10,Standard,861.10
368,Hana Rossi,hana.rossi.368@example.com,United States,2024-09-10,Premium,5004.59
369,Daniel Chen,daniel.chen.369@example.com,Australia,2024-06-29,Basic,0.00
370,Mia Santos,mia.santos.370@example.com,India,2025-01-24,Basic,225.95
371,Samuel Santos,samuel.santos.371@example.com,France,2024-09-19,Standard,881.81
372,Mia Anderson,mia.anderson.372@example.com,United Kingdom,2024-05-14,Premium,4561.43
373,Sofia Rossi,sofia.rossi.373@example.com,United Kingdom,2024-04-20,Basic,0.00
374,Liam Martin,liam.martin.374@example.com,Japan,2024-09-26,Basic,190.87
375,Isabella Taylor,isabella.taylor.375@example.com,United Kingdom,2024-11-01,Standard,792.16
376,Omar Khan,omar.khan.376@example.com,Japan,2024-07-07,Premium,5292.53
377,Nora Patel,nora.patel.377@example.com,United Kingdom,2024-03-18,Basic,0.00
378,Ethan Wilson,ethan.wilson.378@example.com,United Arab Emirates,2024-02-21,Basic,185.77
379,Ava Santos,ava.santos.379@example.com,Canada,2024-03-18,Standard,394.16
380,Priya Anderson,priya.anderson.380@example.com,France,2024-08-21,Premium,2035.64
381,Aisha Singh,aisha.singh.381@example.com,Germany,2024-06-13,Basic,0.00
382,Ethan Bennett,ethan.bennett.382@example.com,India,2024-09-19,Basic,256.47
383,Oliver Nguyen,oliver.nguyen.383@example.com,Australia,2024-03-20,Standard,917.30
384,Nora Williams,nora.williams.384@example.com,Canada,2024-04-03,Premium,6820.60
385,Amelia Singh,amelia.singh.385@example.com,Australia,2024-04-07,Basic,0.00
386,Ava Dubois,ava.dubois.386@example.com,France,2025-01-17,Basic,197.84
387,Zoe Garcia,zoe.garcia.387@example.com,United Arab Emirates,2024-11-27,Standard,821.24
388,Mia Garcia,mia.garcia.388@example.com,United States,2024-03-05,Premium,3118.48
389,Ava Nakamura,ava.nakamura.389@example.com,Canada,2024-03-19,Basic,0.00
390,Isabella Williams,isabella.williams.390@example.com,United States,2024-09-24,Basic,234.76
391,Noah Martin,noah.martin.391@example.com,United Arab Emirates,2024-09-09,Standard,902.75
392,Samuel Dubois,samuel.dubois.392@example.com,Japan,2024-02-16,Premium,1360.07
393,Chloe Taylor,chloe.taylor.393@example.com,Canada,2024-07-31,Basic,0.00
394,Ava Martin,ava.martin.394@example.com,Germany,2024-06-23,Basic,191.91
395,Nora Chen,nora.chen.395@example.com,United States,2024-12-11,Standard,582.71
396,Mateo Clarke,mateo.clarke.396@example.com,Australia,2024-12-28,Premium,1656.25
397,Lucas Thompson,lucas.thompson.397@example.com,India,2024-11-08,Basic,0.00
398,Hugo Singh,hugo.singh.398@example.com,United Kingdom,2024-06-23,Basic,142.37
399,Chloe Chen,chloe.chen.399@example.com,India,2024-05-13,Standard,910.35
400,Zoe Ahmed,zoe.ahmed.400@example.com,Australia,2024-12-19,Premium,6068.42
401,Oliver Bennett,oliver.bennett.401@example.com,India,2024-08-02,Basic,0.00
402,Hugo Nguyen,hugo.nguyen.402@example.com,Japan,2024-07-26,Basic,256.47
403,Hana Ahmed,,France,2024-08-17,Standard,995.58
404,Mia Martin,mia.martin.404@example.com,United States,2024-07-13,Premium,1908.03
405,Mateo Anderson,mateo.anderson.405@example.com,United States,2024-06-23,Basic,0.00
406,Noah Thompson,noah.thompson.406@example.com,Singapore,2024-08-02,Basic,197.84
407,Hana Anderson,hana.anderson.407@example.com,Canada,2024-03-23,Standard,483.85
408,Arjun Anderson,arjun.anderson.408@example.com,Germany,2024-10-31,Premium,4789.17
409,Samuel Singh,samuel.singh.409@example.com,Australia,2024-11-21,Basic,0.00
410,Chloe Kim,chloe.kim.410@example.com,Canada,2024-05-01,Basic,259.19
411,Arjun Rossi,arjun.rossi.411@example.com,France,2025-01-23,Standard,544.65
412,Omar Rossi,omar.rossi.412@example.com,United States,2025-01-26,Premium,2702.08
413,Priya Kim,priya.kim.413@example.com,United Arab Emirates,2024-11-15,Basic,0.00
414,Sofia Rossi,sofia.rossi.414@example.com,Australia,2024-10-10,Basic,263.86
415,Oliver Wilson,oliver.wilson.415@example.com,Canada,2024-10-09,Standard,982.97
416,Noah Garcia,noah.garcia.416@example.com,United States,2024-05-30,Premium,2848.73
417,Mateo Anderson,mateo.anderson.417@example.com,United States,2024-10-27,Basic,0.00
418,Hugo Bennett,hugo.bennett.418@example.com,France,2024-12-11,Basic,81.28
419,Ava Chen,ava.chen.419@example.com,France,2024-05-01,Standard,826.72
420,Isabella Singh,isabella.singh.420@example.com,United States,2024-04-16,Premium,5347.62
421,Hana Chen,hana.chen.421@example.com,United Kingdom,2024-10-27,Basic,0.00
422,Omar Garcia,omar.garcia.422@example.com,France,2025-01-26,Basic,27.17
423,Daniel Dubois,daniel.dubois.423@example.com,United Arab Emirates,2024-03-23,Standard,350.97
424,Isabella Wilson,isabella.wilson.424@example.com,France,2024-04-10,Premium,2406.25
425,Ethan Taylor,ethan.taylor.425@example.com,Japan,2024-12-29,Basic,0.00
426,Isabella Martin,isabella.martin.426@example.com,Singapore,2025-01-21,Basic,189.80
427,Mateo Kim,mateo.kim.427@example.com,Australia,2025-01-06,Standard,927.68
428,Hana Martin,hana.martin.428@example.com,India,2024-07-07,Premium,2238.80
429,Samuel Wilson,samuel.wilson.429@example.com,Canada,2024-05-01,Basic,0.00
430,Samuel Bennett,samuel.bennett.430@example.com,United Arab Emirates,2024-08-19,Basic,52.39
431,Hana Singh,hana.singh.431@example.com,Canada,2024-12-05,Standard,632.09
432,Isabella Clarke,isabella.clarke.432@example.com,Australia,2024-12-24,Premium,2606.46
433,Hana Williams,hana.williams.433@example.com,Japan,2024-04-13,Basic,0.00
434,Isabella Garcia,isabella.garcia.434@example.com,Australia,2024-07-27,Basic,115.14
435,Isabella Martin,isabella.martin.435@example.com,United Kingdom,2025-01-28,Standard,328.70
436,Daniel Santos,daniel.santos.436@example.com,Japan,2024-02-06,Premium,3916.67
437,Mia Khan,mia.khan.437@example.com,Australia,2025-01-20,Basic,0.00
438,Olivia Kim,olivia.kim.438@example.com,Germany,2024-03-27,Basic,154.02
439,Samuel Bennett,samuel.bennett.439@example.com,United States,2024-08-16,Standard,968.60
440,Nora Taylor,nora.taylor.440@example.com,Canada,2024-08-30,Premium,4325.32
441,Hugo Dubois,hugo.dubois.441@example.com,France,2024-11-06,Basic,0.00
442,Chloe Williams,chloe.williams.442@example.com,Japan,2024-11-22,Basic,187.83
443,Zoe Anderson,zoe.anderson.443@example.com,Canada,2024-09-19,Standard,965.76
444,Olivia Singh,olivia.singh.444@example.com,Germany,2024-02-11,Premium,3501.24
445,Isabella Patel,isabella.patel.445@example.com,United Kingdom,2024-03-09,Basic,0.00
446,Isabella Martin,isabella.martin.446@example.com,India,2024-04-23,Basic,22.86
447,Samuel Garcia,samuel.garcia.447@example.com,Singapore,2024-03-19,Standard,985.97
448,Isabella Clarke,isabella.clarke.448@example.com,United Arab Emirates,2024-10-05,Premium,3070.70
449,Priya Bennett,priya.bennett.449@example.com,India,2024-12-31,Basic,0.00
450,Ethan Clarke,ethan.clarke.450@example.com,India,2024-04-21,Basic,151.32
451,Noah Williams,noah.williams.451@example.com,France,2024-05-16,Standard,253.67
452,Ava Taylor,ava.taylor.452@example.com,Singapore,2024-11-03,Premium,3354.31
453,Mia Wilson,mia.wilson.453@example.com,Germany,2024-06-01,Basic,0.00
454,Liam Singh,liam.singh.454@example.com,India,2024-11-19,Basic,55.54
455,Oliver Thompson,oliver.thompson.455@example.com,Canada,2024-02-28,Standard,677.64
456,Omar Bennett,omar.bennett.456@example.com,India,2024-03-16,Premium,4701.18
457,Lucas Clarke,lucas.clarke.457@example.com,Japan,2024-05-13,Basic,0.00
458,Liam Bennett,liam.bennett.458@example.com,Australia,2024-04-28,Basic,251.13
459,Zoe Wilson,zoe.wilson.459@example.com,United Kingdom,2024-09-30,Standard,945.00
460,Liam Wilson,liam.wilson.460@example.com,India,2024-09-29,Premium,3819.31
461,Hugo Patel,hugo.patel.461@example.com,United Kingdom,2024-12-25,Basic,0.00
462,Oliver Dubois,oliver.dubois.462@example.com,Canada,2024-08-08,Basic,251.13
463,Chloe Kim,chloe.kim.463@example.com,Canada,2024-09-16,Standard,492.73
464,Noah Patel,noah.patel.464@example.com,Japan,2024-09-26,Premium,1334.59
465,Mia Anderson,mia.anderson.465@example.com,Germany,2024-11-15,Basic,0.00
466,Noah Chen,noah.chen.466@example.com,United Kingdom,2024-03-15,Basic,20.01
467,Daniel Kim,daniel.kim.467@example.com,Singapore,2024-08-30,Standard,963.65
468,Hana Anderson,hana.anderson.468@example.com,Singapore,2024-03-03,Premium,5449.18
469,Chloe Ahmed,chloe.ahmed.469@example.com,India,2024-11-01,Basic,0.00
470,Daniel Thompson,daniel.thompson.470@example.com,United Arab Emirates,2024-05-31,Basic,104.73
471,Hugo Wilson,hugo.wilson.471@example.com,United Kingdom,2024-08-21,Standard,980.83
472,Priya Singh,priya.singh.472@example.com,Singapore,2024-11-19,Premium,2448.05
473,Aisha Rossi,aisha.rossi.473@example.com,United Arab Emirates,2024-04-16,Basic,0.00
474,Liam Nakamura,liam.nakamura.474@example.com,Canada,2024-04-26,Basic,100.63
475,Ava Khan,ava.khan.475@example.com,Canada,2024-02-22,Standard,989.52
476,Leo Garcia,leo.garcia.476@example.com,India,2024-05-14,Premium,6416.00
477,Zoe Chen,zoe.chen.477@example.com,United Arab Emirates,2024-06-12,Basic,0.00
478,Isabella Garcia,isabella.garcia.478@example.com,United Kingdom,2024-08-17,Basic,129.64
479,Oliver Dubois,oliver.dubois.479@example.com,Singapore,2024-07-16,Standard,918.36
480,Mia Ahmed,mia.ahmed.480@example.com,Japan,2024-02-07,Premium,6217.47
481,Priya Clarke,priya.clarke.481@example.com,United Arab Emirates,2024-10-25,Basic,0.00
482,Leo Williams,leo.williams.482@example.com,India,2024-04-17,Basic,129.33
483,Sofia Rossi,sofia.rossi.483@example.com,United Arab Emirates,2024-11-25,Standard,914.70
484,Liam Williams,liam.williams.484@example.com,United Arab Emirates,2024-03-23,Premium,5582.56
485,Lucas Nguyen,lucas.nguyen.485@example.com,France,2024-08-29,Basic,0.00
486,Mia Dubois,mia.dubois.486@example.com,Japan,2024-11-19,Basic,196.81
487,Mateo Thompson,mateo.thompson.487@example.com,United States,2024-04-29,Standard,440.16
488,Mia Dubois,mia.dubois.488@example.com,Canada,2024-12-13,Premium,2467.20
489,Mateo Dubois,mateo.dubois.489@example.com,United States,2024-08-21,Basic,0.00
490,Isabella Anderson,isabella.anderson.490@example.com,United States,2024-10-01,Basic,39.58
491,Mia Kim,mia.kim.491@example.com,United States,2024-07-22,Standard,910.09
492,Lucas Wilson,lucas.wilson.492@example.com,Germany,2024-10-09,Premium,1143.63
493,Priya Williams,priya.williams.493@example.com,Australia,2024-04-09,Basic,0.00
494,Lucas Nakamura,lucas.nakamura.494@example.com,France,2024-06-17,Basic,19.31
495,Samuel Taylor,samuel.taylor.495@example.com,United Arab Emirates,2024-12-27,Standard,895.76
496,Olivia Khan,olivia.khan.496@example.com,Japan,2024-05-19,Premium,1820.08
497,Leo Thompson,leo.thompson.497@example.com,Singapore,2024-08-10,Basic,0.00
498,Noah Ahmed,noah.ahmed.498@example.com,Canada,2024-03-05,Basic,78.47
499,Lucas Ahmed,lucas.ahmed.499@example.com,India,2024-04-10,Standard,846.04
500,Aisha Rossi,aisha.rossi.500@example.com,United States,2024-04-29,Premium,3654.86
501,Ava Khan,ava.khan.501@example.com,United States,2024-06-07,Basic,0.00
502,Noah Nakamura,noah.nakamura.502@example.com,United States,2024-08-03,Basic,104.04
503,Priya Khan,priya.khan.503@example.com,Germany,2024-08-07,Standard,931.23
504,Nora Ahmed,nora.ahmed.504@example.com,India,2024-12-22,Premium,3194.81
505,Liam Bennett,liam.bennett.505@example.com,Australia,2024-08-09,Basic,0.00
506,Hugo Clarke,hugo.clarke.506@example.com,Japan,2024-05-01,Basic,255.05
507,Hugo Rossi,hugo.rossi.507@example.com,Singapore,2024-07-29,Standard,692.55
508,Omar Martin,omar.martin.508@example.com,Germany,2025-01-18,Premium,3122.23
509,Olivia Wilson,olivia.wilson.509@example.com,United States,2024-08-16,Basic,0.00
510,Noah Martin,noah.martin.510@example.com,United Arab Emirates,2024-05-20,Basic,268.64
511,Arjun Anderson,arjun.anderson.511@example.com,Australia,2024-06-17,Standard,661.16
512,Zoe Taylor,zoe.taylor.512@example.com,Singapore,2024-02-11,Premium,2188.95
513,Daniel Bennett,daniel.bennett.513@example.com,Japan,2024-04-08,Basic,0.00
514,Zoe Martin,zoe.martin.514@example.com,United Arab Emirates,2024-02-05,Basic,161.54
515,Arjun Patel,arjun.patel.515@example.com,United Arab Emirates,2024-07-06,Standard,749.53
516,Priya Patel,priya.patel.516@example.com,India,2024-08-11,Premium,2698.17
517,Omar Nakamura,omar.nakamura.517@example.com,Germany,2024-05-22,Basic,0.00
518,Nora Wilson,nora.wilson.518@example.com,Singapore,2024-12-16,Basic,86.76
519,Chloe Rossi,chloe.rossi.519@example.com,United Kingdom,2024-02-04,Standard,997.60
520,Aisha Kim,aisha.kim.520@example.com,Singapore,2024-12-28,Premium,3963.44
521,Mateo Clarke,mateo.clarke.521@example.com,Germany,2024-07-02,Basic,0.00
522,Daniel Williams,daniel.williams.522@example.com,Japan,2024-03-04,Basic,148.98
523,Isabella Patel,isabella.patel.523@example.com,France,2024-06-21,Standard,879.34
524,Mia Wilson,mia.wilson.524@example.com,Australia,2024-04-17,Premium,5722.43
525,Aisha Anderson,aisha.anderson.525@example.com,United States,2024-12-04,Basic,0.00
526,Chloe Santos,chloe.santos.526@example.com,Canada,2024-02-14,Basic,235.65
527,Zoe Thompson,zoe.thompson.527@example.com,Germany,2024-06-12,Standard,999.33
528,Leo Dubois,leo.dubois.528@example.com,India,2024-02-19,Premium,4051.66
529,Hana Rossi,hana.rossi.529@example.com,Australia,2024-07-25,Basic,0.00
530,Samuel Anderson,samuel.anderson.530@example.com,Singapore,2024-12-23,Basic,22.95
531,Hugo Kim,hugo.kim.531@example.com,Singapore,2024-07-03,Standard,439.57
532,Ethan Nguyen,ethan.nguyen.532@example.com,Canada,2024-06-30,Premium,2501.41
533,Liam Thompson,liam.thompson.533@example.com,Canada,2024-06-12,Basic,0.00
534,Samuel Nguyen,samuel.nguyen.534@example.com,Canada,2025-01-14,Basic,157.25
535,Isabella Garcia,isabella.garcia.535@example.com,Australia,2024-07-31,Standard,670.56
536,Arjun Wilson,arjun.wilson.536@example.com,India,2024-07-19,Premium,2943.84
537,Omar Patel,omar.patel.537@example.com,United Arab Emirates,2024-06-30,Basic,0.00
538,Nora Williams,,Japan,2024-02-28,Basic,729.27
539,Zoe Rossi,zoe.rossi.539@example.com,United Arab Emirates,2024-12-14,Standard,866.86
540,Olivia Thompson,olivia.thompson.540@example.com,Australia,2024-10-14,Premium,4298.12
5588,Liam Dubois,liam.dubois.541@example.com,Singapore,2024-07-02,Premium,4391.34
542,Leo Singh,leo.singh.542@example.com,Canada,2024-04-11,Basic,291.45
543,Ava Santos,ava.santos.543@example.com,India,2024-11-18,Standard,743.09
544,Nora Chen,nora.chen.544@example.com,France,2024-05-03,Premium,3515.46
545,Olivia Thompson,olivia.thompson.545@example.com,France,2024-12-20,Basic,0.00
546,Ethan Santos,ethan.santos.546@example.com,United States,2024-02-03,Basic,11.22
547,Nora Patel,nora.patel.547@example.com,Australia,2024-04-27,Standard,833.63
548,Hana Martin,hana.martin.548@example.com,Japan,2024-03-17,Premium,3019.95
549,Sofia Clarke,sofia.clarke.549@example.com,India,2024-12-21,Basic,0.00
550,Leo Dubois,leo.dubois.550@example.com,India,2024-10-02,Basic,183.91
551,Chloe Bennett,chloe.bennett.551@example.com,United States,2024-10-31,Standard,636.03
552,Ava Kim,ava.kim.552@example.com,United States,2024-07-14,Premium,2280.46
553,Aisha Khan,aisha.khan.553@example.com,United States,2025-01-12,Basic,0.00
554,Amelia Anderson,amelia.anderson.554@example.com,Australia,2025-01-21,Basic,57.33
555,Omar Wilson,omar.wilson.555@example.com,Canada,2024-03-24,Standard,971.57
556,Chloe Ahmed,chloe.ahmed.556@example.com,United Arab Emirates,2024-07-06,Premium,4228.87
557,Ethan Garcia,ethan.garcia.557@example.com,United States,2024-07-02,Basic,0.00
558,Lucas Nakamura,lucas.nakamura.558@example.com,Singapore,2024-12-02,Basic,171.37
559,Aisha Santos,aisha.santos.559@example.com,India,2025-01-17,Standard,489.42
560,Sofia Santos,sofia.santos.560@example.com,Japan,2024-08-02,Premium,3345.27
561,Ava Martin,ava.martin.561@example.com,India,2024-02-10,Basic,0.00
562,Arjun Anderson,arjun.anderson.562@example.com,Canada,2024-05-19,Basic,235.65
563,Samuel Bennett,samuel.bennett.563@example.com,United Arab Emirates,2024-10-16,Standard,946.44
564,Ethan Williams,ethan.williams.564@example.com,France,2025-01-30,Premium,4110.24
565,Zoe Singh,zoe.singh.565@example.com,India,2024-12-24,Basic,0.00
566,Mia Nguyen,,United Arab Emirates,2024-02-25,Basic,430.10
567,Mateo Singh,mateo.singh.567@example.com,United Kingdom,2024-12-31,Standard,891.97
568,Amelia Singh,amelia.singh.568@example.com,United Kingdom,2024-09-01,Premium,3431.40
569,Nora Dubois,nora.dubois.569@example.com,United Kingdom,2024-11-07,Basic,0.00
570,Mia Thompson,mia.thompson.570@example.com,Canada,2024-05-16,Basic,15.72
571,Priya Bennett,priya.bennett.571@example.com,Germany,2024-09-03,Standard,636.71
572,Daniel Williams,daniel.williams.572@example.com,Singapore,2024-06-18,Premium,4199.25
573,Mateo Clarke,mateo.clarke.573@example.com,Canada,2024-09-02,Basic,0.00
574,Liam Ahmed,liam.ahmed.574@example.com,United Arab Emirates,2024-04-01,Basic,278.18
575,Lucas Williams,lucas.williams.575@example.com,United Kingdom,2024-10-12,Standard,745.98
576,Ava Clarke,ava.clarke.576@example.com,Australia,2024-06-14,Premium,2124.34
577,Aisha Khan,aisha.khan.577@example.com,France,2025-01-26,Basic,0.00
578,Leo Wilson,leo.wilson.578@example.com,Canada,2024-02-21,Basic,145.96
579,Oliver Thompson,oliver.thompson.579@example.com,Australia,2025-01-18,Standard,809.29
580,Hugo Santos,hugo.santos.580@example.com,Australia,2024-02-02,Premium,4206.49
581,Amelia Garcia,amelia.garcia.581@example.com,United Kingdom,2024-11-20,Basic,0.00
582,Daniel Thompson,daniel.thompson.582@example.com,Canada,2024-03-18,Basic,82.83
583,Aisha Garcia,aisha.garcia.583@example.com,United Kingdom,2024-06-11,Standard,248.28
584,Zoe Anderson,zoe.anderson.584@example.com,Japan,2024-07-01,Premium,2511.62
585,Mia Nakamura,mia.nakamura.585@example.com,United States,2024-03-23,Basic,0.00
586,Ethan Singh,ethan.singh.586@example.com,Germany,2024-08-03,Basic,183.44
587,Daniel Santos,daniel.santos.587@example.com,India,2024-03-31,Standard,890.11
588,Liam Singh,liam.singh.588@example.com,United States,2024-04-11,Premium,2428.07
589,Daniel Martin,daniel.martin.589@example.com,France,2024-08-02,Basic,0.00
590,Nora Clarke,nora.clarke.590@example.com,Germany,2024-03-19,Basic,193.12
591,Omar Santos,omar.santos.591@example.com,Canada,2024-03-30,Standard,995.37
592,Chloe Dubois,chloe.dubois.592@example.com,Japan,2024-06-19,Premium,2192.54
593,Chloe Thompson,chloe.thompson.593@example.com,India,2024-12-29,Basic,0.00
594,Ethan Williams,ethan.williams.594@example.com,Canada,2025-01-22,Basic,90.24
595,Samuel Singh,samuel.singh.595@example.com,Canada,2024-03-25,Standard,968.15
596,Leo Rossi,leo.rossi.596@example.com,Japan,2024-11-18,Premium,3545.26
597,Daniel Nakamura,daniel.nakamura.597@example.com,Canada,2024-12-09,Basic,0.00
598,Chloe Kim,chloe.kim.598@example.com,United Arab Emirates,2024-02-15,Basic,237.25
599,Daniel Chen,daniel.chen.599@example.com,Japan,2024-10-07,Standard,811.66
600,Liam Taylor,liam.taylor.600@example.com,Japan,2024-02-24,Premium,3236.83
601,Olivia Patel,olivia.patel.601@example.com,France,2024-02-07,Basic,0.00
602,Priya Ahmed,priya.ahmed.602@example.com,United Arab Emirates,2024-11-16,Basic,135.46
603,Arjun Santos,arjun.santos.603@example.com,Singapore,2024-10-25,Standard,937.39
604,Priya Clarke,priya.clarke.604@example.com,United Kingdom,2024-09-09,Premium,1883.75
605,Daniel Anderson,daniel.anderson.605@example.com,Japan,2024-07-27,Basic,0.00
606,Daniel Dubois,daniel.dubois.606@example.com,Canada,2024-11-12,Basic,74.13
607,Mateo Singh,mateo.singh.607@example.com,United States,2024-12-26,Standard,966.70
608,Ethan Ahmed,ethan.ahmed.608@example.com,Japan,2024-10-11,Premium,4337.46
609,Ethan Garcia,ethan.garcia.609@example.com,Japan,2024-07-14,Basic,0.00
610,Arjun Santos,arjun.santos.610@example.com,Germany,2024-02-26,Basic,264.69
611,Aisha Anderson,aisha.anderson.611@example.com,Singapore,2024-12-26,Standard,966.55
612,Chloe Dubois,chloe.dubois.612@example.com,Australia,2024-03-12,Premium,2697.01
613,Nora Nakamura,nora.nakamura.613@example.com,United Arab Emirates,2024-09-17,Basic,0.00
614,Olivia Thompson,olivia.thompson.614@example.com,Japan,2024-07-11,Basic,255.47
615,Liam Thompson,liam.thompson.615@example.com,United States,2024-03-24,Standard,538.18
616,Chloe Taylor,chloe.taylor.616@example.com,United States,2024-11-12,Premium,2168.09
617,Oliver Bennett,oliver.bennett.617@example.com,United Kingdom,2024-12-06,Basic,0.00
618,Mateo Wilson,mateo.wilson.618@example.com,Singapore,2024-11-14,Basic,256.31
619,Ava Nakamura,ava.nakamura.619@example.com,France,2024-08-05,Standard,991.07
620,Noah Anderson,noah.anderson.620@example.com,Japan,2024-07-19,Premium,3177.05
621,Oliver Clarke,oliver.clarke.621@example.com,United Arab Emirates,2024-09-30,Basic,0.00
622,Priya Kim,priya.kim.622@example.com,Japan,2024-03-30,Basic,77.61
623,Liam Anderson,liam.anderson.623@example.com,United States,2024-07-24,Standard,224.94
624,Omar Wilson,omar.wilson.624@example.com,Singapore,2024-10-25,Premium,5882.91
625,Omar Williams,omar.williams.625@example.com,United States,2024-04-25,Basic,0.00
626,Hugo Chen,hugo.chen.626@example.com,India,2024-03-26,Basic,82.83
627,Mia Clarke,mia.clarke.627@example.com,Australia,2024-05-07,Standard,947.12
628,Liam Dubois,liam.dubois.628@example.com,Australia,2024-09-22,Premium,5123.84
629,Ava Santos,ava.santos.629@example.com,United Kingdom,2024-08-31,Basic,0.00
630,Noah Rossi,noah.rossi.630@example.com,United Kingdom,2024-09-18,Basic,281.18
631,Nora Rossi,nora.rossi.631@example.com,Singapore,2024-04-09,Standard,374.56
632,Hugo Bennett,hugo.bennett.632@example.com,Singapore,2024-02-25,Premium,6629.00
633,Oliver Taylor,oliver.taylor.633@example.com,United Arab Emirates,2024-10-05,Basic,0.00
634,Aisha Martin,aisha.martin.634@example.com,United Arab Emirates,2024-04-29,Basic,185.76
635,Samuel Chen,samuel.chen.635@example.com,United Kingdom,2024-08-17,Standard,876.34
636,Daniel Clarke,daniel.clarke.636@example.com,United Arab Emirates,2024-07-14,Premium,5755.20
637,Aisha Dubois,aisha.dubois.637@example.com,India,2024-12-08,Basic,0.00
638,Priya Anderson,priya.anderson.638@example.com,Germany,2024-08-22,Basic,216.49
639,Isabella Wilson,isabella.wilson.639@example.com,Japan,2024-04-09,Standard,816.41
640,Sofia Taylor,sofia.taylor.640@example.com,United Arab Emirates,2025-01-24,Premium,1263.12
641,Samuel Ahmed,samuel.ahmed.641@example.com,Germany,2025-01-25,Basic,0.00
642,Oliver Santos,oliver.santos.642@example.com,Singapore,2024-12-20,Basic,281.72
643,Ava Khan,ava.khan.643@example.com,Australia,2024-12-16,Standard,955.76
644,Priya Wilson,priya.wilson.644@example.com,France,2025-01-10,Premium,2439.83
645,Sofia Martin,sofia.martin.645@example.com,Singapore,2024-11-04,Basic,0.00
646,Priya Santos,priya.santos.646@example.com,United Kingdom,2024-07-30,Basic,67.19
647,Oliver Thompson,oliver.thompson.647@example.com,United Arab Emirates,2024-11-19,Standard,962.32
648,Daniel Taylor,daniel.taylor.648@example.com,Singapore,2024-06-26,Premium,4063.13
649,Leo Bennett,leo.bennett.649@example.com,Singapore,2024-03-26,Basic,0.00
650,Amelia Dubois,amelia.dubois.650@example.com,Canada,2024-02-28,Basic,157.85
651,Daniel Singh,daniel.singh.651@example.com,Australia,2024-06-16,Standard,887.26
652,Ethan Wilson,ethan.wilson.652@example.com,Germany,2024-04-15,Premium,5181.12
653,Noah Wilson,noah.wilson.653@example.com,Australia,2024-11-04,Basic,0.00
654,Noah Kim,noah.kim.654@example.com,Japan,2024-03-24,Basic,29.59
655,Mateo Nguyen,mateo.nguyen.655@example.com,Australia,2024-12-28,Standard,869.91
656,Oliver Dubois,oliver.dubois.656@example.com,Australia,2024-10-19,Premium,4805.61
657,Priya Wilson,priya.wilson.657@example.com,United States,2024-08-14,Basic,0.00
658,Chloe Taylor,chloe.taylor.658@example.com,France,2024-11-09,Basic,160.69
659,Noah Bennett,noah.bennett.659@example.com,Germany,2024-05-14,Standard,989.59
660,Mateo Nakamura,mateo.nakamura.660@example.com,Australia,2024-12-21,Premium,5179.30
661,Priya Kim,priya.kim.661@example.com,United Arab Emirates,2024-11-06,Basic,0.00
662,Samuel Clarke,samuel.clarke.662@example.com,Australia,2024-05-10,Basic,112.63
663,Lucas Nakamura,lucas.nakamura.663@example.com,Canada,2025-01-15,Standard,731.13
664,Olivia Martin,olivia.martin.664@example.com,Canada,2024-10-21,Premium,2743.99
665,Liam Dubois,liam.dubois.665@example.com,United States,2024-09-07,Basic,0.00
666,Mia Nguyen,mia.nguyen.666@example.com,Germany,2024-04-07,Basic,73.08
667,Ethan Rossi,ethan.rossi.667@example.com,Germany,2024-02-03,Standard,826.17
668,Isabella Nakamura,isabella.nakamura.668@example.com,Canada,2024-02-21,Premium,1477.81
669,Sofia Santos,sofia.santos.669@example.com,United Arab Emirates,2024-02-27,Basic,0.00
670,Zoe Clarke,zoe.clarke.670@example.com,Germany,2024-10-09,Basic,173.88
671,Hana Nguyen,hana.nguyen.671@example.com,France,2024-03-09,Standard,908.33
672,Priya Santos,priya.santos.672@example.com,Singapore,2024-05-23,Premium,3841.80
673,Ethan Ahmed,ethan.ahmed.673@example.com,United Kingdom,2024-10-16,Basic,0.00
674,Ethan Taylor,ethan.taylor.674@example.com,Singapore,2024-11-01,Basic,287.06
675,Chloe Garcia,chloe.garcia.675@example.com,France,2024-05-24,Standard,943.83
676,Ava Santos,ava.santos.676@example.com,France,2024-08-03,Premium,1264.93
677,Lucas Khan,lucas.khan.677@example.com,United Arab Emirates,2024-10-29,Basic,0.00
678,Hugo Nguyen,hugo.nguyen.678@example.com,United States,2024-03-30,Basic,139.61
679,Daniel Kim,daniel.kim.679@example.com,Japan,2024-06-03,Standard,866.41
680,Zoe Clarke,zoe.clarke.680@example.com,United Arab Emirates,2024-06-04,Premium,3375.19
681,Noah Santos,noah.santos.681@example.com,India,2024-03-30,Basic,0.00
682,Chloe Patel,chloe.patel.682@example.com,Singapore,2024-06-24,Basic,159.98
683,Amelia Ahmed,amelia.ahmed.683@example.com,France,2024-10-21,Standard,945.28
684,Aisha Nakamura,aisha.nakamura.684@example.com,Japan,2024-02-23,Premium,2648.77
685,Lucas Khan,lucas.khan.685@example.com,France,2024-10-21,Basic,0.00
686,Olivia Williams,olivia.williams.686@example.com,Canada,2024-11-02,Basic,112.48
687,Oliver Bennett,oliver.bennett.687@example.com,United Kingdom,2024-05-18,Standard,897.79
688,Daniel Khan,daniel.khan.688@example.com,India,2024-03-25,Premium,3227.17
689,Ava Nguyen,ava.nguyen.689@example.com,India,2024-12-28,Basic,0.00
690,Olivia Chen,olivia.chen.690@example.com,United States,2024-09-23,Basic,67.86
691,Priya Santos,priya.santos.691@example.com,United States,2024-03-16,Standard,986.88
692,Olivia Singh,olivia.singh.692@example.com,Canada,2024-06-08,Premium,1775.04
693,Oliver Garcia,oliver.garcia.693@example.com,United Arab Emirates,2024-05-27,Basic,0.00
694,Mia Taylor,mia.taylor.694@example.com,India,2024-09-18,Basic,184.83
695,Zoe Dubois,zoe.dubois.695@example.com,India,2024-07-11,Standard,966.07
696,Amelia Dubois,amelia.dubois.696@example.com,United Kingdom,2024-10-31,Premium,2636.02
697,Amelia Clarke,amelia.clarke.697@example.com,United Kingdom,2024-11-26,Basic,0.00
698,Noah Garcia,noah.garcia.698@example.com,France,2024-10-15,Basic,139.61
699,Liam Wilson,liam.wilson.699@example.com,Germany,2024-12-07,Standard,195.80
700,Olivia Wilson,olivia.wilson.700@example.com,Japan,2024-08-14,Premium,3364.08
701,Chloe Bennett,chloe.bennett.701@example.com,Japan,2024-04-21,Basic,0.00
702,Oliver Anderson,oliver.anderson.702@example.com,Canada,2024-08-19,Basic,175.15
703,Oliver Wilson,oliver.wilson.703@example.com,Canada,2024-07-02,Standard,912.76
704,Daniel Kim,daniel.kim.704@example.com,United States,2024-11-10,Premium,6288.91
705,Oliver Chen,oliver.chen.705@example.com,United Kingdom,2024-02-22,Basic,0.00
706,Amelia Rossi,amelia.rossi.706@example.com,United Arab Emirates,2024-08-20,Basic,106.67
707,Oliver Nguyen,oliver.nguyen.707@example.com,United Kingdom,2024-07-06,Standard,801.56
708,Ava Kim,ava.kim.708@example.com,Australia,2024-08-30,Premium,5352.88
709,Zoe Ahmed,zoe.ahmed.709@example.com,Canada,2024-04-23,Basic,0.00
710,Ethan Anderson,ethan.anderson.710@example.com,United Arab Emirates,2024-06-09,Basic,264.23
711,Ava Williams,ava.williams.711@example.com,Canada,2025-01-09,Standard,951.34
712,Hana Singh,hana.singh.712@example.com,Singapore,2024-09-24,Premium,6000.95
713,Zoe Nguyen,zoe.nguyen.713@example.com,United Kingdom,2024-06-28,Basic,0.00
714,Daniel Garcia,daniel.garcia.714@example.com,Germany,2024-03-22,Basic,50.50
715,Ava Rossi,ava.rossi.715@example.com,Japan,2024-07-19,Standard,917.52
716,Omar Chen,omar.chen.716@example.com,Australia,2024-03-23,Premium,1968.67
717,Lucas Clarke,lucas.clarke.717@example.com,United Kingdom,2024-05-10,Basic,0.00
718,Isabella Thompson,isabella.thompson.718@example.com,Japan,2024-07-18,Basic,137.44
719,Mateo Wilson,mateo.wilson.719@example.com,United Arab Emirates,2024-04-19,Standard,940.50
720,Hana Rossi,hana.rossi.720@example.com,France,2024-07-11,Premium,2222.31
721,Leo Martin,leo.martin.721@example.com,United States,2024-07-10,Basic,0.00
722,Arjun Anderson,arjun.anderson.722@example.com,India,2024-06-21,Basic,50.75
723,Omar Chen,omar.chen.723@example.com,France,2024-10-03,Standard,718.77
724,Nora Nakamura,nora.nakamura.724@example.com,France,2024-07-06,Premium,3271.54
725,Hugo Nguyen,hugo.nguyen.725@example.com,United Kingdom,2024-04-30,Basic,0.00
726,Zoe Clarke,zoe.clarke.726@example.com,United Kingdom,2024-06-23,Basic,115.14
727,Sofia Nguyen,sofia.nguyen.727@example.com,Australia,2024-06-14,Standard,986.49
728,Samuel Garcia,samuel.garcia.728@example.com,United Kingdom,2024-02-10,Premium,3773.68
729,Aisha Bennett,aisha.bennett.729@example.com,United Arab Emirates,2024-11-23,Basic,0.00
730,Chloe Rossi,chloe.rossi.730@example.com,Australia,2024-02-19,Basic,289.09
731,Oliver Patel,oliver.patel.731@example.com,Singapore,2024-11-03,Standard,529.44
732,Hugo Chen,hugo.chen.732@example.com,France,2024-08-19,Premium,4177.96
733,Arjun Rossi,arjun.rossi.733@example.com,Germany,2024-04-09,Basic,0.00
734,Nora Ahmed,nora.ahmed.734@example.com,Singapore,2024-03-18,Basic,197.17
735,Chloe Kim,chloe.kim.735@example.com,Singapore,2024-02-06,Standard,570.29
736,Daniel Anderson,daniel.anderson.736@example.com,United Arab Emirates,2025-01-16,Premium,2933.57
737,Ethan Ahmed,ethan.ahmed.737@example.com,Canada,2024-09-16,Basic,0.00
738,Ethan Martin,ethan.martin.738@example.com,United Arab Emirates,2024-11-16,Basic,13.49
739,Daniel Chen,daniel.chen.739@example.com,Japan,2024-08-02,Standard,703.79
740,Noah Anderson,noah.anderson.740@example.com,Japan,2024-05-29,Premium,4895.23
741,Olivia Patel,olivia.patel.741@example.com,France,2024-05-30,Basic,0.00
742,Noah Khan,noah.khan.742@example.com,Singapore,2024-08-03,Basic,210.76
743,Chloe Thompson,chloe.thompson.743@example.com,Japan,2024-02-24,Standard,958.98
744,Noah Santos,noah.santos.744@example.com,United Kingdom,2025-01-26,Premium,2247.82
745,Aisha Patel,aisha.patel.745@example.com,Germany,2024-11-23,Basic,0.00
746,Oliver Rossi,oliver.rossi.746@example.com,Canada,2024-08-11,Basic,243.62
747,Zoe Dubois,zoe.dubois.747@example.com,France,2024-11-27,Standard,933.71
748,Zoe Garcia,zoe.garcia.748@example.com,Singapore,2024-06-08,Premium,3216.49
749,Chloe Anderson,chloe.anderson.749@example.com,Singapore,2024-08-26,Basic,0.00
750,Omar Kim,omar.kim.750@example.com,Japan,2024-10-04,Basic,67.30
751,Mateo Bennett,mateo.bennett.751@example.com,Singapore,2024-04-12,Standard,653.31
752,Nora Martin,nora.martin.752@example.com,Australia,2024-03-11,Premium,2475.04
753,Aisha Patel,aisha.patel.753@example.com,Australia,2024-04-17,Basic,0.00
754,Ethan Martin,ethan.martin.754@example.com,France,2024-12-05,Basic,27.74
755,Priya Williams,priya.williams.755@example.com,Australia,2024-08-31,Standard,542.01
756,Isabella Williams,isabella.williams.756@example.com,Japan,2025-01-11,Premium,3714.52
757,Hugo Thompson,hugo.thompson.757@example.com,Australia,2024-11-29,Basic,0.00
758,Ethan Taylor,ethan.taylor.758@example.com,United States,2024-06-04,Basic,68.28
759,Noah Chen,noah.chen.759@example.com,United Arab Emirates,2024-11-30,Standard,846.20
760,Ethan Chen,ethan.chen.760@example.com,Singapore,2024-02-21,Premium,2042.87
761,Hana Chen,hana.chen.761@example.com,United States,2024-04-26,Basic,0.00
762,Mia Martin,mia.martin.762@example.com,Singapore,2024-08-26,Basic,15.41
763,Mateo Rossi,mateo.rossi.763@example.com,United States,2025-01-04,Standard,985.02
764,Lucas Garcia,lucas.garcia.764@example.com,Australia,2024-09-17,Premium,5365.56
765,Mateo Thompson,mateo.thompson.765@example.com,Japan,2024-04-28,Basic,0.00
766,Arjun Taylor,arjun.taylor.766@example.com,United Arab Emirates,2024-04-14,Basic,33.05
767,Hana Martin,hana.martin.767@example.com,United Arab Emirates,2025-01-03,Standard,995.91
768,Aisha Patel,aisha.patel.768@example.com,Canada,2025-01-17,Premium,2224.69
769,Isabella Nakamura,isabella.nakamura.769@example.com,United Arab Emirates,2024-11-29,Basic,0.00
770,Olivia Anderson,olivia.anderson.770@example.com,India,2024-08-16,Basic,235.65
771,Sofia Williams,sofia.williams.771@example.com,United States,2024-05-14,Standard,992.50
772,Aisha Ahmed,aisha.ahmed.772@example.com,India,2024-04-17,Premium,2820.57
773,Mateo Williams,mateo.williams.773@example.com,Canada,2024-10-01,Basic,0.00
774,Mateo Clarke,mateo.clarke.774@example.com,United States,2024-10-30,Basic,157.45
775,Aisha Williams,aisha.williams.775@example.com,United Kingdom,2024-10-04,Standard,998.46
776,Daniel Chen,daniel.chen.776@example.com,United Arab Emirates,2024-11-03,Premium,6300.87
777,Amelia Taylor,amelia.taylor.777@example.com,Singapore,2024-09-03,Basic,0.00
778,Omar Singh,omar.singh.778@example.com,Singapore,2024-09-07,Basic,104.73
779,Arjun Thompson,arjun.thompson.779@example.com,India,2024-07-29,Standard,935.02
780,Hana Rossi,hana.rossi.780@example.com,United Kingdom,2024-09-05,Premium,2512.00
781,Sofia Patel,sofia.patel.781@example.com,Japan,2024-05-30,Basic,0.00
782,Olivia Wilson,olivia.wilson.782@example.com,United Arab Emirates,2024-11-05,Basic,186.54
783,Leo Patel,leo.patel.783@example.com,Australia,2024-02-03,Standard,843.90
784,Priya Bennett,priya.bennett.784@example.com,United Arab Emirates,2024-10-25,Premium,2709.55
785,Liam Ahmed,liam.ahmed.785@example.com,United States,2024-08-11,Basic,0.00
786,Zoe Khan,zoe.khan.786@example.com,France,2024-08-28,Basic,268.64
787,Omar Williams,omar.williams.787@example.com,Canada,2024-09-06,Standard,616.61
788,Zoe Rossi,zoe.rossi.788@example.com,Germany,2024-06-13,Premium,4320.14
789,Oliver Taylor,oliver.taylor.789@example.com,United Arab Emirates,2024-08-06,Basic,0.00
790,Mateo Patel,mateo.patel.790@example.com,India,2024-05-15,Basic,275.57
791,Leo Nguyen,leo.nguyen.791@example.com,Singapore,2024-10-05,Standard,981.38
792,Ethan Kim,ethan.kim.792@example.com,Singapore,2024-11-11,Premium,4060.25
793,Hugo Patel,hugo.patel.793@example.com,Germany,2024-11-22,Basic,0.00
794,Omar Dubois,omar.dubois.794@example.com,Canada,2025-01-03,Basic,164.24
795,Liam Anderson,liam.anderson.795@example.com,Japan,2025-01-24,Standard,991.31
796,Ethan Williams,ethan.williams.796@example.com,Australia,2024-10-18,Premium,5632.02
797,Chloe Santos,chloe.santos.797@example.com,Singapore,2024-12-11,Basic,0.00
798,Priya Singh,priya.singh.798@example.com,Canada,2024-08-18,Basic,39.58
799,Zoe Bennett,zoe.bennett.799@example.com,United Kingdom,2024-04-15,Standard,704.31
800,Hugo Clarke,hugo.clarke.800@example.com,India,2024-03-17,Premium,3405.19
801,Olivia Patel,olivia.patel.801@example.com,Australia,2024-08-08,Basic,0.00
802,Olivia Clarke,olivia.clarke.802@example.com,United States,2024-08-15,Basic,50.50
803,Chloe Clarke,chloe.clarke.803@example.com,Singapore,2024-06-26,Standard,966.53
804,Priya Clarke,priya.clarke.804@example.com,United States,2024-04-30,Premium,4057.43
805,Zoe Thompson,zoe.thompson.805@example.com,Japan,2024-02-06,Basic,0.00
806,Ava Ahmed,ava.ahmed.806@example.com,Germany,2024-05-10,Basic,110.72
807,Noah Clarke,noah.clarke.807@example.com,Singapore,2024-10-22,Standard,673.32
808,Priya Anderson,priya.anderson.808@example.com,United Arab Emirates,2024-04-27,Premium,2088.14
809,Daniel Singh,daniel.singh.809@example.com,France,2024-06-02,Basic,0.00
810,Zoe Bennett,zoe.bennett.810@example.com,Canada,2024-03-16,Basic,47.88
811,Mia Dubois,mia.dubois.811@example.com,France,2025-01-08,Standard,879.72
812,Chloe Dubois,chloe.dubois.812@example.com,United Arab Emirates,2024-05-13,Premium,3304.08
813,Aisha Bennett,aisha.bennett.813@example.com,United Kingdom,2024-03-18,Basic,0.00
814,Oliver Wilson,oliver.wilson.814@example.com,Singapore,2024-11-25,Basic,155.83
815,Omar Kim,omar.kim.815@example.com,Germany,2024-05-26,Standard,810.70
816,Mateo Khan,mateo.khan.816@example.com,Japan,2024-08-25,Premium,3251.97
817,Hana Bennett,hana.bennett.817@example.com,Germany,2024-04-30,Basic,0.00
818,Leo Ahmed,,United Kingdom,2024-11-13,Basic,964.92
819,Olivia Ahmed,olivia.ahmed.819@example.com,Germany,2024-07-24,Standard,667.15
820,Liam Ahmed,liam.ahmed.820@example.com,Germany,2024-11-02,Premium,3250.12
821,Hana Patel,hana.patel.821@example.com,Japan,2024-08-12,Basic,0.00
822,Hana Thompson,hana.thompson.822@example.com,Australia,2024-07-23,Basic,269.47
823,Nora Nakamura,nora.nakamura.823@example.com,United Arab Emirates,2024-02-15,Standard,588.67
824,Hugo Williams,hugo.williams.824@example.com,Germany,2024-03-06,Premium,5322.99
825,Chloe Anderson,chloe.anderson.825@example.com,Australia,2024-07-11,Basic,0.00
826,Leo Kim,leo.kim.826@example.com,Singapore,2024-11-01,Basic,264.10
827,Amelia Patel,amelia.patel.827@example.com,Australia,2024-06-27,Standard,809.06
828,Olivia Dubois,olivia.dubois.828@example.com,France,2024-03-10,Premium,2502.16
829,Oliver Martin,oliver.martin.829@example.com,Japan,2024-07-10,Basic,0.00
830,Omar Khan,omar.khan.830@example.com,United Arab Emirates,2024-06-17,Basic,191.91
831,Ethan Khan,ethan.khan.831@example.com,Japan,2024-05-13,Standard,966.11
832,Arjun Anderson,arjun.anderson.832@example.com,Germany,2024-05-16,Premium,2141.64
833,Arjun Khan,arjun.khan.833@example.com,Australia,2024-12-13,Basic,0.00
834,Omar Chen,omar.chen.834@example.com,United Kingdom,2024-04-02,Basic,102.83
835,Olivia Thompson,olivia.thompson.835@example.com,United Arab Emirates,2024-02-04,Standard,963.45
836,Oliver Singh,oliver.singh.836@example.com,Japan,2024-08-09,Premium,3343.84
837,Mateo Santos,mateo.santos.837@example.com,Japan,2024-11-21,Basic,0.00
838,Mia Thompson,mia.thompson.838@example.com,Canada,2024-10-19,Basic,51.16
839,Mia Dubois,mia.dubois.839@example.com,Australia,2024-11-22,Standard,834.80
840,Sofia Singh,sofia.singh.840@example.com,Singapore,2024-09-04,Premium,4847.61
841,Hugo Nguyen,hugo.nguyen.841@example.com,United States,2024-10-15,Basic,0.00
842,Omar Dubois,omar.dubois.842@example.com,Canada,2024-09-22,Basic,288.46
843,Liam Ahmed,liam.ahmed.843@example.com,Japan,2024-07-11,Standard,940.51
844,Priya Bennett,priya.bennett.844@example.com,United States,2025-01-11,Premium,2025.10
845,Ava Dubois,ava.dubois.845@example.com,United Arab Emirates,2024-03-23,Basic,0.00
846,Isabella Kim,isabella.kim.846@example.com,United Arab Emirates,2024-06-12,Basic,28.91
847,Ethan Nguyen,ethan.nguyen.847@example.com,Germany,2024-06-01,Standard,889.50
848,Mia Thompson,mia.thompson.848@example.com,United Arab Emirates,2024-07-25,Premium,4010.02
849,Omar Martin,omar.martin.849@example.com,Japan,2024-09-05,Basic,0.00
850,Ava Taylor,ava.taylor.850@example.com,France,2024-08-05,Basic,162.73
851,Chloe Patel,chloe.patel.851@example.com,Japan,2024-05-03,Standard,991.57
852,Hana Chen,hana.chen.852@example.com,United Arab Emirates,2025-01-17,Premium,3232.49
853,Arjun Williams,arjun.williams.853@example.com,Germany,2024-05-31,Basic,0.00
854,Oliver Taylor,oliver.taylor.854@example.com,India,2024-05-11,Basic,232.40
855,Sofia Chen,sofia.chen.855@example.com,Japan,2024-02-05,Standard,766.29
856,Ethan Taylor,ethan.taylor.856@example.com,Japan,2024-04-09,Premium,2559.12
857,Zoe Ahmed,zoe.ahmed.857@example.com,Singapore,2024-07-11,Basic,0.00
858,Hugo Wilson,hugo.wilson.858@example.com,Germany,2024-11-14,Basic,251.13
859,Hana Singh,hana.singh.859@example.com,India,2024-03-22,Standard,902.53
860,Priya Martin,priya.martin.860@example.com,United States,2024-05-21,Premium,4533.71
861,Mia Thompson,mia.thompson.861@example.com,United Kingdom,2024-09-18,Basic,0.00
862,Samuel Santos,samuel.santos.862@example.com,Germany,2024-08-03,Basic,112.10
863,Omar Nguyen,omar.nguyen.863@example.com,Singapore,2024-06-11,Standard,526.79
864,Omar Bennett,omar.bennett.864@example.com,India,2024-04-03,Premium,3654.42
865,Omar Clarke,omar.clarke.865@example.com,Australia,2024-11-22,Basic,0.00
866,Hana Nguyen,hana.nguyen.866@example.com,Canada,2024-06-25,Basic,173.88
867,Omar Santos,omar.santos.867@example.com,Singapore,2024-10-07,Standard,816.49
868,Samuel Nakamura,,United Kingdom,2024-08-14,Premium,2636.02
869,Mateo Wilson,mateo.wilson.869@example.com,Japan,2024-12-20,Basic,0.00
870,Sofia Martin,sofia.martin.870@example.com,France,2024-09-03,Basic,215.69
871,Zoe Clarke,zoe.clarke.871@example.com,United Arab Emirates,2024-08-26,Standard,937.56
872,Olivia Garcia,olivia.garcia.872@example.com,Canada,2024-07-25,Premium,4519.60
873,Arjun Santos,arjun.santos.873@example.com,France,2024-12-31,Basic,0.00
874,Lucas Patel,lucas.patel.874@example.com,United Arab Emirates,2024-12-27,Basic,120.63
875,Chloe Patel,chloe.patel.875@example.com,Japan,2024-08-04,Standard,923.63
876,Samuel Rossi,samuel.rossi.876@example.com,Singapore,2024-09-18,Premium,4237.88
877,Leo Martin,leo.martin.877@example.com,Canada,2024-02-12,Basic,0.00
878,Sofia Anderson,sofia.anderson.878@example.com,Germany,2025-01-24,Basic,264.10
879,Samuel Garcia,samuel.garcia.879@example.com,Australia,2024-04-26,Standard,953.63
880,Chloe Williams,chloe.williams.880@example.com,United Kingdom,2024-03-04,Premium,3306.52
881,Hugo Nguyen,hugo.nguyen.881@example.com,United States,2024-02-14,Basic,0.00
882,Chloe Ahmed,chloe.ahmed.882@example.com,United Kingdom,2024-03-25,Basic,80.40
883,Mia Clarke,mia.clarke.883@example.com,Canada,2024-03-15,Standard,467.74
884,Zoe Dubois,zoe.dubois.884@example.com,Germany,2024-05-28,Premium,3659.90
885,Arjun Wilson,arjun.wilson.885@example.com,Japan,2024-12-17,Basic,0.00
886,Sofia Chen,sofia.chen.886@example.com,Singapore,2024-04-28,Basic,294.37
887,Amelia Singh,amelia.singh.887@example.com,France,2024-07-16,Standard,619.41
888,Hugo Nakamura,hugo.nakamura.888@example.com,Singapore,2024-06-19,Premium,2444.38
889,Oliver Nakamura,oliver.nakamura.889@example.com,Canada,2025-01-23,Basic,0.00
890,Oliver Martin,oliver.martin.890@example.com,United Arab Emirates,2024-12-02,Basic,125.82
891,Nora Rossi,nora.rossi.891@example.com,India,2024-10-26,Standard,902.21
892,Zoe Nguyen,zoe.nguyen.892@example.com,Germany,2024-07-27,Premium,4952.62
893,Hugo Nguyen,hugo.nguyen.893@example.com,Australia,2024-03-17,Basic,0.00
894,Nora Wilson,nora.wilson.894@example.com,France,2024-08-30,Basic,181.87
895,Mia Chen,mia.chen.895@example.com,Germany,2024-02-06,Standard,914.71
896,Amelia Ahmed,amelia.ahmed.896@example.com,Canada,2024-07-26,Premium,3854.11
897,Lucas Thompson,lucas.thompson.897@example.com,Singapore,2024-02-05,Basic,0.00
898,Priya Thompson,priya.thompson.898@example.com,Japan,2024-07-03,Basic,171.37
899,Amelia Taylor,amelia.taylor.899@example.com,Germany,2024-12-02,Standard,856.64
900,Arjun Bennett,arjun.bennett.900@example.com,Singapore,2024-08-10,Premium,3409.16
901,Ava Taylor,ava.taylor.901@example.com,Singapore,2024-09-11,Basic,0.00
902,Chloe Anderson,chloe.anderson.902@example.com,Canada,2024-12-27,Basic,46.82
903,Chloe Dubois,chloe.dubois.903@example.com,Australia,2024-06-14,Standard,748.00
904,Olivia Taylor,olivia.taylor.904@example.com,Australia,2024-10-22,Premium,2291.60
905,Mateo Patel,mateo.patel.905@example.com,Germany,2024-12-29,Basic,0.00
906,Samuel Nguyen,samuel.nguyen.906@example.com,Germany,2024-08-30,Basic,72.24
907,Ava Garcia,ava.garcia.907@example.com,Canada,2024-04-10,Standard,999.04
908,Lucas Williams,lucas.williams.908@example.com,Japan,2024-12-13,Premium,3666.40
909,Nora Patel,nora.patel.909@example.com,United Arab Emirates,2024-10-09,Basic,0.00
910,Ava Santos,ava.santos.910@example.com,United States,2024-04-18,Basic,18.49
911,Noah Nguyen,noah.nguyen.911@example.com,United States,2024-05-06,Standard,983.14
912,Liam Wilson,liam.wilson.912@example.com,Germany,2024-04-05,Premium,5267.72
913,Priya Nakamura,priya.nakamura.913@example.com,United States,2024-05-30,Basic,0.00
914,Olivia Chen,olivia.chen.914@example.com,United States,2024-10-10,Basic,15.29
915,Ava Santos,ava.santos.915@example.com,India,2024-07-09,Standard,890.51
916,Hugo Kim,hugo.kim.916@example.com,Japan,2025-01-22,Premium,4701.79
917,Noah Santos,noah.santos.917@example.com,United Kingdom,2024-04-15,Basic,0.00
918,Noah Patel,noah.patel.918@example.com,India,2024-03-08,Basic,234.76
919,Oliver Thompson,oliver.thompson.919@example.com,Canada,2024-05-09,Standard,869.28
920,Mia Dubois,mia.dubois.920@example.com,United States,2024-04-03,Premium,3068.17
921,Priya Anderson,priya.anderson.921@example.com,India,2024-09-14,Basic,0.00
922,Arjun Singh,arjun.singh.922@example.com,Australia,2024-09-23,Basic,57.21
923,Samuel Williams,samuel.williams.923@example.com,Singapore,2025-01-06,Standard,451.91
924,Ava Thompson,ava.thompson.924@example.com,India,2025-01-14,Premium,2484.35
925,Lucas Santos,lucas.santos.925@example.com,Canada,2024-12-19,Basic,0.00
926,Samuel Singh,samuel.singh.926@example.com,Singapore,2024-10-24,Basic,204.51
927,Liam Patel,liam.patel.927@example.com,Japan,2024-12-23,Standard,876.07
928,Lucas Khan,lucas.khan.928@example.com,France,2024-02-27,Premium,3409.41
929,Daniel Khan,daniel.khan.929@example.com,United Kingdom,2024-05-31,Basic,0.00
930,Zoe Taylor,zoe.taylor.930@example.com,France,2024-02-08,Basic,166.97
931,Ethan Patel,ethan.patel.931@example.com,United Arab Emirates,2024-04-02,Standard,988.71
932,Chloe Anderson,chloe.anderson.932@example.com,United States,2024-02-22,Premium,5107.94
933,Hana Thompson,hana.thompson.933@example.com,United Arab Emirates,2024-04-20,Basic,0.00
934,Omar Garcia,omar.garcia.934@example.com,Australia,2024-04-21,Basic,52.39
935,Hugo Garcia,hugo.garcia.935@example.com,United Arab Emirates,2024-07-23,Standard,260.54
936,Zoe Singh,zoe.singh.936@example.com,United States,2024-08-01,Premium,7854.87
937,Zoe Chen,zoe.chen.937@example.com,Singapore,2024-03-26,Basic,0.00
938,Sofia Thompson,sofia.thompson.938@example.com,Australia,2024-07-12,Basic,91.95
939,Oliver Kim,oliver.kim.939@example.com,Japan,2024-05-09,Standard,866.76
940,Amelia Dubois,amelia.dubois.940@example.com,France,2024-04-09,Premium,4750.55
941,Mia Singh,mia.singh.941@example.com,Japan,2025-01-27,Basic,0.00
942,Nora Nguyen,nora.nguyen.942@example.com,Germany,2024-11-04,Basic,147.46
943,Priya Thompson,priya.thompson.943@example.com,Australia,2024-11-17,Standard,597.56
944,Ethan Nguyen,ethan.nguyen.944@example.com,France,2024-07-15,Premium,5347.26
945,Samuel Nakamura,samuel.nakamura.945@example.com,Germany,2024-12-03,Basic,0.00
946,Oliver Martin,oliver.martin.946@example.com,United Kingdom,2024-10-29,Basic,148.98
947,Sofia Nakamura,sofia.nakamura.947@example.com,Germany,2024-06-14,Standard,900.00
948,Oliver Kim,oliver.kim.948@example.com,Japan,2024-02-01,Premium,5790.59
949,Zoe Ahmed,zoe.ahmed.949@example.com,India,2024-05-05,Basic,0.00
950,Amelia Clarke,amelia.clarke.950@example.com,France,2024-12-14,Basic,246.15
951,Arjun Santos,arjun.santos.951@example.com,United Kingdom,2025-01-03,Standard,842.14
952,Oliver Dubois,oliver.dubois.952@example.com,Australia,2024-10-26,Premium,3351.40
953,Daniel Thompson,daniel.thompson.953@example.com,Singapore,2024-04-19,Basic,0.00
954,Mateo Wilson,mateo.wilson.954@example.com,France,2024-08-28,Basic,257.64
955,Zoe Santos,zoe.santos.955@example.com,United Kingdom,2024-03-21,Standard,807.35
956,Aisha Garcia,aisha.garcia.956@example.com,United States,2024-04-07,Premium,2992.23
957,Ethan Singh,ethan.singh.957@example.com,Australia,2024-03-26,Basic,0.00
958,Hugo Khan,hugo.khan.958@example.com,United Kingdom,2024-02-17,Basic,86.65
959,Hana Dubois,hana.dubois.959@example.com,Japan,2024-10-27,Standard,933.48
960,Mateo Rossi,mateo.rossi.960@example.com,Germany,2024-02-26,Premium,1966.32
961,Omar Anderson,omar.anderson.961@example.com,United Arab Emirates,2024-03-08,Basic,0.00
962,Amelia Khan,amelia.khan.962@example.com,Japan,2024-03-12,Basic,194.37
963,Nora Singh,nora.singh.963@example.com,France,2024-11-12,Standard,804.54
964,Samuel Taylor,samuel.taylor.964@example.com,France,2025-01-28,Premium,4105.57
965,Noah Clarke,noah.clarke.965@example.com,Germany,2024-10-28,Basic,0.00
966,Noah Garcia,noah.garcia.966@example.com,Germany,2024-03-11,Basic,29.08
967,Ava Ahmed,ava.ahmed.967@example.com,United Kingdom,2024-03-23,Standard,662.58
968,Samuel Anderson,samuel.anderson.968@example.com,Singapore,2024-08-16,Premium,3384.19
969,Ava Khan,ava.khan.969@example.com,Singapore,2025-01-02,Basic,0.00
970,Arjun Rossi,arjun.rossi.970@example.com,Canada,2024-11-12,Basic,42.79
971,Samuel Nguyen,samuel.nguyen.971@example.com,India,2024-03-26,Standard,998.90
972,Zoe Rossi,zoe.rossi.972@example.com,France,2025-01-11,Premium,6213.41
973,Nora Taylor,nora.taylor.973@example.com,United Kingdom,2024-04-26,Basic,0.00
974,Ethan Nguyen,ethan.nguyen.974@example.com,India,2024-10-16,Basic,86.76
975,Isabella Martin,isabella.martin.975@example.com,Singapore,2024-12-04,Standard,955.45
976,Nora Kim,nora.kim.976@example.com,France,2024-11-08,Premium,3828.09
977,Isabella Kim,isabella.kim.977@example.com,India,2024-12-21,Basic,0.00
978,Leo Santos,leo.santos.978@example.com,United Arab Emirates,2024-06-03,Basic,259.19
979,Hana Nguyen,hana.nguyen.979@example.com,Australia,2024-08-11,Standard,435.59
980,Oliver Patel,oliver.patel.980@example.com,France,2024-09-19,Premium,2125.71
981,Nora Dubois,nora.dubois.981@example.com,United States,2024-02-18,Basic,0.00
982,Lucas Clarke,lucas.clarke.982@example.com,United States,2024-10-23,Basic,46.36
983,Sofia Wilson,sofia.wilson.983@example.com,United States,2024-07-03,Standard,985.18
984,Arjun Khan,arjun.khan.984@example.com,France,2024-02-12,Premium,4551.26
985,Priya Patel,priya.patel.985@example.com,Singapore,2024-10-19,Basic,0.00
986,Oliver Rossi,oliver.rossi.986@example.com,United Arab Emirates,2024-04-20,Basic,158.71
987,Liam Singh,liam.singh.987@example.com,Japan,2024-08-01,Standard,660.86
988,Sofia Chen,sofia.chen.988@example.com,Germany,2024-08-06,Premium,4647.74
989,Hana Anderson,hana.anderson.989@example.com,Australia,2024-06-11,Basic,0.00
990,Lucas Garcia,lucas.garcia.990@example.com,United Arab Emirates,2024-08-23,Basic,55.54
991,Hana Khan,hana.khan.991@example.com,United Kingdom,2024-07-16,Standard,906.92
992,Hugo Martin,hugo.martin.992@example.com,Japan,2025-01-19,Premium,3577.68
993,Priya Rossi,priya.rossi.993@example.com,United Kingdom,2024-12-01,Basic,0.00
994,Zoe Wilson,zoe.wilson.994@example.com,United States,2024-11-22,Basic,173.88
995,Chloe Garcia,chloe.garcia.995@example.com,United States,2024-07-21,Standard,694.84
996,Omar Taylor,omar.taylor.996@example.com,India,2024-04-02,Premium,1639.39
997,Arjun Clarke,arjun.clarke.997@example.com,United States,2024-12-21,Basic,0.00
998,Zoe Dubois,zoe.dubois.998@example.com,United States,2024-07-06,Basic,75.55
999,Aisha Singh,aisha.singh.999@example.com,France,2024-11-03,Standard,991.40
1000,Hana Chen,hana.chen.1000@example.com,France,2024-10-15,Premium,2997.58
1001,Priya Anderson,priya.anderson.1001@example.com,Canada,2024-02-26,Basic,0.00
1002,Daniel Dubois,daniel.dubois.1002@example.com,Japan,2024-12-01,Basic,169.28
1003,Hana Ahmed,hana.ahmed.1003@example.com,United Kingdom,2024-05-24,Standard,807.61
1004,Leo Wilson,leo.wilson.1004@example.com,India,2024-04-16,Premium,2024.26
1005,Sofia Santos,sofia.santos.1005@example.com,United Kingdom,2024-10-01,Basic,0.00
1006,Hana Singh,hana.singh.1006@example.com,Singapore,2024-08-23,Basic,181.87
1007,Mia Garcia,mia.garcia.1007@example.com,India,2024-10-14,Standard,760.29
1517,Leo Chen,leo.chen.1008@example.com,Canada,2024-10-04,Basic,0.00
1009,Oliver Khan,oliver.khan.1009@example.com,Japan,2024-08-21,Basic,0.00
1010,Zoe Rossi,zoe.rossi.1010@example.com,Australia,2024-11-14,Basic,159.11
1011,Mateo Ahmed,mateo.ahmed.1011@example.com,Australia,2024-06-04,Standard,836.28
1012,Olivia Patel,olivia.patel.1012@example.com,India,2024-07-15,Premium,2784.46
1013,Daniel Rossi,daniel.rossi.1013@example.com,United Kingdom,2024-03-29,Basic,0.00
1014,Daniel Taylor,daniel.taylor.1014@example.com,India,2024-08-06,Basic,196.42
1015,Omar Khan,omar.khan.1015@example.com,France,2024-07-26,Standard,812.70
1016,Mateo Bennett,mateo.bennett.1016@example.com,Germany,2024-04-27,Premium,4279.65
1017,Omar Clarke,omar.clarke.1017@example.com,Japan,2024-12-16,Basic,0.00
1018,Sofia Nakamura,sofia.nakamura.1018@example.com,United States,2024-05-30,Basic,115.99
1019,Ava Kim,ava.kim.1019@example.com,Canada,2024-03-15,Standard,982.05
1020,Liam Singh,liam.singh.1020@example.com,Australia,2024-12-14,Premium,2200.74
1021,Sofia Wilson,sofia.wilson.1021@example.com,United States,2024-07-25,Basic,0.00
1022,Priya Williams,priya.williams.1022@example.com,Germany,2024-09-18,Basic,68.53
1023,Hugo Bennett,hugo.bennett.1023@example.com,France,2024-05-18,Standard,765.35
1024,Samuel Nguyen,samuel.nguyen.1024@example.com,Australia,2024-05-15,Premium,5876.69
1025,Oliver Ahmed,oliver.ahmed.1025@example.com,Germany,2024-11-07,Basic,0.00
1026,Hugo Clarke,hugo.clarke.1026@example.com,Canada,2025-01-21,Basic,254.85
1027,Priya Bennett,priya.bennett.1027@example.com,India,2024-11-25,Standard,943.89
1028,Daniel Ahmed,daniel.ahmed.1028@example.com,United States,2024-06-10,Premium,3051.47
1029,Ethan Singh,ethan.singh.1029@example.com,Germany,2024-05-13,Basic,0.00
1030,Priya Clarke,priya.clarke.1030@example.com,Germany,2024-02-28,Basic,175.15
1031,Nora Bennett,nora.bennett.1031@example.com,United Kingdom,2024-08-17,Standard,960.56
1032,Daniel Patel,daniel.patel.1032@example.com,France,2024-03-27,Premium,4822.87
1033,Amelia Wilson,amelia.wilson.1033@example.com,India,2024-05-29,Basic,0.00
1034,Chloe Ahmed,chloe.ahmed.1034@example.com,United Kingdom,2024-07-11,Basic,178.85
1035,Hugo Clarke,hugo.clarke.1035@example.com,Singapore,2024-03-17,Standard,829.30
1036,Ethan Khan,ethan.khan.1036@example.com,Singapore,2024-09-22,Premium,2297.48
1037,Oliver Bennett,oliver.bennett.1037@example.com,United States,2024-06-06,Basic,0.00
1038,Aisha Wilson,aisha.wilson.1038@example.com,France,2024-10-08,Basic,40.42
1039,Chloe Martin,chloe.martin.1039@example.com,United States,2024-07-27,Standard,968.76
1040,Daniel Kim,daniel.kim.1040@example.com,France,2024-12-17,Premium,4361.63
1041,Lucas Anderson,lucas.anderson.1041@example.com,Singapore,2024-06-21,Basic,0.00
1042,Noah Patel,noah.patel.1042@example.com,India,2024-02-16,Basic,136.22
1043,Oliver Patel,oliver.patel.1043@example.com,Australia,2024-04-18,Standard,964.26
1044,Isabella Dubois,isabella.dubois.1044@example.com,Canada,2024-03-16,Premium,2819.27
1045,Samuel Dubois,samuel.dubois.1045@example.com,Singapore,2025-01-13,Basic,0.00
1046,Mateo Anderson,mateo.anderson.1046@example.com,India,2024-06-03,Basic,237.50
1047,Hana Chen,hana.chen.1047@example.com,India,2024-07-09,Standard,977.96
1048,Mateo Santos,mateo.santos.1048@example.com,Japan,2024-11-04,Premium,2342.05
1049,Sofia Khan,sofia.khan.1049@example.com,Canada,2024-11-24,Basic,0.00
1050,Oliver Khan,oliver.khan.1050@example.com,Canada,2024-07-08,Basic,178.82
1051,Priya Ahmed,priya.ahmed.1051@example.com,Canada,2024-09-08,Standard,720.38
1052,Sofia Rossi,sofia.rossi.1052@example.com,Canada,2024-07-12,Premium,3850.32
1053,Olivia Nguyen,olivia.nguyen.1053@example.com,Singapore,2024-04-01,Basic,0.00
1054,Ethan Santos,ethan.santos.1054@example.com,Canada,2024-02-16,Basic,222.53
1055,Isabella Taylor,isabella.taylor.1055@example.com,India,2024-07-05,Standard,233.65
1056,Nora Patel,nora.patel.1056@example.com,Canada,2024-05-07,Premium,2875.94
1057,Liam Chen,liam.chen.1057@example.com,Canada,2024-02-14,Basic,0.00
1058,Mateo Clarke,mateo.clarke.1058@example.com,Germany,2024-12-07,Basic,294.37
1059,Hana Clarke,hana.clarke.1059@example.com,Australia,2024-12-02,Standard,990.45
1060,Arjun Anderson,arjun.anderson.1060@example.com,United States,2024-08-02,Premium,2494.82
1061,Olivia Thompson,olivia.thompson.1061@example.com,Canada,2024-10-15,Basic,0.00
1062,Mateo Thompson,,France,2024-05-05,Basic,185.44
1063,Chloe Thompson,chloe.thompson.1063@example.com,Japan,2024-04-11,Standard,994.99
1064,Ethan Khan,ethan.khan.1064@example.com,Australia,2024-02-17,Premium,2314.60
1065,Leo Bennett,leo.bennett.1065@example.com,Germany,2024-08-30,Basic,0.00
1066,Arjun Khan,arjun.khan.1066@example.com,Australia,2024-03-05,Basic,118.23
1067,Ethan Nakamura,ethan.nakamura.1067@example.com,United Arab Emirates,2024-10-08,Standard,939.96
1068,Priya Santos,priya.santos.1068@example.com,Japan,2024-06-06,Premium,3192.34
1069,Leo Dubois,leo.dubois.1069@example.com,United States,2024-12-08,Basic,0.00
1070,Samuel Dubois,samuel.dubois.1070@example.com,France,2024-08-20,Basic,292.93
1071,Mateo Rossi,mateo.rossi.1071@example.com,United Arab Emirates,2024-11-01,Standard,826.03
1072,Aisha Singh,aisha.singh.1072@example.com,Singapore,2024-03-27,Premium,3764.99
1073,Nora Nakamura,nora.nakamura.1073@example.com,United States,2024-06-05,Basic,0.00
1074,Aisha Nguyen,aisha.nguyen.1074@example.com,India,2024-02-21,Basic,90.24
1075,Oliver Dubois,oliver.dubois.1075@example.com,Singapore,2024-12-19,Standard,989.33
1076,Noah Khan,noah.khan.1076@example.com,Germany,2024-09-13,Premium,3630.92
1077,Chloe Wilson,chloe.wilson.1077@example.com,Germany,2024-09-24,Basic,0.00
1078,Ethan Taylor,ethan.taylor.1078@example.com,Germany,2024-12-10,Basic,43.23
1079,Noah Ahmed,noah.ahmed.1079@example.com,Canada,2024-09-25,Standard,999.58
1080,Zoe Nakamura,zoe.nakamura.1080@example.com,United Kingdom,2024-10-14,Premium,2622.61
1081,Liam Martin,liam.martin.1081@example.com,United Arab Emirates,2025-01-22,Basic,0.00
1082,Oliver Chen,oliver.chen.1082@example.com,India,2024-08-30,Basic,187.27
1083,Isabella Nakamura,isabella.nakamura.1083@example.com,United States,2024-05-02,Standard,942.16
1084,Nora Rossi,nora.rossi.1084@example.com,Australia,2024-09-20,Premium,3806.96
1085,Olivia Patel,olivia.patel.1085@example.com,France,2025-01-20,Basic,0.00
1086,Zoe Martin,zoe.martin.1086@example.com,United Kingdom,2024-03-18,Basic,144.68
1087,Liam Nakamura,liam.nakamura.1087@example.com,France,2024-03-15,Standard,982.00
1088,Aisha Dubois,aisha.dubois.1088@example.com,Singapore,2024-12-10,Premium,2559.14
1089,Ethan Dubois,ethan.dubois.1089@example.com,Singapore,2024-08-13,Basic,0.00
1090,Noah Martin,noah.martin.1090@example.com,France,2024-11-16,Basic,65.12
1091,Daniel Chen,daniel.chen.1091@example.com,Canada,2024-04-15,Standard,959.28
1092,Ethan Singh,ethan.singh.1092@example.com,India,2024-07-07,Premium,2213.66
1093,Lucas Nakamura,lucas.nakamura.1093@example.com,Germany,2024-12-17,Basic,0.00
1094,Ethan Williams,ethan.williams.1094@example.com,Canada,2024-05-14,Basic,259.19
1095,Amelia Clarke,amelia.clarke.1095@example.com,Germany,2024-02-07,Standard,936.07
1096,Nora Thompson,nora.thompson.1096@example.com,Japan,2024-11-05,Premium,5451.23
1097,Amelia Clarke,amelia.clarke.1097@example.com,Japan,2024-06-01,Basic,0.00
1098,Ava Rossi,ava.rossi.1098@example.com,Japan,2024-09-20,Basic,238.11
1099,Leo Nakamura,leo.nakamura.1099@example.com,United Kingdom,2024-12-04,Standard,974.60
1100,Mateo Bennett,mateo.bennett.1100@example.com,Australia,2024-11-07,Premium,5990.37
1101,Mia Clarke,mia.clarke.1101@example.com,Singapore,2024-05-17,Basic,0.00
1102,Noah Martin,noah.martin.1102@example.com,Canada,2024-02-29,Basic,226.25
1103,Zoe Kim,zoe.kim.1103@example.com,United States,2024-04-15,Standard,454.73
1104,Noah Rossi,noah.rossi.1104@example.com,United Arab Emirates,2024-07-02,Premium,4261.10
1105,Isabella Garcia,isabella.garcia.1105@example.com,United States,2024-03-27,Basic,0.00
1106,Leo Martin,leo.martin.1106@example.com,Canada,2025-01-10,Basic,148.98
1107,Lucas Clarke,lucas.clarke.1107@example.com,United Arab Emirates,2024-11-20,Standard,476.75
1108,Oliver Martin,oliver.martin.1108@example.com,Japan,2024-11-23,Premium,2941.01
1109,Omar Singh,omar.singh.1109@example.com,United Kingdom,2024-07-03,Basic,0.00
1110,Isabella Kim,isabella.kim.1110@example.com,India,2024-03-06,Basic,86.65
1111,Leo Nguyen,leo.nguyen.1111@example.com,United Kingdom,2024-06-29,Standard,891.51
1112,Hugo Chen,hugo.chen.1112@example.com,United Kingdom,2025-01-21,Premium,3710.20
1113,Mia Santos,mia.santos.1113@example.com,Singapore,2024-08-30,Basic,0.00
1114,Aisha Khan,aisha.khan.1114@example.com,Australia,2024-12-10,Basic,274.48
1115,Noah Williams,noah.williams.1115@example.com,United Arab Emirates,2024-12-19,Standard,904.78
1116,Aisha Garcia,aisha.garcia.1116@example.com,Japan,2025-01-18,Premium,2945.38
1117,Mateo Wilson,mateo.wilson.1117@example.com,India,2024-12-08,Basic,0.00
1118,Isabella Patel,isabella.patel.1118@example.com,Singapore,2024-11-21,Basic,251.83
1119,Mateo Kim,mateo.kim.1119@example.com,Canada,2024-12-11,Standard,992.11
1120,Hana Thompson,hana.thompson.1120@example.com,Singapore,2024-12-20,Premium,3389.38
1121,Hugo Thompson,hugo.thompson.1121@example.com,Canada,2024-12-09,Basic,0.00
1122,Arjun Wilson,arjun.wilson.1122@example.com,Australia,2024-02-01,Basic,193.06
1123,Liam Bennett,liam.bennett.1123@example.com,Japan,2024-12-17,Standard,997.39
1124,Liam Khan,liam.khan.1124@example.com,United Arab Emirates,2024-08-31,Premium,5481.81
1125,Leo Singh,leo.singh.1125@example.com,France,2024-07-29,Basic,0.00
1126,Oliver Khan,oliver.khan.1126@example.com,United States,2024-12-24,Basic,51.78
1127,Ava Wilson,ava.wilson.1127@example.com,Germany,2024-03-06,Standard,491.65
1128,Lucas Wilson,,Singapore,2024-11-08,Premium,2607.06
1129,Isabella Bennett,isabella.bennett.1129@example.com,United Kingdom,2025-01-17,Basic,0.00
1130,Isabella Santos,isabella.santos.1130@example.com,India,2024-11-18,Basic,290.87
1131,Mateo Bennett,mateo.bennett.1131@example.com,Canada,2024-05-10,Standard,987.32
1132,Isabella Santos,isabella.santos.1132@example.com,Japan,2024-09-30,Premium,6200.44
1133,Noah Chen,noah.chen.1133@example.com,Japan,2024-04-20,Basic,0.00
1134,Zoe Nakamura,zoe.nakamura.1134@example.com,Singapore,2024-07-21,Basic,253.43
1135,Nora Taylor,nora.taylor.1135@example.com,United States,2024-10-24,Standard,664.35
1136,Lucas Rossi,lucas.rossi.1136@example.com,France,2024-11-11,Premium,2834.28
1137,Oliver Bennett,oliver.bennett.1137@example.com,Australia,2024-11-22,Basic,0.00
1138,Daniel Santos,daniel.santos.1138@example.com,France,2024-03-05,Basic,210.76
1139,Sofia Patel,sofia.patel.1139@example.com,United States,2024-07-23,Standard,997.74
1140,Chloe Nguyen,chloe.nguyen.1140@example.com,Canada,2024-11-19,Premium,5010.36
1141,Mateo Dubois,mateo.dubois.1141@example.com,Canada,2024-12-01,Basic,0.00
1142,Liam Wilson,liam.wilson.1142@example.com,France,2025-01-29,Basic,73.08
1143,Noah Patel,noah.patel.1143@example.com,India,2024-03-16,Standard,916.10
1144,Hugo Anderson,hugo.anderson.1144@example.com,France,2024-09-19,Premium,3786.70
1145,Lucas Khan,lucas.khan.1145@example.com,Singapore,2024-07-04,Basic,0.00
1146,Ethan Williams,ethan.williams.1146@example.com,France,2024-02-20,Basic,271.42
1147,Ava Garcia,ava.garcia.1147@example.com,Japan,2024-10-17,Standard,730.67
1148,Amelia Thompson,amelia.thompson.1148@example.com,Singapore,2024-04-19,Premium,4669.00
1149,Ava Santos,ava.santos.1149@example.com,Japan,2024-10-26,Basic,0.00
1150,Lucas Santos,lucas.santos.1150@example.com,Canada,2024-03-22,Basic,226.74
1151,Aisha Chen,aisha.chen.1151@example.com,Australia,2024-02-19,Standard,901.00
1152,Nora Dubois,nora.dubois.1152@example.com,Singapore,2024-03-31,Premium,3730.14
1153,Amelia Wilson,amelia.wilson.1153@example.com,United States,2025-01-17,Basic,0.00
1154,Mateo Garcia,mateo.garcia.1154@example.com,France,2024-09-27,Basic,175.15
1155,Noah Williams,noah.williams.1155@example.com,Singapore,2025-01-03,Standard,215.59
1156,Samuel Wilson,samuel.wilson.1156@example.com,United States,2024-11-22,Premium,1326.06
1157,Lucas Khan,lucas.khan.1157@example.com,France,2024-05-13,Basic,0.00
1158,Ava Wilson,ava.wilson.1158@example.com,Germany,2024-10-30,Basic,275.57
1159,Isabella Nakamura,isabella.nakamura.1159@example.com,United Kingdom,2024-06-19,Standard,886.36
1160,Sofia Martin,sofia.martin.1160@example.com,Germany,2024-03-30,Premium,1911.96
1161,Amelia Clarke,amelia.clarke.1161@example.com,Singapore,2024-10-21,Basic,0.00
1162,Liam Khan,liam.khan.1162@example.com,Singapore,2024-07-29,Basic,157.85
1163,Oliver Santos,oliver.santos.1163@example.com,Germany,2024-04-13,Standard,778.09
1164,Priya Wilson,priya.wilson.1164@example.com,United Arab Emirates,2024-06-05,Premium,4999.58
1165,Ethan Garcia,ethan.garcia.1165@example.com,Germany,2024-12-10,Basic,0.00
1166,Isabella Nguyen,isabella.nguyen.1166@example.com,Japan,2024-02-26,Basic,292.17
1167,Sofia Bennett,sofia.bennett.1167@example.com,Japan,2025-01-11,Standard,945.70
1168,Noah Williams,noah.williams.1168@example.com,India,2024-02-28,Premium,1377.62
1169,Olivia Taylor,olivia.taylor.1169@example.com,India,2024-05-02,Basic,0.00
1170,Priya Clarke,priya.clarke.1170@example.com,United Arab Emirates,2024-12-19,Basic,115.99
1171,Priya Nakamura,priya.nakamura.1171@example.com,United Arab Emirates,2024-08-01,Standard,743.93
1172,Lucas Santos,lucas.santos.1172@example.com,Australia,2025-01-09,Premium,2652.87
1173,Oliver Garcia,oliver.garcia.1173@example.com,Japan,2024-11-17,Basic,0.00
1174,Sofia Garcia,sofia.garcia.1174@example.com,Japan,2024-03-21,Basic,80.40
1175,Nora Wilson,nora.wilson.1175@example.com,Japan,2024-09-28,Standard,988.98
1176,Arjun Anderson,arjun.anderson.1176@example.com,Canada,2024-12-12,Premium,3221.58
1177,Mia Kim,mia.kim.1177@example.com,India,2024-05-04,Basic,0.00
1178,Priya Santos,priya.santos.1178@example.com,France,2024-09-20,Basic,112.63
1179,Hugo Bennett,hugo.bennett.1179@example.com,United Kingdom,2024-10-01,Standard,941.16
1180,Liam Kim,liam.kim.1180@example.com,Japan,2024-09-24,Premium,2954.49
1181,Ethan Wilson,ethan.wilson.1181@example.com,France,2024-12-06,Basic,0.00
1182,Hana Chen,hana.chen.1182@example.com,Singapore,2024-03-24,Basic,220.93
1183,Chloe Williams,chloe.williams.1183@example.com,France,2024-11-11,Standard,920.19
1184,Zoe Garcia,zoe.garcia.1184@example.com,Germany,2024-10-30,Premium,1967.38
1185,Nora Dubois,nora.dubois.1185@example.com,United Arab Emirates,2024-08-30,Basic,0.00
1186,Arjun Clarke,arjun.clarke.1186@example.com,Australia,2024-11-07,Basic,225.95
1187,Ethan Thompson,ethan.thompson.1187@example.com,India,2024-03-05,Standard,998.45
1188,Isabella Khan,isabella.khan.1188@example.com,United Arab Emirates,2024-09-08,Premium,1667.19
1189,Leo Rossi,leo.rossi.1189@example.com,France,2024-11-05,Basic,0.00
1190,Priya Anderson,priya.anderson.1190@example.com,Canada,2025-01-05,Basic,106.20
1191,Daniel Garcia,daniel.garcia.1191@example.com,United Arab Emirates,2024-10-07,Standard,936.20
1192,Liam Rossi,liam.rossi.1192@example.com,United Arab Emirates,2024-09-25,Premium,6500.12
1193,Isabella Nguyen,isabella.nguyen.1193@example.com,United Kingdom,2024-09-15,Basic,0.00
1194,Ethan Wilson,ethan.wilson.1194@example.com,India,2024-03-07,Basic,275.87
1195,Mateo Williams,mateo.williams.1195@example.com,United Arab Emirates,2024-08-13,Standard,955.47
1196,Isabella Thompson,isabella.thompson.1196@example.com,United States,2024-03-18,Premium,2743.32
1197,Ava Chen,ava.chen.1197@example.com,United Arab Emirates,2024-12-22,Basic,0.00
1198,Amelia Chen,amelia.chen.1198@example.com,Canada,2024-09-19,Basic,36.69
1199,Oliver Wilson,oliver.wilson.1199@example.com,India,2024-12-12,Standard,984.02
1200,Hana Nakamura,hana.nakamura.1200@example.com,Australia,2024-05-16,Premium,1742.41
1201,Daniel Santos,daniel.santos.1201@example.com,Germany,2024-11-18,Basic,0.00
1202,Daniel Wilson,daniel.wilson.1202@example.com,India,2024-07-26,Basic,52.70
1203,Olivia Rossi,olivia.rossi.1203@example.com,United States,2024-12-10,Standard,615.44
1204,Aisha Dubois,aisha.dubois.1204@example.com,Canada,2024-06-30,Premium,6810.77
1205,Noah Kim,noah.kim.1205@example.com,Singapore,2024-02-28,Basic,0.00
1206,Amelia Nguyen,amelia.nguyen.1206@example.com,France,2024-03-28,Basic,255.47
1207,Lucas Bennett,lucas.bennett.1207@example.com,Australia,2024-09-09,Standard,913.33
1208,Priya Rossi,priya.rossi.1208@example.com,India,2024-12-17,Premium,4418.34
1209,Isabella Dubois,isabella.dubois.1209@example.com,India,2024-08-14,Basic,0.00
1210,Leo Nguyen,leo.nguyen.1210@example.com,Australia,2025-01-05,Basic,19.44
1211,Ethan Thompson,ethan.thompson.1211@example.com,Canada,2024-05-07,Standard,887.48
1212,Oliver Dubois,oliver.dubois.1212@example.com,France,2024-09-01,Premium,5661.69
1213,Sofia Wilson,sofia.wilson.1213@example.com,Canada,2024-04-09,Basic,0.00
1214,Amelia Garcia,amelia.garcia.1214@example.com,United States,2024-04-14,Basic,67.19
1215,Samuel Thompson,samuel.thompson.1215@example.com,India,2024-04-10,Standard,566.06
1216,Olivia Chen,olivia.chen.1216@example.com,India,2024-09-21,Premium,5067.50
1217,Priya Clarke,priya.clarke.1217@example.com,India,2024-12-16,Basic,0.00
1218,Ethan Nakamura,ethan.nakamura.1218@example.com,Singapore,2024-09-05,Basic,14.92
1219,Oliver Nakamura,oliver.nakamura.1219@example.com,India,2024-07-31,Standard,387.43
1220,Arjun Martin,arjun.martin.1220@example.com,India,2024-12-06,Premium,3708.24
1221,Amelia Rossi,amelia.rossi.1221@example.com,Japan,2024-06-01,Basic,0.00
1222,Priya Ahmed,priya.ahmed.1222@example.com,Germany,2024-08-29,Basic,259.97
1223,Oliver Rossi,oliver.rossi.1223@example.com,France,2024-02-18,Standard,830.90
1224,Noah Rossi,noah.rossi.1224@example.com,Japan,2025-01-26,Premium,2342.50
1225,Omar Williams,omar.williams.1225@example.com,United Arab Emirates,2024-10-04,Basic,0.00
1226,Priya Garcia,priya.garcia.1226@example.com,Canada,2024-10-27,Basic,192.32
1227,Mia Nakamura,mia.nakamura.1227@example.com,Singapore,2024-03-12,Standard,705.82
1228,Aisha Clarke,aisha.clarke.1228@example.com,United Kingdom,2024-06-05,Premium,2033.37
1229,Hugo Garcia,hugo.garcia.1229@example.com,Singapore,2024-11-23,Basic,0.00
1230,Lucas Clarke,lucas.clarke.1230@example.com,United States,2024-07-25,Basic,62.40
1231,Oliver Bennett,oliver.bennett.1231@example.com,Japan,2024-09-20,Standard,748.08
1232,Aisha Thompson,aisha.thompson.1232@example.com,United Arab Emirates,2024-07-19,Premium,2944.17
1233,Leo Kim,leo.kim.1233@example.com,Germany,2024-06-28,Basic,0.00
1234,Ethan Singh,ethan.singh.1234@example.com,United Arab Emirates,2024-07-05,Basic,147.46
1235,Samuel Rossi,samuel.rossi.1235@example.com,Germany,2024-03-03,Standard,992.72
1236,Zoe Thompson,zoe.thompson.1236@example.com,United Arab Emirates,2024-04-27,Premium,3468.95
1237,Hana Singh,hana.singh.1237@example.com,Germany,2024-12-16,Basic,0.00
1238,Amelia Wilson,amelia.wilson.1238@example.com,Japan,2024-03-14,Basic,184.83
1239,Sofia Ahmed,sofia.ahmed.1239@example.com,United Kingdom,2024-06-22,Standard,995.54
1240,Mia Chen,mia.chen.1240@example.com,United Arab Emirates,2024-06-23,Premium,2674.78
1241,Mia Patel,mia.patel.1241@example.com,United States,2024-03-29,Basic,0.00
1242,Mateo Martin,mateo.martin.1242@example.com,United Arab Emirates,2024-04-18,Basic,294.37
1243,Daniel Nakamura,daniel.nakamura.1243@example.com,France,2024-04-30,Standard,982.63
1244,Mia Anderson,mia.anderson.1244@example.com,Japan,2024-05-03,Premium,3973.50
1245,Aisha Singh,aisha.singh.1245@example.com,France,2024-03-15,Basic,0.00
1246,Sofia Clarke,sofia.clarke.1246@example.com,Canada,2024-10-11,Basic,164.24
1247,Leo Dubois,leo.dubois.1247@example.com,Australia,2025-01-04,Standard,953.06
1248,Nora Martin,nora.martin.1248@example.com,Australia,2024-11-22,Premium,2092.33
1249,Samuel Kim,samuel.kim.1249@example.com,United States,2024-12-25,Basic,0.00
1250,Mia Williams,mia.williams.1250@example.com,United States,2024-04-26,Basic,82.36
1251,Nora Dubois,nora.dubois.1251@example.com,Japan,2024-07-04,Standard,825.80
1252,Hugo Nguyen,hugo.nguyen.1252@example.com,Australia,2024-08-13,Premium,3955.11
1253,Daniel Dubois,daniel.dubois.1253@example.com,Japan,2024-06-14,Basic,0.00
1254,Sofia Ahmed,sofia.ahmed.1254@example.com,India,2024-02-07,Basic,22.09
1255,Lucas Nakamura,lucas.nakamura.1255@example.com,India,2025-01-13,Standard,914.20
1256,Isabella Ahmed,isabella.ahmed.1256@example.com,United States,2024-03-21,Premium,5987.81
1257,Oliver Kim,oliver.kim.1257@example.com,India,2024-12-09,Basic,0.00
1258,Zoe Patel,zoe.patel.1258@example.com,France,2024-06-18,Basic,85.24
1259,Mia Williams,mia.williams.1259@example.com,Germany,2025-01-01,Standard,998.44
1260,Hana Dubois,hana.dubois.1260@example.com,Japan,2025-01-11,Premium,2415.92
1261,Samuel Anderson,samuel.anderson.1261@example.com,United Arab Emirates,2024-05-10,Basic,0.00
1262,Aisha Santos,aisha.santos.1262@example.com,Canada,2024-07-10,Basic,21.85
1263,Oliver Bennett,oliver.bennett.1263@example.com,United States,2024-03-06,Standard,999.33
1264,Amelia Taylor,amelia.taylor.1264@example.com,United Kingdom,2024-10-26,Premium,3121.72
1265,Liam Nakamura,liam.nakamura.1265@example.com,France,2024-05-23,Basic,0.00
1266,Samuel Wilson,samuel.wilson.1266@example.com,Germany,2024-05-09,Basic,145.44
1267,Noah Bennett,noah.bennett.1267@example.com,United Arab Emirates,2024-03-19,Standard,865.09
1268,Noah Clarke,noah.clarke.1268@example.com,Australia,2024-12-03,Premium,3908.07
1269,Zoe Williams,zoe.williams.1269@example.com,United Kingdom,2024-03-16,Basic,0.00
1270,Mateo Chen,mateo.chen.1270@example.com,India,2025-01-02,Basic,270.91
1271,Zoe Rossi,zoe.rossi.1271@example.com,Canada,2024-03-28,Standard,960.08
1272,Priya Martin,priya.martin.1272@example.com,Germany,2024-06-30,Premium,5215.50
1273,Nora Garcia,nora.garcia.1273@example.com,Japan,2024-06-21,Basic,0.00
1274,Leo Santos,leo.santos.1274@example.com,Germany,2024-04-23,Basic,148.98
1275,Olivia Patel,olivia.patel.1275@example.com,United States,2024-08-14,Standard,969.68
1276,Chloe Santos,chloe.santos.1276@example.com,United States,2024-06-12,Premium,3118.08
1277,Mia Martin,mia.martin.1277@example.com,Japan,2024-03-07,Basic,0.00
1278,Hugo Khan,hugo.khan.1278@example.com,United Arab Emirates,2024-08-20,Basic,274.48
1279,Ethan Thompson,ethan.thompson.1279@example.com,United Kingdom,2024-04-14,Standard,988.38
1280,Oliver Taylor,oliver.taylor.1280@example.com,Australia,2024-12-11,Premium,3127.63
1281,Zoe Williams,zoe.williams.1281@example.com,Japan,2024-06-12,Basic,0.00
1282,Liam Singh,liam.singh.1282@example.com,United Kingdom,2024-03-08,Basic,207.67
1283,Hana Patel,hana.patel.1283@example.com,Japan,2024-02-10,Standard,872.40
1284,Hugo Chen,hugo.chen.1284@example.com,United States,2024-02-20,Premium,2636.01
1285,Daniel Dubois,daniel.dubois.1285@example.com,Germany,2024-04-18,Basic,0.00
1286,Priya Santos,priya.santos.1286@example.com,India,2024-11-21,Basic,14.92
1287,Amelia Ahmed,amelia.ahmed.1287@example.com,Japan,2024-10-02,Standard,992.45
1288,Leo Dubois,leo.dubois.1288@example.com,United Kingdom,2024-11-03,Premium,7027.80
1289,Arjun Bennett,arjun.bennett.1289@example.com,India,2025-01-18,Basic,0.00
1290,Hugo Williams,hugo.williams.1290@example.com,United Arab Emirates,2024-11-01,Basic,138.10
1291,Omar Santos,omar.santos.1291@example.com,Germany,2024-08-24,Standard,961.29
1292,Noah Garcia,noah.garcia.1292@example.com,France,2024-10-31,Premium,3386.17
1293,Isabella Garcia,isabella.garcia.1293@example.com,Japan,2024-06-28,Basic,0.00
1294,Zoe Khan,zoe.khan.1294@example.com,Canada,2024-11-10,Basic,174.77
1295,Noah Dubois,noah.dubois.1295@example.com,Australia,2024-07-03,Standard,263.90
1296,Priya Dubois,priya.dubois.1296@example.com,United Kingdom,2024-12-19,Premium,4387.04
1297,Priya Kim,priya.kim.1297@example.com,Japan,2024-03-15,Basic,0.00
1298,Zoe Nakamura,zoe.nakamura.1298@example.com,Australia,2024-04-12,Basic,141.50
1299,Noah Khan,noah.khan.1299@example.com,United States,2024-11-30,Standard,836.02
1300,Arjun Thompson,arjun.thompson.1300@example.com,India,2024-03-04,Premium,2773.14
1301,Oliver Wilson,oliver.wilson.1301@example.com,Japan,2024-10-31,Basic,0.00
1302,Nora Bennett,nora.bennett.1302@example.com,United States,2024-07-23,Basic,182.13
1303,Noah Santos,noah.santos.1303@example.com,United States,2024-08-26,Standard,908.59
1304,Liam Khan,liam.khan.1304@example.com,Singapore,2024-09-22,Premium,2527.78
1305,Daniel Nguyen,daniel.nguyen.1305@example.com,Canada,2024-11-23,Basic,0.00
1306,Arjun Garcia,arjun.garcia.1306@example.com,United States,2024-04-13,Basic,108.59
1307,Hugo Bennett,hugo.bennett.1307@example.com,Japan,2024-12-13,Standard,976.54
1308,Noah Anderson,noah.anderson.1308@example.com,Canada,2024-02-08,Premium,5283.72
1309,Ethan Singh,ethan.singh.1309@example.com,Germany,2024-03-21,Basic,0.00
1310,Nora Clarke,nora.clarke.1310@example.com,Canada,2024-11-29,Basic,78.47
1311,Olivia Williams,olivia.williams.1311@example.com,United Kingdom,2024-10-12,Standard,930.74
1312,Mateo Clarke,mateo.clarke.1312@example.com,Australia,2024-03-04,Premium,4944.66
1313,Ava Taylor,ava.taylor.1313@example.com,France,2025-01-13,Basic,0.00
1314,Chloe Santos,chloe.santos.1314@example.com,United Kingdom,2025-01-16,Basic,268.64
1315,Hana Nguyen,hana.nguyen.1315@example.com,Canada,2024-07-14,Standard,904.11
1316,Ava Singh,ava.singh.1316@example.com,United Arab Emirates,2024-04-29,Premium,4259.76
1317,Isabella Garcia,isabella.garcia.1317@example.com,United Kingdom,2024-06-20,Basic,0.00
1318,Sofia Taylor,sofia.taylor.1318@example.com,Canada,2025-01-22,Basic,137.72
1319,Omar Nguyen,omar.nguyen.1319@example.com,Canada,2024-09-12,Standard,880.20
1320,Arjun Rossi,arjun.rossi.1320@example.com,United States,2024-04-09,Premium,5675.76
1321,Liam Clarke,liam.clarke.1321@example.com,India,2024-04-21,Basic,0.00
1322,Amelia Thompson,amelia.thompson.1322@example.com,United Kingdom,2024-02-04,Basic,157.67
1323,Amelia Martin,amelia.martin.1323@example.com,United Kingdom,2025-01-27,Standard,787.82
1324,Zoe Rossi,zoe.rossi.1324@example.com,Germany,2024-09-01,Premium,4230.29
1325,Priya Thompson,priya.thompson.1325@example.com,Canada,2024-05-16,Basic,0.00
1326,Sofia Patel,sofia.patel.1326@example.com,Singapore,2024-09-18,Basic,85.67
1327,Leo Anderson,leo.anderson.1327@example.com,Canada,2024-12-09,Standard,964.32
1328,Priya Singh,priya.singh.1328@example.com,United Arab Emirates,2024-05-03,Premium,3132.33
1329,Priya Thompson,priya.thompson.1329@example.com,United Arab Emirates,2024-03-17,Basic,0.00
1330,Zoe Wilson,zoe.wilson.1330@example.com,France,2024-09-02,Basic,135.96
1331,Amelia Nguyen,amelia.nguyen.1331@example.com,Australia,2024-05-09,Standard,901.83
1332,Liam Ahmed,liam.ahmed.1332@example.com,United Kingdom,2024-12-13,Premium,1923.41
1333,Omar Nguyen,omar.nguyen.1333@example.com,Singapore,2024-05-23,Basic,0.00
1334,Nora Khan,nora.khan.1334@example.com,Germany,2024-02-28,Basic,67.86
1335,Ava Williams,ava.williams.1335@example.com,Canada,2025-01-16,Standard,834.08
1336,Hugo Thompson,hugo.thompson.1336@example.com,Canada,2024-04-22,Premium,5140.84
1337,Daniel Singh,daniel.singh.1337@example.com,United States,2024-12-27,Basic,0.00
1338,Omar Wilson,omar.wilson.1338@example.com,Australia,2024-09-10,Basic,47.88
1339,Mia Santos,mia.santos.1339@example.com,United Arab Emirates,2024-09-20,Standard,780.80
1340,Noah Williams,noah.williams.1340@example.com,United States,2024-11-02,Premium,1616.80
1341,Ethan Martin,ethan.martin.1341@example.com,United States,2024-10-06,Basic,0.00
1342,Aisha Williams,aisha.williams.1342@example.com,United Kingdom,2024-05-31,Basic,219.97
1343,Samuel Nakamura,samuel.nakamura.1343@example.com,United Arab Emirates,2024-11-23,Standard,987.44
1344,Isabella Taylor,isabella.taylor.1344@example.com,Australia,2025-01-12,Premium,3092.19
1345,Isabella Anderson,isabella.anderson.1345@example.com,United Kingdom,2024-07-16,Basic,0.00
1346,Arjun Williams,arjun.williams.1346@example.com,Australia,2024-08-30,Basic,296.00
1347,Ava Dubois,ava.dubois.1347@example.com,Australia,2024-03-09,Standard,756.23
1348,Hugo Rossi,hugo.rossi.1348@example.com,Japan,2024-02-28,Premium,3246.42
1349,Leo Chen,leo.chen.1349@example.com,Australia,2024-12-09,Basic,0.00
1350,Nora Martin,nora.martin.1350@example.com,India,2024-08-10,Basic,289.95
1351,Sofia Nakamura,sofia.nakamura.1351@example.com,Australia,2024-12-20,Standard,853.37
1352,Omar Patel,omar.patel.1352@example.com,Australia,2024-07-21,Premium,3333.68
1353,Sofia Singh,sofia.singh.1353@example.com,United Arab Emirates,2024-03-02,Basic,0.00
1354,Mia Chen,mia.chen.1354@example.com,United Kingdom,2024-09-26,Basic,31.60
1355,Nora Taylor,nora.taylor.1355@example.com,Canada,2024-07-25,Standard,722.00
1356,Arjun Wilson,arjun.wilson.1356@example.com,United Arab Emirates,2024-04-21,Premium,7288.09
1357,Zoe Clarke,zoe.clarke.1357@example.com,Canada,2024-11-22,Basic,0.00
1358,Oliver Anderson,oliver.anderson.1358@example.com,United Kingdom,2024-08-29,Basic,67.86
1359,Aisha Thompson,aisha.thompson.1359@example.com,Australia,2024-11-29,Standard,866.01
1360,Hugo Nakamura,hugo.nakamura.1360@example.com,Germany,2024-02-08,Premium,2565.07
1361,Samuel Taylor,samuel.taylor.1361@example.com,Australia,2024-06-06,Basic,0.00
1362,Isabella Taylor,isabella.taylor.1362@example.com,United Arab Emirates,2024-05-24,Basic,270.73
1363,Hana Chen,hana.chen.1363@example.com,United Arab Emirates,2024-02-03,Standard,914.20
1364,Leo Singh,leo.singh.1364@example.com,United States,2024-09-28,Premium,4253.05
1365,Samuel Ahmed,samuel.ahmed.1365@example.com,United States,2024-09-05,Basic,0.00
1366,Aisha Dubois,aisha.dubois.1366@example.com,Japan,2025-01-22,Basic,196.81
1367,Liam Nakamura,liam.nakamura.1367@example.com,Japan,2024-06-03,Standard,821.51
1368,Olivia Nguyen,olivia.nguyen.1368@example.com,United States,2025-01-20,Premium,4844.53
1369,Samuel Taylor,samuel.taylor.1369@example.com,Australia,2024-04-08,Basic,0.00
1370,Omar Wilson,omar.wilson.1370@example.com,Australia,2024-12-28,Basic,254.85
1371,Olivia Bennett,olivia.bennett.1371@example.com,Japan,2025-01-08,Standard,529.42
1372,Lucas Martin,lucas.martin.1372@example.com,Japan,2024-11-19,Premium,4309.53
1373,Samuel Rossi,samuel.rossi.1373@example.com,United States,2024-09-20,Basic,0.00
1374,Nora Chen,nora.chen.1374@example.com,India,2024-05-05,Basic,45.83
1375,Omar Nakamura,omar.nakamura.1375@example.com,United States,2024-12-18,Standard,914.79
1376,Olivia Dubois,olivia.dubois.1376@example.com,France,2024-10-29,Premium,3912.75
1377,Noah Wilson,noah.wilson.1377@example.com,India,2024-06-18,Basic,0.00
1378,Priya Clarke,priya.clarke.1378@example.com,Singapore,2024-11-21,Basic,33.05
1379,Ava Garcia,ava.garcia.1379@example.com,United Arab Emirates,2024-07-21,Standard,865.41
1380,Samuel Singh,samuel.singh.1380@example.com,Singapore,2025-01-11,Premium,2823.09
1381,Omar Singh,omar.singh.1381@example.com,United Kingdom,2024-08-15,Basic,0.00
1382,Omar Nakamura,omar.nakamura.1382@example.com,United Arab Emirates,2024-02-21,Basic,101.87
1383,Omar Kim,omar.kim.1383@example.com,Canada,2024-12-28,Standard,791.75
1384,Oliver Garcia,oliver.garcia.1384@example.com,Singapore,2025-01-29,Premium,4641.36
1385,Ava Chen,ava.chen.1385@example.com,France,2024-06-02,Basic,0.00
1386,Oliver Williams,oliver.williams.1386@example.com,Japan,2024-11-24,Basic,254.03
1387,Priya Khan,priya.khan.1387@example.com,Australia,2024-07-14,Standard,764.20
1388,Omar Patel,omar.patel.1388@example.com,Singapore,2025-01-14,Premium,1595.45
1389,Leo Patel,leo.patel.1389@example.com,United States,2024-03-04,Basic,0.00
1390,Omar Kim,omar.kim.1390@example.com,Japan,2024-10-06,Basic,294.37
1391,Aisha Ahmed,aisha.ahmed.1391@example.com,United Kingdom,2024-09-28,Standard,660.75
1392,Priya Nguyen,priya.nguyen.1392@example.com,Singapore,2024-06-29,Premium,3289.15
1393,Nora Clarke,nora.clarke.1393@example.com,France,2025-01-10,Basic,0.00
1394,Priya Garcia,priya.garcia.1394@example.com,Australia,2024-09-22,Basic,47.88
1395,Olivia Garcia,olivia.garcia.1395@example.com,India,2024-05-02,Standard,543.99
1396,Lucas Garcia,lucas.garcia.1396@example.com,United Kingdom,2024-04-25,Premium,2338.51
1397,Mia Williams,mia.williams.1397@example.com,Canada,2024-10-12,Basic,0.00
1398,Sofia Khan,sofia.khan.1398@example.com,Singapore,2024-12-18,Basic,263.86
1399,Amelia Wilson,amelia.wilson.1399@example.com,India,2025-01-15,Standard,892.03
1400,Oliver Chen,oliver.chen.1400@example.com,Japan,2024-07-27,Premium,3576.20
1401,Leo Nakamura,leo.nakamura.1401@example.com,United States,2024-06-29,Basic,0.00
1402,Ava Garcia,ava.garcia.1402@example.com,United States,2024-05-29,Basic,30.51
1403,Aisha Santos,aisha.santos.1403@example.com,India,2024-11-23,Standard,765.71
1404,Isabella Santos,isabella.santos.1404@example.com,Japan,2024-11-30,Premium,3609.64
1405,Daniel Ahmed,daniel.ahmed.1405@example.com,Singapore,2024-09-15,Basic,0.00
1406,Nora Wilson,nora.wilson.1406@example.com,United Arab Emirates,2024-04-08,Basic,107.41
1407,Lucas Martin,lucas.martin.1407@example.com,Germany,2024-05-27,Standard,583.15
1408,Hugo Kim,hugo.kim.1408@example.com,Germany,2024-02-25,Premium,3378.22
1409,Sofia Kim,sofia.kim.1409@example.com,Germany,2024-09-21,Basic,0.00
1410,Ethan Clarke,ethan.clarke.1410@example.com,Canada,2025-01-30,Basic,173.74
1411,Oliver Wilson,oliver.wilson.1411@example.com,Canada,2024-04-30,Standard,858.05
1412,Priya Chen,priya.chen.1412@example.com,Canada,2024-06-01,Premium,3657.11
1413,Liam Singh,liam.singh.1413@example.com,France,2024-11-21,Basic,0.00
1414,Sofia Nakamura,sofia.nakamura.1414@example.com,Germany,2024-08-08,Basic,53.28
1415,Ethan Khan,ethan.khan.1415@example.com,Singapore,2025-01-28,Standard,967.01
1416,Noah Santos,noah.santos.1416@example.com,France,2024-04-16,Premium,6221.31
1417,Omar Nakamura,omar.nakamura.1417@example.com,Singapore,2024-04-24,Basic,0.00
1418,Oliver Wilson,oliver.wilson.1418@example.com,United Kingdom,2024-02-13,Basic,52.41
1419,Chloe Thompson,chloe.thompson.1419@example.com,Canada,2024-09-22,Standard,928.29
1420,Isabella Chen,isabella.chen.1420@example.com,United States,2024-11-06,Premium,3364.19
1421,Aisha Santos,aisha.santos.1421@example.com,Germany,2024-09-30,Basic,0.00
1422,Lucas Rossi,lucas.rossi.1422@example.com,Canada,2024-11-16,Basic,20.01
1423,Samuel Nakamura,samuel.nakamura.1423@example.com,France,2025-01-18,Standard,923.58
1424,Liam Thompson,liam.thompson.1424@example.com,United States,2024-04-12,Premium,2174.21
1425,Daniel Nguyen,daniel.nguyen.1425@example.com,United Kingdom,2024-07-07,Basic,0.00
1426,Amelia Dubois,amelia.dubois.1426@example.com,United Arab Emirates,2024-05-23,Basic,100.63
1427,Nora Kim,nora.kim.1427@example.com,United Kingdom,2024-07-17,Standard,790.47
1428,Noah Clarke,noah.clarke.1428@example.com,Australia,2024-11-25,Premium,3073.20
1429,Aisha Anderson,aisha.anderson.1429@example.com,Germany,2024-05-11,Basic,0.00
1430,Amelia Garcia,amelia.garcia.1430@example.com,Singapore,2024-09-16,Basic,171.70
1431,Daniel Garcia,daniel.garcia.1431@example.com,Singapore,2024-08-20,Standard,920.59
1432,Ava Thompson,ava.thompson.1432@example.com,France,2024-12-05,Premium,4656.55
1433,Mateo Ahmed,mateo.ahmed.1433@example.com,United States,2025-01-07,Basic,0.00
1434,Omar Dubois,omar.dubois.1434@example.com,Canada,2024-09-06,Basic,145.44
1435,Omar Dubois,omar.dubois.1435@example.com,France,2024-02-07,Standard,971.09
1436,Lucas Kim,lucas.kim.1436@example.com,France,2024-07-07,Premium,4240.99
1437,Nora Nguyen,nora.nguyen.1437@example.com,United Kingdom,2024-05-21,Basic,0.00
1438,Samuel Nakamura,samuel.nakamura.1438@example.com,India,2024-09-14,Basic,57.31
1439,Lucas Martin,lucas.martin.1439@example.com,India,2024-08-31,Standard,856.37
1440,Sofia Rossi,sofia.rossi.1440@example.com,United Arab Emirates,2024-03-16,Premium,2907.79
1441,Sofia Khan,sofia.khan.1441@example.com,Germany,2024-10-01,Basic,0.00
1442,Aisha Santos,aisha.santos.1442@example.com,United Kingdom,2024-11-29,Basic,252.38
1443,Chloe Garcia,chloe.garcia.1443@example.com,United States,2024-08-28,Standard,911.45
1444,Zoe Patel,zoe.patel.1444@example.com,India,2024-04-30,Premium,2930.10
1445,Oliver Nakamura,oliver.nakamura.1445@example.com,United Arab Emirates,2024-04-11,Basic,0.00
1446,Ava Martin,ava.martin.1446@example.com,India,2024-06-28,Basic,292.70
1447,Oliver Thompson,oliver.thompson.1447@example.com,United States,2024-07-04,Standard,941.48
1448,Hana Wilson,hana.wilson.1448@example.com,Japan,2024-11-13,Premium,4241.71
1449,Samuel Nakamura,samuel.nakamura.1449@example.com,Australia,2024-02-14,Basic,0.00
1450,Amelia Chen,amelia.chen.1450@example.com,Germany,2024-07-03,Basic,86.76
1451,Zoe Thompson,zoe.thompson.1451@example.com,United Kingdom,2024-12-31,Standard,990.75
1452,Daniel Wilson,daniel.wilson.1452@example.com,India,2024-05-02,Premium,6550.17
1453,Hugo Anderson,hugo.anderson.1453@example.com,United States,2024-04-02,Basic,0.00
1454,Mia Thompson,mia.thompson.1454@example.com,United Kingdom,2024-12-03,Basic,104.22
1455,Samuel Kim,samuel.kim.1455@example.com,United Arab Emirates,2024-10-04,Standard,873.14
1456,Hana Taylor,hana.taylor.1456@example.com,Germany,2024-12-18,Premium,3791.79
1457,Daniel Thompson,daniel.thompson.1457@example.com,United Kingdom,2024-08-10,Basic,0.00
1458,Aisha Rossi,aisha.rossi.1458@example.com,United States,2024-06-12,Basic,44.53
1459,Ethan Rossi,ethan.rossi.1459@example.com,United States,2024-04-15,Standard,898.16
1460,Isabella Nakamura,isabella.nakamura.1460@example.com,Canada,2024-08-01,Premium,4901.91
1461,Ethan Singh,ethan.singh.1461@example.com,Germany,2024-08-03,Basic,0.00
1462,Leo Kim,leo.kim.1462@example.com,United States,2024-06-28,Basic,227.46
1463,Lucas Ahmed,lucas.ahmed.1463@example.com,United Kingdom,2024-10-21,Standard,775.77
1464,Ava Martin,ava.martin.1464@example.com,United Kingdom,2024-12-03,Premium,4008.42
1465,Ethan Nguyen,ethan.nguyen.1465@example.com,France,2024-07-11,Basic,0.00
1466,Daniel Wilson,daniel.wilson.1466@example.com,Germany,2025-01-16,Basic,29.70
1467,Priya Kim,priya.kim.1467@example.com,United Kingdom,2024-10-31,Standard,525.94
1468,Hana Kim,hana.kim.1468@example.com,Canada,2024-02-07,Premium,2002.11
1469,Sofia Ahmed,sofia.ahmed.1469@example.com,Germany,2024-08-09,Basic,0.00
1470,Hugo Taylor,hugo.taylor.1470@example.com,France,2024-04-24,Basic,264.69
1471,Liam Khan,liam.khan.1471@example.com,Canada,2024-10-15,Standard,881.70
1472,Arjun Khan,arjun.khan.1472@example.com,Singapore,2024-12-11,Premium,5738.94
1473,Priya Ahmed,priya.ahmed.1473@example.com,Singapore,2025-01-30,Basic,0.00
1474,Oliver Williams,oliver.williams.1474@example.com,India,2024-09-23,Basic,230.89
1475,Olivia Williams,olivia.williams.1475@example.com,Canada,2024-02-09,Standard,703.24
1476,Hugo Kim,hugo.kim.1476@example.com,Germany,2025-01-19,Premium,4078.64
1477,Omar Chen,omar.chen.1477@example.com,Japan,2024-12-02,Basic,0.00
1478,Aisha Santos,aisha.santos.1478@example.com,Canada,2025-01-29,Basic,231.20
1479,Lucas Bennett,lucas.bennett.1479@example.com,United Kingdom,2024-05-24,Standard,733.61
1480,Sofia Chen,sofia.chen.1480@example.com,Australia,2024-07-07,Premium,5097.12
1481,Sofia Khan,sofia.khan.1481@example.com,Canada,2024-03-12,Basic,0.00
1482,Leo Williams,leo.williams.1482@example.com,United Kingdom,2024-02-10,Basic,222.65
1483,Hugo Taylor,hugo.taylor.1483@example.com,United States,2024-05-11,Standard,431.22
1484,Liam Singh,liam.singh.1484@example.com,Singapore,2024-11-30,Premium,2690.56
1485,Noah Thompson,noah.thompson.1485@example.com,United Kingdom,2024-06-09,Basic,0.00
1486,Noah Garcia,noah.garcia.1486@example.com,Germany,2025-01-07,Basic,64.44
1487,Amelia Williams,amelia.williams.1487@example.com,United Kingdom,2024-12-05,Standard,864.88
1488,Ava Rossi,ava.rossi.1488@example.com,Australia,2024-05-05,Premium,5034.52
1489,Daniel Kim,daniel.kim.1489@example.com,United States,2024-03-18,Basic,0.00
1490,Sofia Patel,sofia.patel.1490@example.com,United Arab Emirates,2024-07-28,Basic,185.85
1491,Omar Martin,omar.martin.1491@example.com,Singapore,2024-12-10,Standard,756.34
1492,Arjun Ahmed,arjun.ahmed.1492@example.com,United Arab Emirates,2024-03-06,Premium,1289.30
1493,Liam Rossi,liam.rossi.1493@example.com,United States,2024-10-28,Basic,0.00
1494,Ava Khan,ava.khan.1494@example.com,Germany,2024-04-28,Basic,36.69
1495,Oliver Bennett,oliver.bennett.1495@example.com,United Kingdom,2024-05-20,Standard,928.90
1496,Aisha Thompson,aisha.thompson.1496@example.com,France,2025-01-23,Premium,1284.38
1497,Hana Martin,hana.martin.1497@example.com,Japan,2025-01-10,Basic,0.00
1498,Liam Martin,liam.martin.1498@example.com,France,2024-08-13,Basic,242.02
1499,Leo Khan,leo.khan.1499@example.com,Singapore,2024-05-27,Standard,857.59
1500,Leo Williams,leo.williams.1500@example.com,France,2024-04-04,Premium,5308.41
1501,Nora Williams,nora.williams.1501@example.com,Singapore,2024-04-10,Basic,0.00
1502,Hugo Kim,hugo.kim.1502@example.com,Germany,2024-11-12,Basic,18.49
1503,Samuel Singh,samuel.singh.1503@example.com,United Kingdom,2024-07-17,Standard,789.29
1504,Hugo Williams,hugo.williams.1504@example.com,India,2024-06-25,Premium,3693.77
1505,Nora Clarke,nora.clarke.1505@example.com,Germany,2025-01-17,Basic,0.00
1506,Nora Anderson,nora.anderson.1506@example.com,Singapore,2024-08-27,Basic,64.44
1507,Lucas Taylor,lucas.taylor.1507@example.com,Australia,2024-03-07,Standard,529.53
1508,Hugo Kim,hugo.kim.1508@example.com,Canada,2024-02-07,Premium,4612.24
1509,Daniel Thompson,daniel.thompson.1509@example.com,United Kingdom,2024-08-21,Basic,0.00
1510,Nora Ahmed,nora.ahmed.1510@example.com,United Kingdom,2024-04-02,Basic,277.55
1511,Sofia Dubois,sofia.dubois.1511@example.com,India,2025-01-21,Standard,742.98
1512,Hana Williams,hana.williams.1512@example.com,Canada,2024-03-05,Premium,2113.12
1513,Omar Khan,omar.khan.1513@example.com,France,2024-05-13,Basic,0.00
1514,Mateo Dubois,mateo.dubois.1514@example.com,United Kingdom,2024-05-30,Basic,264.69
1515,Leo Thompson,leo.thompson.1515@example.com,Germany,2024-11-24,Standard,949.47
1516,Hana Patel,hana.patel.1516@example.com,India,2024-08-01,Premium,3693.56
1517,Hugo Clarke,hugo.clarke.1517@example.com,India,2024-10-06,Basic,0.00
1518,Aisha Patel,aisha.patel.1518@example.com,Canada,2024-09-20,Basic,197.17
1519,Liam Williams,liam.williams.1519@example.com,Germany,2024-10-08,Standard,532.95
1520,Hugo Anderson,hugo.anderson.1520@example.com,Canada,2024-02-16,Premium,1595.67
1521,Liam Singh,liam.singh.1521@example.com,United Kingdom,2024-10-13,Basic,0.00
1522,Daniel Bennett,daniel.bennett.1522@example.com,Canada,2024-08-14,Basic,234.79
1523,Mateo Santos,mateo.santos.1523@example.com,Canada,2024-07-05,Standard,674.65
1524,Mateo Clarke,mateo.clarke.1524@example.com,United Kingdom,2024-03-11,Premium,5124.74
1525,Daniel Ahmed,daniel.ahmed.1525@example.com,Japan,2024-09-26,Basic,0.00
1526,Ava Wilson,ava.wilson.1526@example.com,Japan,2024-10-09,Basic,129.96
1527,Aisha Patel,aisha.patel.1527@example.com,Singapore,2024-07-25,Standard,909.42
1528,Oliver Nguyen,oliver.nguyen.1528@example.com,United States,2024-02-17,Premium,3347.70
1529,Leo Williams,leo.williams.1529@example.com,India,2024-09-18,Basic,0.00
1530,Isabella Dubois,isabella.dubois.1530@example.com,Japan,2024-09-23,Basic,216.49
1531,Noah Singh,noah.singh.1531@example.com,Canada,2024-11-12,Standard,706.40
1532,Daniel Wilson,daniel.wilson.1532@example.com,Canada,2024-10-09,Premium,3374.62
1533,Leo Chen,leo.chen.1533@example.com,Germany,2024-08-18,Basic,0.00
1534,Hugo Williams,hugo.williams.1534@example.com,United Arab Emirates,2025-01-11,Basic,234.79
1535,Hugo Nguyen,hugo.nguyen.1535@example.com,Singapore,2024-11-19,Standard,972.83
1536,Hugo Thompson,hugo.thompson.1536@example.com,Singapore,2024-04-21,Premium,4163.56
1537,Aisha Singh,aisha.singh.1537@example.com,India,2024-06-14,Basic,0.00
1538,Hugo Rossi,hugo.rossi.1538@example.com,India,2024-12-12,Basic,162.73
1539,Daniel Kim,daniel.kim.1539@example.com,Germany,2024-07-14,Standard,922.01
1540,Noah Bennett,noah.bennett.1540@example.com,United Arab Emirates,2024-02-24,Premium,2522.34
1541,Sofia Kim,sofia.kim.1541@example.com,France,2024-11-25,Basic,0.00
1542,Amelia Santos,amelia.santos.1542@example.com,India,2024-03-21,Basic,51.12
1543,Leo Kim,leo.kim.1543@example.com,France,2024-08-29,Standard,954.78
1544,Omar Singh,omar.singh.1544@example.com,Australia,2024-06-06,Premium,1459.28
1545,Arjun Wilson,arjun.wilson.1545@example.com,United Arab Emirates,2024-03-15,Basic,0.00
1546,Priya Garcia,priya.garcia.1546@example.com,Germany,2024-03-30,Basic,57.31
1547,Isabella Martin,isabella.martin.1547@example.com,United States,2024-11-02,Standard,832.56
1548,Isabella Singh,isabella.singh.1548@example.com,Japan,2025-01-02,Premium,4165.85
1549,Leo Rossi,leo.rossi.1549@example.com,Singapore,2024-09-03,Basic,0.00
1550,Mia Bennett,mia.bennett.1550@example.com,Japan,2024-11-28,Basic,15.41
1551,Amelia Santos,amelia.santos.1551@example.com,India,2024-11-19,Standard,621.62
1552,Chloe Santos,chloe.santos.1552@example.com,United Arab Emirates,2024-03-22,Premium,3775.48
1553,Hugo Williams,hugo.williams.1553@example.com,Australia,2024-07-22,Basic,0.00
1554,Hugo Ahmed,hugo.ahmed.1554@example.com,France,2024-04-26,Basic,117.64
1555,Mateo Wilson,mateo.wilson.1555@example.com,France,2024-09-11,Standard,938.63
1556,Ava Thompson,ava.thompson.1556@example.com,United Kingdom,2024-11-01,Premium,2983.04
1557,Ava Wilson,ava.wilson.1557@example.com,Germany,2024-02-25,Basic,0.00
1558,Lucas Rossi,lucas.rossi.1558@example.com,India,2024-05-26,Basic,150.85
1559,Mateo Garcia,mateo.garcia.1559@example.com,United Arab Emirates,2024-03-20,Standard,749.65
1560,Hana Santos,hana.santos.1560@example.com,Germany,2024-03-06,Premium,3916.25
1561,Hana Ahmed,hana.ahmed.1561@example.com,Japan,2024-09-06,Basic,0.00
1562,Ava Kim,ava.kim.1562@example.com,United Kingdom,2024-12-30,Basic,134.07
1563,Lucas Ahmed,lucas.ahmed.1563@example.com,Germany,2024-09-09,Standard,878.60
1564,Daniel Nguyen,daniel.nguyen.1564@example.com,France,2024-05-13,Premium,3546.74
1565,Leo Dubois,leo.dubois.1565@example.com,Germany,2024-12-16,Basic,0.00
1566,Aisha Nakamura,aisha.nakamura.1566@example.com,Singapore,2024-05-03,Basic,18.87
1567,Amelia Ahmed,amelia.ahmed.1567@example.com,Canada,2024-11-22,Standard,993.44
1568,Hugo Khan,hugo.khan.1568@example.com,Japan,2024-06-17,Premium,2558.13
1569,Zoe Nguyen,zoe.nguyen.1569@example.com,United Arab Emirates,2024-09-10,Basic,0.00
1570,Hana Singh,hana.singh.1570@example.com,Singapore,2024-05-13,Basic,257.64
1571,Omar Nakamura,omar.nakamura.1571@example.com,Canada,2024-06-03,Standard,990.48
9041,Sofia Wilson,sofia.wilson.1572@example.com,India,2024-08-29,Basic,0.00
1573,Isabella Garcia,isabella.garcia.1573@example.com,Australia,2024-08-30,Basic,0.00
1574,Mia Wilson,mia.wilson.1574@example.com,Canada,2024-06-11,Basic,85.24
1575,Daniel Clarke,daniel.clarke.1575@example.com,Australia,2024-08-26,Standard,766.77
1576,Arjun Williams,arjun.williams.1576@example.com,Canada,2024-05-09,Premium,2701.81
1577,Amelia Anderson,amelia.anderson.1577@example.com,Germany,2024-09-25,Basic,0.00
1578,Hugo Nguyen,hugo.nguyen.1578@example.com,India,2024-09-04,Basic,120.63
1579,Zoe Singh,zoe.singh.1579@example.com,Australia,2024-04-22,Standard,873.32
1580,Mia Chen,mia.chen.1580@example.com,United States,2024-06-12,Premium,3740.41
1581,Mia Nguyen,mia.nguyen.1581@example.com,Canada,2024-12-26,Basic,0.00
1582,Noah Thompson,noah.thompson.1582@example.com,United States,2024-02-29,Basic,31.60
1583,Olivia Santos,olivia.santos.1583@example.com,United Arab Emirates,2024-07-02,Standard,809.79
1584,Olivia Taylor,olivia.taylor.1584@example.com,France,2025-01-09,Premium,5919.61
1585,Daniel Garcia,daniel.garcia.1585@example.com,India,2024-04-12,Basic,0.00
1586,Arjun Williams,arjun.williams.1586@example.com,United Arab Emirates,2024-10-14,Basic,175.81
1587,Liam Ahmed,liam.ahmed.1587@example.com,United Arab Emirates,2024-10-26,Standard,974.93
1588,Mia Thompson,mia.thompson.1588@example.com,United Kingdom,2024-06-01,Premium,3844.78
1589,Mateo Williams,mateo.williams.1589@example.com,France,2024-07-18,Basic,0.00
1590,Hana Dubois,hana.dubois.1590@example.com,Australia,2024-09-04,Basic,261.83
1591,Ava Chen,ava.chen.1591@example.com,United Kingdom,2024-04-30,Standard,549.91
1592,Ava Patel,ava.patel.1592@example.com,Japan,2024-08-28,Premium,6174.62
1593,Mia Rossi,mia.rossi.1593@example.com,United States,2024-10-09,Basic,0.00
1594,Oliver Kim,oliver.kim.1594@example.com,United Kingdom,2024-07-12,Basic,80.40
1595,Oliver Taylor,oliver.taylor.1595@example.com,Japan,2025-01-15,Standard,324.00
1596,Arjun Patel,arjun.patel.1596@example.com,Canada,2024-08-04,Premium,4543.16
1597,Hugo Kim,hugo.kim.1597@example.com,Germany,2024-02-11,Basic,0.00
1598,Zoe Clarke,zoe.clarke.1598@example.com,United States,2025-01-05,Basic,102.84
1599,Noah Anderson,noah.anderson.1599@example.com,Germany,2024-11-09,Standard,620.28
1600,Chloe Wilson,chloe.wilson.1600@example.com,France,2025-01-16,Premium,1601.94
1601,Liam Nguyen,liam.nguyen.1601@example.com,Australia,2024-09-14,Basic,0.00
1602,Chloe Bennett,chloe.bennett.1602@example.com,India,2024-06-10,Basic,177.38
1603,Lucas Garcia,lucas.garcia.1603@example.com,Australia,2024-07-02,Standard,748.92
1604,Ava Martin,ava.martin.1604@example.com,Japan,2024-12-20,Premium,3577.70
1605,Isabella Taylor,isabella.taylor.1605@example.com,United States,2024-06-20,Basic,0.00
1606,Olivia Thompson,olivia.thompson.1606@example.com,Japan,2024-08-30,Basic,15.41
1607,Isabella Taylor,isabella.taylor.1607@example.com,United Kingdom,2024-04-23,Standard,757.71
1608,Priya Patel,priya.patel.1608@example.com,Singapore,2024-03-05,Premium,1813.49
1609,Omar Taylor,omar.taylor.1609@example.com,United Arab Emirates,2024-11-07,Basic,0.00
1610,Samuel Santos,samuel.santos.1610@example.com,Japan,2025-01-21,Basic,244.37
1611,Amelia Singh,amelia.singh.1611@example.com,Canada,2024-12-19,Standard,678.88
1612,Nora Chen,nora.chen.1612@example.com,United States,2024-08-24,Premium,2421.12
1613,Ava Wilson,ava.wilson.1613@example.com,France,2024-11-21,Basic,0.00
1614,Olivia Williams,olivia.williams.1614@example.com,Canada,2024-06-07,Basic,29.59
1615,Aisha Chen,,United Arab Emirates,2025-01-17,Standard,915.68
1616,Leo Santos,leo.santos.1616@example.com,Japan,2024-10-02,Premium,5695.20
1617,Samuel Chen,samuel.chen.1617@example.com,Germany,2024-04-29,Basic,0.00
1618,Daniel Rossi,daniel.rossi.1618@example.com,France,2024-06-24,Basic,53.28
1619,Ava Garcia,ava.garcia.1619@example.com,India,2024-08-07,Standard,879.32
1620,Ethan Dubois,ethan.dubois.1620@example.com,India,2024-11-19,Premium,4721.24
1621,Arjun Bennett,arjun.bennett.1621@example.com,United States,2024-11-12,Basic,0.00
1622,Zoe Clarke,zoe.clarke.1622@example.com,Australia,2024-03-17,Basic,18.49
1623,Nora Khan,nora.khan.1623@example.com,Germany,2025-01-25,Standard,946.23
1624,Ethan Singh,ethan.singh.1624@example.com,India,2024-12-13,Premium,8871.22
1625,Leo Clarke,leo.clarke.1625@example.com,Germany,2024-04-17,Basic,0.00
1626,Olivia Kim,olivia.kim.1626@example.com,Canada,2024-11-17,Basic,62.57
1627,Liam Bennett,liam.bennett.1627@example.com,Singapore,2024-09-10,Standard,965.29
1628,Nora Thompson,nora.thompson.1628@example.com,United Kingdom,2024-05-25,Premium,3375.64
1629,Priya Khan,priya.khan.1629@example.com,Australia,2024-06-16,Basic,0.00
1630,Lucas Thompson,lucas.thompson.1630@example.com,India,2024-04-07,Basic,52.70
1631,Leo Khan,leo.khan.1631@example.com,United Arab Emirates,2024-05-21,Standard,950.40
1632,Lucas Khan,lucas.khan.1632@example.com,India,2024-05-03,Premium,5123.75
1633,Leo Chen,leo.chen.1633@example.com,United States,2024-06-28,Basic,0.00
1634,Mia Anderson,mia.anderson.1634@example.com,United Arab Emirates,2024-09-18,Basic,198.09
1635,Arjun Kim,arjun.kim.1635@example.com,United Arab Emirates,2025-01-16,Standard,974.66
1636,Zoe Nakamura,zoe.nakamura.1636@example.com,United Kingdom,2024-02-06,Premium,3830.09
1637,Hugo Chen,hugo.chen.1637@example.com,France,2025-01-20,Basic,0.00
1638,Chloe Khan,chloe.khan.1638@example.com,India,2025-01-28,Basic,44.53
1639,Leo Clarke,leo.clarke.1639@example.com,Germany,2024-03-09,Standard,996.07
1640,Liam Nguyen,liam.nguyen.1640@example.com,United States,2024-02-27,Premium,2771.18
1641,Isabella Anderson,isabella.anderson.1641@example.com,Japan,2024-07-31,Basic,0.00
1642,Mateo Clarke,mateo.clarke.1642@example.com,United States,2024-02-03,Basic,117.98
1643,Mia Ahmed,mia.ahmed.1643@example.com,United Arab Emirates,2024-08-14,Standard,970.36
1644,Lucas Dubois,lucas.dubois.1644@example.com,France,2024-04-08,Premium,2906.16
1645,Oliver Singh,oliver.singh.1645@example.com,United Arab Emirates,2024-05-02,Basic,0.00
1646,Mia Martin,mia.martin.1646@example.com,Singapore,2024-10-10,Basic,5.51
1647,Isabella Nakamura,isabella.nakamura.1647@example.com,Canada,2024-03-17,Standard,990.55
1648,Isabella Ahmed,isabella.ahmed.1648@example.com,India,2024-04-13,Premium,7281.52
1649,Mia Williams,mia.williams.1649@example.com,France,2024-02-23,Basic,0.00
1650,Sofia Thompson,sofia.thompson.1650@example.com,Germany,2024-08-03,Basic,97.69
1651,Leo Wilson,leo.wilson.1651@example.com,Germany,2024-12-10,Standard,866.36
1652,Mia Ahmed,mia.ahmed.1652@example.com,France,2024-09-11,Premium,3607.84
1653,Ethan Santos,ethan.santos.1653@example.com,Japan,2024-04-18,Basic,0.00
1654,Oliver Nakamura,oliver.nakamura.1654@example.com,United States,2024-05-07,Basic,248.56
1655,Sofia Singh,sofia.singh.1655@example.com,Australia,2024-05-04,Standard,879.79
1656,Noah Thompson,noah.thompson.1656@example.com,Germany,2024-04-24,Premium,3093.00
1657,Priya Nakamura,priya.nakamura.1657@example.com,India,2024-03-31,Basic,0.00
1658,Hugo Singh,hugo.singh.1658@example.com,Japan,2024-08-01,Basic,91.95
1659,Priya Nguyen,priya.nguyen.1659@example.com,Japan,2024-09-22,Standard,935.86
1660,Hugo Williams,hugo.williams.1660@example.com,Canada,2024-04-04,Premium,1993.95
1661,Omar Garcia,omar.garcia.1661@example.com,Australia,2024-06-25,Basic,0.00
1662,Ethan Martin,ethan.martin.1662@example.com,Singapore,2024-06-19,Basic,248.98
1663,Hana Rossi,hana.rossi.1663@example.com,Australia,2024-11-25,Standard,813.42
1664,Amelia Ahmed,amelia.ahmed.1664@example.com,United Arab Emirates,2024-05-03,Premium,3228.74
1665,Leo Garcia,leo.garcia.1665@example.com,Australia,2024-10-13,Basic,0.00
1666,Daniel Williams,daniel.williams.1666@example.com,France,2024-02-14,Basic,256.31
1667,Lucas Williams,lucas.williams.1667@example.com,India,2024-08-10,Standard,978.12
1668,Hana Williams,hana.williams.1668@example.com,France,2024-04-19,Premium,4169.47
1669,Amelia Garcia,amelia.garcia.1669@example.com,Japan,2025-01-28,Basic,0.00
1670,Daniel Thompson,daniel.thompson.1670@example.com,Japan,2024-12-18,Basic,39.58
1671,Mia Clarke,mia.clarke.1671@example.com,United States,2024-07-18,Standard,900.91
1672,Noah Clarke,noah.clarke.1672@example.com,Japan,2024-07-16,Premium,6609.30
1673,Samuel Rossi,samuel.rossi.1673@example.com,Canada,2024-05-19,Basic,0.00
1674,Noah Wilson,noah.wilson.1674@example.com,France,2024-02-29,Basic,234.79
1675,Samuel Garcia,samuel.garcia.1675@example.com,Singapore,2024-12-05,Standard,924.67
1676,Chloe Garcia,chloe.garcia.1676@example.com,India,2024-06-10,Premium,3296.52
1677,Ethan Anderson,ethan.anderson.1677@example.com,India,2024-03-17,Basic,0.00
1678,Amelia Khan,amelia.khan.1678@example.com,Canada,2024-08-17,Basic,126.55
1679,Chloe Wilson,chloe.wilson.1679@example.com,Canada,2024-04-02,Standard,751.99
1680,Lucas Thompson,lucas.thompson.1680@example.com,India,2024-07-08,Premium,3906.41
1681,Daniel Clarke,daniel.clarke.1681@example.com,Canada,2024-08-02,Basic,0.00
1682,Daniel Williams,daniel.williams.1682@example.com,France,2024-10-20,Basic,142.67
1683,Ava Thompson,ava.thompson.1683@example.com,Japan,2024-08-17,Standard,751.70
1684,Hugo Patel,hugo.patel.1684@example.com,United Arab Emirates,2024-12-04,Premium,7513.88
1685,Leo Garcia,leo.garcia.1685@example.com,India,2024-08-07,Basic,0.00
1686,Mateo Martin,mateo.martin.1686@example.com,India,2024-12-19,Basic,239.62
1687,Leo Garcia,leo.garcia.1687@example.com,United States,2024-10-20,Standard,950.34
1688,Isabella Nakamura,isabella.nakamura.1688@example.com,Australia,2024-12-28,Premium,2351.24
1689,Daniel Chen,daniel.chen.1689@example.com,Japan,2024-10-27,Basic,0.00
1690,Zoe Ahmed,zoe.ahmed.1690@example.com,United Kingdom,2024-06-28,Basic,145.38
1691,Nora Taylor,nora.taylor.1691@example.com,United Kingdom,2024-10-02,Standard,971.29
1692,Lucas Chen,lucas.chen.1692@example.com,Canada,2025-01-16,Premium,4601.62
1693,Lucas Anderson,lucas.anderson.1693@example.com,Singapore,2024-09-06,Basic,0.00
1694,Lucas Rossi,lucas.rossi.1694@example.com,United States,2024-11-09,Basic,261.92
1695,Olivia Singh,olivia.singh.1695@example.com,Singapore,2024-03-27,Standard,946.15
1696,Aisha Taylor,aisha.taylor.1696@example.com,India,2024-03-20,Premium,4977.39
1697,Nora Rossi,nora.rossi.1697@example.com,Germany,2024-07-31,Basic,0.00
1698,Mia Rossi,mia.rossi.1698@example.com,United Kingdom,2024-10-15,Basic,272.67
1699,Amelia Williams,amelia.williams.1699@example.com,Japan,2024-05-02,Standard,625.64
1700,Ethan Dubois,ethan.dubois.1700@example.com,United States,2024-03-14,Premium,6310.75
1701,Leo Wilson,leo.wilson.1701@example.com,France,2024-11-27,Basic,0.00
1702,Samuel Nakamura,samuel.nakamura.1702@example.com,Japan,2024-12-16,Basic,193.64
1703,Mia Santos,mia.santos.1703@example.com,Canada,2024-05-19,Standard,869.60
1704,Ethan Garcia,ethan.garcia.1704@example.com,United Arab Emirates,2024-06-12,Premium,3247.30
1705,Daniel Williams,daniel.williams.1705@example.com,India,2024-10-31,Basic,0.00
1706,Amelia Bennett,amelia.bennett.1706@example.com,India,2024-03-31,Basic,77.61
1707,Amelia Martin,amelia.martin.1707@example.com,Japan,2024-09-23,Standard,893.93
1708,Priya Dubois,priya.dubois.1708@example.com,United Arab Emirates,2024-10-07,Premium,5387.67
1709,Lucas Clarke,lucas.clarke.1709@example.com,United Arab Emirates,2024-08-03,Basic,0.00
1710,Priya Dubois,priya.dubois.1710@example.com,Germany,2024-03-16,Basic,27.03
1711,Sofia Chen,sofia.chen.1711@example.com,United States,2024-05-08,Standard,746.59
1712,Liam Bennett,liam.bennett.1712@example.com,Australia,2024-02-14,Premium,3491.19
1713,Ava Thompson,ava.thompson.1713@example.com,Canada,2024-12-29,Basic,0.00
1714,Arjun Taylor,arjun.taylor.1714@example.com,Singapore,2024-05-08,Basic,255.05
1715,Olivia Wilson,olivia.wilson.1715@example.com,Japan,2024-04-16,Standard,836.42
1716,Hugo Taylor,hugo.taylor.1716@example.com,United States,2024-03-31,Premium,3866.21
1717,Ethan Chen,ethan.chen.1717@example.com,Japan,2024-10-06,Basic,0.00
1718,Hugo Bennett,hugo.bennett.1718@example.com,Japan,2024-11-26,Basic,51.89
1719,Arjun Khan,arjun.khan.1719@example.com,Germany,2024-11-18,Standard,991.86
1720,Chloe Singh,chloe.singh.1720@example.com,France,2024-02-05,Premium,2296.03
1721,Liam Taylor,liam.taylor.1721@example.com,India,2024-10-11,Basic,0.00
1722,Samuel Rossi,samuel.rossi.1722@example.com,United Arab Emirates,2024-11-10,Basic,216.79
1723,Lucas Singh,lucas.singh.1723@example.com,Japan,2024-08-23,Standard,979.82
1724,Hugo Ahmed,hugo.ahmed.1724@example.com,United Arab Emirates,2024-12-10,Premium,3108.15
1725,Daniel Thompson,daniel.thompson.1725@example.com,Australia,2024-03-03,Basic,0.00
1726,Aisha Bennett,aisha.bennett.1726@example.com,India,2024-11-22,Basic,277.55
1727,Isabella Nguyen,isabella.nguyen.1727@example.com,United Kingdom,2024-06-17,Standard,974.49
1728,Zoe Taylor,zoe.taylor.1728@example.com,Japan,2024-03-31,Premium,3880.43
1729,Hugo Clarke,hugo.clarke.1729@example.com,France,2024-09-17,Basic,0.00
1730,Priya Taylor,priya.taylor.1730@example.com,United States,2024-04-23,Basic,149.84
1731,Lucas Khan,lucas.khan.1731@example.com,Japan,2024-07-26,Standard,943.61
1732,Nora Anderson,nora.anderson.1732@example.com,Singapore,2024-05-23,Premium,5536.03
1733,Hana Santos,hana.santos.1733@example.com,United Arab Emirates,2025-01-02,Basic,0.00
1734,Nora Chen,nora.chen.1734@example.com,Germany,2025-01-30,Basic,270.73
1735,Chloe Taylor,chloe.taylor.1735@example.com,France,2024-09-29,Standard,967.46
1736,Ethan Clarke,ethan.clarke.1736@example.com,Australia,2024-06-24,Premium,4353.86
1737,Priya Garcia,priya.garcia.1737@example.com,Japan,2024-04-07,Basic,0.00
1738,Ethan Khan,ethan.khan.1738@example.com,Canada,2024-12-07,Basic,281.72
1739,Hugo Williams,hugo.williams.1739@example.com,India,2024-10-10,Standard,927.68
1740,Lucas Anderson,lucas.anderson.1740@example.com,Australia,2024-11-12,Premium,4075.18
1741,Noah Bennett,noah.bennett.1741@example.com,France,2024-06-13,Basic,0.00
1742,Omar Martin,omar.martin.1742@example.com,Canada,2024-10-15,Basic,18.49
1743,Noah Garcia,noah.garcia.1743@example.com,France,2024-09-08,Standard,969.54
1744,Liam Clarke,liam.clarke.1744@example.com,Australia,2024-04-02,Premium,4156.98
1745,Oliver Anderson,oliver.anderson.1745@example.com,Japan,2024-06-12,Basic,0.00
1746,Isabella Kim,isabella.kim.1746@example.com,United States,2024-11-12,Basic,11.22
1747,Mia Chen,mia.chen.1747@example.com,Singapore,2024-12-06,Standard,791.82
1748,Daniel Williams,daniel.williams.1748@example.com,United States,2024-09-12,Premium,1583.67
1749,Nora Williams,nora.williams.1749@example.com,United Kingdom,2024-12-09,Basic,0.00
1750,Mateo Williams,mateo.williams.1750@example.com,Singapore,2024-02-22,Basic,213.30
1751,Aisha Williams,aisha.williams.1751@example.com,Canada,2024-12-19,Standard,875.07
1752,Liam Khan,liam.khan.1752@example.com,France,2024-04-21,Premium,3909.40
1753,Samuel Wilson,samuel.wilson.1753@example.com,Japan,2024-10-17,Basic,0.00
1754,Hugo Williams,hugo.williams.1754@example.com,Canada,2024-12-28,Basic,106.71
1755,Omar Santos,omar.santos.1755@example.com,Canada,2024-04-03,Standard,588.80
1756,Ava Nakamura,ava.nakamura.1756@example.com,India,2024-02-04,Premium,2751.46
1757,Arjun Thompson,arjun.thompson.1757@example.com,France,2024-06-26,Basic,0.00
1758,Aisha Martin,aisha.martin.1758@example.com,United Kingdom,2024-06-16,Basic,14.23
1759,Omar Taylor,omar.taylor.1759@example.com,France,2024-12-19,Standard,871.87
1760,Daniel Anderson,daniel.anderson.1760@example.com,Canada,2024-10-29,Premium,4564.76
1761,Leo Anderson,leo.anderson.1761@example.com,Canada,2024-09-07,Basic,0.00
1762,Leo Taylor,leo.taylor.1762@example.com,Japan,2024-10-22,Basic,71.93
1763,Daniel Kim,daniel.kim.1763@example.com,United States,2024-09-14,Standard,794.56
1764,Sofia Bennett,sofia.bennett.1764@example.com,Singapore,2024-03-07,Premium,3482.31
1765,Olivia Santos,olivia.santos.1765@example.com,France,2024-08-24,Basic,0.00
1766,Ethan Taylor,ethan.taylor.1766@example.com,United States,2024-08-20,Basic,174.88
1767,Noah Chen,noah.chen.1767@example.com,United Arab Emirates,2024-03-01,Standard,595.70
1768,Zoe Ahmed,zoe.ahmed.1768@example.com,Germany,2024-09-02,Premium,2162.42
1769,Chloe Nguyen,chloe.nguyen.1769@example.com,Germany,2024-07-10,Basic,0.00
1770,Omar Bennett,omar.bennett.1770@example.com,Germany,2024-10-28,Basic,222.65
1771,Mateo Chen,mateo.chen.1771@example.com,India,2024-09-16,Standard,975.35
1772,Zoe Khan,zoe.khan.1772@example.com,Singapore,2024-12-16,Premium,3566.42
1773,Mateo Nakamura,mateo.nakamura.1773@example.com,France,2024-12-29,Basic,0.00
1774,Chloe Khan,chloe.khan.1774@example.com,Germany,2024-03-15,Basic,62.57
1775,Noah Nguyen,noah.nguyen.1775@example.com,France,2024-08-18,Standard,824.54
1776,Samuel Chen,samuel.chen.1776@example.com,Singapore,2024-11-03,Premium,3512.46
1777,Lucas Khan,lucas.khan.1777@example.com,United Kingdom,2024-10-19,Basic,0.00
1778,Oliver Wilson,oliver.wilson.1778@example.com,Singapore,2024-07-24,Basic,67.86
1779,Zoe Martin,zoe.martin.1779@example.com,United States,2024-02-15,Standard,549.72
1780,Oliver Rossi,oliver.rossi.1780@example.com,Germany,2024-06-03,Premium,1879.96
1781,Lucas Taylor,lucas.taylor.1781@example.com,Singapore,2024-03-28,Basic,0.00
1782,Samuel Singh,samuel.singh.1782@example.com,France,2024-06-12,Basic,52.41
1783,Zoe Ahmed,zoe.ahmed.1783@example.com,France,2024-04-04,Standard,834.49
1784,Noah Williams,noah.williams.1784@example.com,Japan,2024-07-02,Premium,6051.99
1785,Hana Bennett,hana.bennett.1785@example.com,Japan,2024-07-23,Basic,0.00
1786,Arjun Rossi,arjun.rossi.1786@example.com,United Arab Emirates,2024-12-18,Basic,126.55
1787,Daniel Nguyen,daniel.nguyen.1787@example.com,United Arab Emirates,2024-05-30,Standard,704.17
1788,Omar Wilson,omar.wilson.1788@example.com,Germany,2025-01-07,Premium,3980.37
1789,Priya Rossi,priya.rossi.1789@example.com,Canada,2024-08-12,Basic,0.00
1790,Aisha Anderson,aisha.anderson.1790@example.com,United Kingdom,2024-07-17,Basic,26.52
1791,Aisha Rossi,aisha.rossi.1791@example.com,Australia,2024-08-03,Standard,913.40
1792,Nora Williams,nora.williams.1792@example.com,Canada,2025-01-30,Premium,3455.54
1793,Leo Taylor,leo.taylor.1793@example.com,United Kingdom,2024-03-19,Basic,0.00
1794,Noah Taylor,noah.taylor.1794@example.com,Canada,2024-10-01,Basic,254.85
1795,Ava Nakamura,ava.nakamura.1795@example.com,United Kingdom,2024-08-08,Standard,979.45
1796,Daniel Ahmed,daniel.ahmed.1796@example.com,India,2024-11-28,Premium,4520.03
1797,Oliver Ahmed,oliver.ahmed.1797@example.com,India,2024-06-15,Basic,0.00
1798,Hana Thompson,hana.thompson.1798@example.com,India,2024-09-13,Basic,166.97
1799,Priya Thompson,priya.thompson.1799@example.com,India,2024-04-24,Standard,671.51
1800,Sofia Ahmed,sofia.ahmed.1800@example.com,Canada,2024-10-06,Premium,2788.45
1801,Priya Nakamura,priya.nakamura.1801@example.com,Canada,2025-01-26,Basic,0.00
1802,Aisha Ahmed,aisha.ahmed.1802@example.com,United Kingdom,2025-01-21,Basic,286.34
1803,Ava Nakamura,ava.nakamura.1803@example.com,Japan,2024-02-17,Standard,341.94
1804,Samuel Martin,samuel.martin.1804@example.com,Singapore,2024-08-08,Premium,4273.66
1805,Liam Clarke,liam.clarke.1805@example.com,India,2024-03-28,Basic,0.00
1806,Liam Kim,liam.kim.1806@example.com,United Arab Emirates,2024-06-28,Basic,91.66
1807,Noah Ahmed,noah.ahmed.1807@example.com,Canada,2024-04-01,Standard,971.44
1808,Omar Wilson,omar.wilson.1808@example.com,France,2024-07-05,Premium,3077.17
1809,Lucas Thompson,,United States,2024-04-14,Basic,0.00
1810,Sofia Rossi,sofia.rossi.1810@example.com,India,2024-02-25,Basic,225.95
1811,Lucas Wilson,lucas.wilson.1811@example.com,Australia,2024-05-04,Standard,970.66
1812,Samuel Thompson,samuel.thompson.1812@example.com,United States,2024-04-03,Premium,2943.24
1813,Oliver Kim,oliver.kim.1813@example.com,United Kingdom,2024-02-23,Basic,0.00
1814,Leo Thompson,leo.thompson.1814@example.com,United Arab Emirates,2024-07-08,Basic,36.69
1815,Hana Nakamura,hana.nakamura.1815@example.com,France,2024-08-12,Standard,885.60
1816,Hugo Clarke,hugo.clarke.1816@example.com,Canada,2024-04-11,Premium,5452.61
1817,Aisha Nakamura,aisha.nakamura.1817@example.com,Japan,2025-01-07,Basic,0.00
1818,Nora Chen,nora.chen.1818@example.com,France,2024-03-17,Basic,163.00
1819,Mateo Clarke,mateo.clarke.1819@example.com,India,2024-08-17,Standard,998.48
1820,Arjun Dubois,arjun.dubois.1820@example.com,France,2024-11-03,Premium,4614.85
1821,Noah Nakamura,noah.nakamura.1821@example.com,Germany,2024-12-27,Basic,0.00
1822,Olivia Martin,olivia.martin.1822@example.com,United States,2024-11-19,Basic,209.62
1823,Zoe Wilson,zoe.wilson.1823@example.com,Singapore,2024-12-27,Standard,872.45
7358,Liam Nguyen,liam.nguyen.1824@example.com,United Kingdom,2024-05-09,Basic,878.10
1825,Mateo Nguyen,mateo.nguyen.1825@example.com,United Arab Emirates,2024-02-28,Basic,0.00
1826,Hana Ahmed,hana.ahmed.1826@example.com,Australia,2024-10-01,Basic,167.59
1827,Aisha Bennett,aisha.bennett.1827@example.com,United Kingdom,2025-01-03,Standard,899.07
1828,Oliver Martin,oliver.martin.1828@example.com,United States,2024-06-20,Premium,3752.68
1829,Ava Anderson,ava.anderson.1829@example.com,United Arab Emirates,2024-09-15,Basic,0.00
1830,Olivia Nguyen,olivia.nguyen.1830@example.com,United Arab Emirates,2024-07-14,Basic,57.31
1831,Chloe Rossi,chloe.rossi.1831@example.com,United States,2024-10-09,Standard,923.15
1832,Amelia Santos,amelia.santos.1832@example.com,India,2024-05-03,Premium,3397.42
1833,Leo Bennett,leo.bennett.1833@example.com,Singapore,2024-07-12,Basic,0.00
1834,Chloe Patel,chloe.patel.1834@example.com,United Kingdom,2024-03-30,Basic,155.59
1835,Liam Nguyen,liam.nguyen.1835@example.com,Canada,2024-06-26,Standard,754.87
1836,Sofia Martin,sofia.martin.1836@example.com,Germany,2024-03-17,Premium,2747.23
1837,Sofia Wilson,sofia.wilson.1837@example.com,India,2025-01-13,Basic,0.00
1838,Ethan Singh,ethan.singh.1838@example.com,United Arab Emirates,2024-07-16,Basic,276.79
1839,Ethan Bennett,ethan.bennett.1839@example.com,United States,2024-07-02,Standard,708.26
1840,Chloe Williams,chloe.williams.1840@example.com,France,2024-04-13,Premium,4076.14
1841,Leo Santos,leo.santos.1841@example.com,Germany,2024-08-11,Basic,0.00
1842,Liam Singh,liam.singh.1842@example.com,Australia,2024-06-02,Basic,230.89
1843,Mateo Rossi,mateo.rossi.1843@example.com,Australia,2024-10-10,Standard,850.34
1844,Aisha Ahmed,aisha.ahmed.1844@example.com,India,2024-03-30,Premium,2826.02
1845,Mia Singh,mia.singh.1845@example.com,France,2024-09-25,Basic,0.00
1846,Oliver Taylor,oliver.taylor.1846@example.com,United Kingdom,2024-10-05,Basic,80.85
1847,Amelia Taylor,amelia.taylor.1847@example.com,Australia,2024-02-10,Standard,907.29
1848,Mia Nguyen,mia.nguyen.1848@example.com,United Arab Emirates,2025-01-11,Premium,3379.23
1849,Liam Anderson,liam.anderson.1849@example.com,Singapore,2024-12-30,Basic,0.00
1850,Sofia Wilson,sofia.wilson.1850@example.com,United Arab Emirates,2024-08-27,Basic,154.97
1851,Nora Garcia,nora.garcia.1851@example.com,Singapore,2024-05-15,Standard,969.50
1852,Sofia Kim,sofia.kim.1852@example.com,Singapore,2024-04-27,Premium,4490.34
1853,Arjun Nguyen,arjun.nguyen.1853@example.com,India,2024-11-11,Basic,0.00
1854,Nora Singh,nora.singh.1854@example.com,United States,2024-09-25,Basic,137.44
1855,Mateo Wilson,mateo.wilson.1855@example.com,Canada,2024-02-01,Standard,990.79
1856,Noah Thompson,noah.thompson.1856@example.com,Germany,2024-12-03,Premium,4134.43
1857,Mia Dubois,mia.dubois.1857@example.com,France,2024-12-20,Basic,0.00
1858,Ava Rossi,ava.rossi.1858@example.com,Singapore,2024-06-24,Basic,237.48
1859,Noah Martin,noah.martin.1859@example.com,Singapore,2024-11-15,Standard,886.44
1860,Olivia Wilson,olivia.wilson.1860@example.com,United Kingdom,2024-08-21,Premium,4504.68
1861,Priya Williams,priya.williams.1861@example.com,Canada,2024-11-11,Basic,0.00
1862,Mia Taylor,mia.taylor.1862@example.com,Australia,2024-12-09,Basic,164.34
1863,Aisha Santos,aisha.santos.1863@example.com,France,2024-12-22,Standard,945.09
1864,Mia Nakamura,mia.nakamura.1864@example.com,Germany,2024-06-05,Premium,2850.79
1865,Daniel Santos,daniel.santos.1865@example.com,France,2024-05-18,Basic,0.00
1866,Nora Clarke,nora.clarke.1866@example.com,France,2024-02-09,Basic,140.95
1867,Priya Chen,priya.chen.1867@example.com,United States,2024-12-08,Standard,891.87
1868,Hugo Bennett,hugo.bennett.1868@example.com,United States,2025-01-10,Premium,4672.01
1869,Ethan Taylor,ethan.taylor.1869@example.com,Singapore,2025-01-22,Basic,0.00
1870,Priya Thompson,priya.thompson.1870@example.com,India,2024-11-02,Basic,146.76
1871,Olivia Garcia,olivia.garcia.1871@example.com,Singapore,2024-02-16,Standard,987.36
1872,Daniel Nakamura,daniel.nakamura.1872@example.com,United Kingdom,2024-07-30,Premium,2010.55
1873,Chloe Clarke,chloe.clarke.1873@example.com,France,2024-08-17,Basic,0.00
1874,Ethan Bennett,ethan.bennett.1874@example.com,United Kingdom,2024-09-24,Basic,264.10
1875,Omar Khan,omar.khan.1875@example.com,Japan,2024-02-05,Standard,971.54
1876,Arjun Bennett,arjun.bennett.1876@example.com,Germany,2025-01-14,Premium,4253.46
1877,Priya Kim,priya.kim.1877@example.com,Australia,2024-03-18,Basic,0.00
1878,Mateo Wilson,mateo.wilson.1878@example.com,Australia,2024-05-30,Basic,126.08
1879,Hugo Kim,hugo.kim.1879@example.com,United States,2024-06-23,Standard,597.25
1880,Hugo Clarke,hugo.clarke.1880@example.com,Australia,2024-02-04,Premium,2784.77
1881,Ava Dubois,ava.dubois.1881@example.com,United Kingdom,2024-06-22,Basic,0.00
1882,Hana Ahmed,hana.ahmed.1882@example.com,Japan,2024-04-28,Basic,275.57
1883,Oliver Khan,oliver.khan.1883@example.com,United Arab Emirates,2025-01-10,Standard,993.86
1884,Daniel Clarke,daniel.clarke.1884@example.com,United Arab Emirates,2024-04-30,Premium,2698.48
1885,Olivia Rossi,olivia.rossi.1885@example.com,Canada,2024-03-05,Basic,0.00
1886,Sofia Patel,sofia.patel.1886@example.com,United Arab Emirates,2024-05-27,Basic,258.12
1887,Aisha Patel,aisha.patel.1887@example.com,Australia,2025-01-13,Standard,821.56
1888,Amelia Nguyen,amelia.nguyen.1888@example.com,United Arab Emirates,2024-06-09,Premium,4036.36
1889,Daniel Nguyen,daniel.nguyen.1889@example.com,Japan,2024-02-02,Basic,0.00
1890,Leo Singh,leo.singh.1890@example.com,France,2024-09-09,Basic,193.43
1891,Leo Patel,leo.patel.1891@example.com,United Kingdom,2025-01-14,Standard,766.89
1892,Aisha Nakamura,aisha.nakamura.1892@example.com,Japan,2024-08-04,Premium,2825.37
1893,Aisha Singh,aisha.singh.1893@example.com,Australia,2024-02-25,Basic,0.00
1894,Mia Taylor,mia.taylor.1894@example.com,Singapore,2024-09-17,Basic,253.99
1895,Isabella Bennett,isabella.bennett.1895@example.com,India,2024-05-10,Standard,345.34
1896,Isabella Garcia,isabella.garcia.1896@example.com,United Arab Emirates,2024-02-13,Premium,3931.73
1897,Samuel Anderson,samuel.anderson.1897@example.com,India,2024-03-10,Basic,0.00
1898,Arjun Khan,arjun.khan.1898@example.com,Canada,2024-07-18,Basic,245.72
1899,Lucas Garcia,lucas.garcia.1899@example.com,United Kingdom,2024-02-15,Standard,869.85
1900,Hugo Taylor,hugo.taylor.1900@example.com,United States,2024-11-30,Premium,1824.01
1901,Zoe Santos,zoe.santos.1901@example.com,Germany,2024-06-06,Basic,0.00
1902,Liam Thompson,liam.thompson.1902@example.com,Australia,2024-07-24,Basic,112.48
1903,Noah Santos,noah.santos.1903@example.com,Singapore,2024-06-01,Standard,776.86
1904,Olivia Clarke,olivia.clarke.1904@example.com,United Arab Emirates,2024-09-12,Premium,3662.10
1905,Liam Nakamura,liam.nakamura.1905@example.com,United Arab Emirates,2024-04-04,Basic,0.00
1906,Olivia Singh,olivia.singh.1906@example.com,United States,2024-08-12,Basic,261.92
1907,Isabella Garcia,isabella.garcia.1907@example.com,Canada,2024-03-03,Standard,851.87
1908,Nora Singh,nora.singh.1908@example.com,Germany,2024-12-09,Premium,2748.57
1909,Zoe Taylor,zoe.taylor.1909@example.com,United Kingdom,2024-03-24,Basic,0.00
1910,Daniel Singh,daniel.singh.1910@example.com,Singapore,2024-02-27,Basic,220.93
1911,Lucas Dubois,lucas.dubois.1911@example.com,India,2024-03-21,Standard,931.15
1912,Mateo Taylor,mateo.taylor.1912@example.com,Australia,2024-12-03,Premium,3085.30
1913,Daniel Clarke,daniel.clarke.1913@example.com,United States,2024-09-20,Basic,0.00
1914,Chloe Nakamura,chloe.nakamura.1914@example.com,India,2024-12-14,Basic,114.21
1915,Mateo Williams,mateo.williams.1915@example.com,France,2024-12-30,Standard,735.50
1916,Daniel Bennett,daniel.bennett.1916@example.com,Japan,2024-10-22,Premium,7079.68
1917,Isabella Rossi,isabella.rossi.1917@example.com,Australia,2024-03-27,Basic,0.00
1918,Liam Bennett,liam.bennett.1918@example.com,United Arab Emirates,2024-03-06,Basic,153.60
1919,Hana Khan,hana.khan.1919@example.com,United Arab Emirates,2024-04-05,Standard,997.61
1920,Zoe Ahmed,zoe.ahmed.1920@example.com,Germany,2024-07-31,Premium,3263.74
1921,Leo Thompson,leo.thompson.1921@example.com,United Arab Emirates,2024-09-15,Basic,0.00
1922,Ethan Anderson,ethan.anderson.1922@example.com,Canada,2024-02-23,Basic,195.87
1923,Noah Chen,noah.chen.1923@example.com,Germany,2024-11-26,Standard,872.39
1924,Leo Ahmed,leo.ahmed.1924@example.com,France,2024-07-09,Premium,3124.23
1925,Hana Nguyen,hana.nguyen.1925@example.com,Canada,2024-04-16,Basic,0.00
1926,Hugo Wilson,hugo.wilson.1926@example.com,United Arab Emirates,2024-07-25,Basic,287.38
1927,Lucas Kim,lucas.kim.1927@example.com,United States,2024-10-23,Standard,795.72
1928,Hana Chen,hana.chen.1928@example.com,United States,2024-06-01,Premium,2315.55
1929,Aisha Nguyen,aisha.nguyen.1929@example.com,United States,2024-09-04,Basic,0.00
1930,Omar Khan,omar.khan.1930@example.com,Australia,2024-12-24,Basic,274.16
1931,Ava Garcia,ava.garcia.1931@example.com,France,2024-05-07,Standard,853.53
1932,Daniel Thompson,daniel.thompson.1932@example.com,Japan,2024-12-04,Premium,7494.77
1933,Priya Santos,priya.santos.1933@example.com,United Arab Emirates,2024-11-16,Basic,0.00
1934,Isabella Clarke,isabella.clarke.1934@example.com,Germany,2024-09-02,Basic,288.46
1935,Isabella Martin,isabella.martin.1935@example.com,United Kingdom,2024-09-20,Standard,938.60
1936,Noah Thompson,noah.thompson.1936@example.com,Australia,2024-02-02,Premium,2370.97
1937,Zoe Anderson,zoe.anderson.1937@example.com,Australia,2024-09-26,Basic,0.00
1938,Mateo Khan,mateo.khan.1938@example.com,Australia,2024-10-04,Basic,284.04
1939,Samuel Santos,samuel.santos.1939@example.com,India,2024-05-16,Standard,434.00
1940,Chloe Martin,chloe.martin.1940@example.com,United States,2024-08-04,Premium,2322.27
1941,Amelia Garcia,amelia.garcia.1941@example.com,France,2024-02-16,Basic,0.00
1942,Oliver Williams,oliver.williams.1942@example.com,Canada,2024-06-28,Basic,266.92
1943,Nora Khan,nora.khan.1943@example.com,United Arab Emirates,2024-08-03,Standard,761.72
1944,Noah Bennett,noah.bennett.1944@example.com,Australia,2024-05-12,Premium,2470.76
1945,Lucas Martin,lucas.martin.1945@example.com,Australia,2024-06-14,Basic,0.00
1946,Samuel Martin,samuel.martin.1946@example.com,France,2024-11-10,Basic,153.77
1947,Arjun Martin,arjun.martin.1947@example.com,Australia,2024-02-12,Standard,516.50
1948,Ethan Patel,ethan.patel.1948@example.com,United Kingdom,2024-02-11,Premium,2241.28
1949,Daniel Chen,daniel.chen.1949@example.com,India,2025-01-01,Basic,0.00
1950,Liam Santos,liam.santos.1950@example.com,Australia,2024-07-06,Basic,263.86
1951,Nora Anderson,nora.anderson.1951@example.com,France,2024-08-09,Standard,985.74
1952,Daniel Martin,daniel.martin.1952@example.com,Singapore,2024-12-16,Premium,2112.55
1953,Leo Garcia,leo.garcia.1953@example.com,United Kingdom,2024-04-14,Basic,0.00
1954,Sofia Khan,sofia.khan.1954@example.com,Australia,2024-10-30,Basic,129.96
1955,Chloe Kim,chloe.kim.1955@example.com,France,2024-12-03,Standard,852.87
1956,Leo Anderson,leo.anderson.1956@example.com,United States,2024-12-12,Premium,2839.38
1957,Hana Khan,hana.khan.1957@example.com,Singapore,2024-06-30,Basic,0.00
1958,Sofia Santos,sofia.santos.1958@example.com,Australia,2024-02-28,Basic,200.79
1959,Zoe Patel,,Canada,2024-10-18,Standard,906.55
1960,Hana Thompson,hana.thompson.1960@example.com,Australia,2024-03-13,Premium,4084.46
1961,Hugo Clarke,hugo.clarke.1961@example.com,United Kingdom,2024-04-26,Basic,0.00
1962,Aisha Dubois,aisha.dubois.1962@example.com,Singapore,2024-08-10,Basic,55.58
1963,Hugo Ahmed,hugo.ahmed.1963@example.com,Japan,2024-05-02,Standard,938.95
1964,Isabella Kim,isabella.kim.1964@example.com,Singapore,2025-01-21,Premium,2517.81
1965,Hugo Thompson,hugo.thompson.1965@example.com,Japan,2024-06-17,Basic,0.00
1966,Hana Dubois,hana.dubois.1966@example.com,United Arab Emirates,2024-12-29,Basic,294.37
1967,Noah Khan,noah.khan.1967@example.com,Australia,2024-05-14,Standard,879.74
1968,Nora Anderson,nora.anderson.1968@example.com,India,2024-05-22,Premium,4020.00
1969,Lucas Taylor,lucas.taylor.1969@example.com,India,2024-11-19,Basic,0.00
1970,Ethan Kim,ethan.kim.1970@example.com,Germany,2024-11-08,Basic,219.97
1971,Olivia Chen,olivia.chen.1971@example.com,United Kingdom,2024-07-01,Standard,795.06
1972,Nora Ahmed,nora.ahmed.1972@example.com,France,2024-05-28,Premium,2879.62
1973,Hana Singh,hana.singh.1973@example.com,Japan,2024-10-20,Basic,0.00
1974,Mateo Santos,mateo.santos.1974@example.com,India,2024-09-18,Basic,217.84
1975,Nora Taylor,nora.taylor.1975@example.com,India,2024-08-07,Standard,556.13
1976,Hugo Santos,hugo.santos.1976@example.com,Germany,2024-08-14,Premium,2404.89
1977,Amelia Martin,amelia.martin.1977@example.com,Japan,2024-05-30,Basic,0.00
1978,Mia Garcia,mia.garcia.1978@example.com,France,2024-03-14,Basic,80.77
1979,Lucas Ahmed,lucas.ahmed.1979@example.com,Singapore,2024-11-06,Standard,952.77
1980,Zoe Garcia,zoe.garcia.1980@example.com,Germany,2024-05-27,Premium,2736.60
1981,Liam Williams,liam.williams.1981@example.com,United Kingdom,2024-08-03,Basic,0.00
1982,Noah Nguyen,noah.nguyen.1982@example.com,Australia,2024-07-20,Basic,283.10
1983,Ava Santos,ava.santos.1983@example.com,Germany,2024-07-04,Standard,710.94
1984,Samuel Patel,samuel.patel.1984@example.com,Australia,2025-01-27,Premium,3480.20
1985,Mateo Chen,mateo.chen.1985@example.com,Singapore,2024-06-13,Basic,0.00
1986,Amelia Wilson,amelia.wilson.1986@example.com,Germany,2024-07-27,Basic,193.10
1987,Chloe Dubois,chloe.dubois.1987@example.com,United Arab Emirates,2025-01-01,Standard,520.89
1988,Amelia Thompson,amelia.thompson.1988@example.com,Singapore,2024-04-17,Premium,10153.69
1989,Chloe Anderson,chloe.anderson.1989@example.com,Australia,2024-05-18,Basic,0.00
1990,Hugo Anderson,hugo.anderson.1990@example.com,Singapore,2024-11-27,Basic,129.96
1991,Oliver Nakamura,oliver.nakamura.1991@example.com,Japan,2024-07-24,Standard,528.04
1992,Olivia Santos,olivia.santos.1992@example.com,Australia,2024-09-07,Premium,8052.11
1993,Priya Taylor,priya.taylor.1993@example.com,Australia,2024-09-12,Basic,0.00
1994,Nora Nguyen,nora.nguyen.1994@example.com,United States,2024-08-10,Basic,169.28
1995,Sofia Rossi,sofia.rossi.1995@example.com,Canada,2024-07-06,Standard,882.84
1996,Samuel Bennett,samuel.bennett.1996@example.com,Japan,2025-01-03,Premium,5048.89
1997,Omar Santos,omar.santos.1997@example.com,Australia,2024-09-02,Basic,0.00
1998,Leo Dubois,leo.dubois.1998@example.com,Singapore,2024-07-03,Basic,283.10
1999,Isabella Rossi,isabella.rossi.1999@example.com,United States,2024-11-17,Standard,283.75
2000,Noah Chen,noah.chen.2000@example.com,Canada,2024-07-19,Premium,5189.10
2001,Hana Clarke,hana.clarke.2001@example.com,United Arab Emirates,2024-11-20,Basic,0.00
2002,Chloe Dubois,chloe.dubois.2002@example.com,Australia,2024-08-19,Basic,243.09
2003,Olivia Nguyen,olivia.nguyen.2003@example.com,India,2024-05-07,Standard,992.61
2004,Hugo Williams,hugo.williams.2004@example.com,France,2024-11-18,Premium,1207.27
2005,Nora Wilson,nora.wilson.2005@example.com,United Kingdom,2024-04-28,Basic,0.00
2006,Liam Nguyen,liam.nguyen.2006@example.com,Canada,2024-02-17,Basic,82.36
2007,Priya Clarke,priya.clarke.2007@example.com,Japan,2024-02-14,Standard,817.13
2008,Ethan Khan,ethan.khan.2008@example.com,United Kingdom,2024-08-16,Premium,1492.38
2009,Lucas Khan,lucas.khan.2009@example.com,Australia,2024-06-29,Basic,0.00
2010,Daniel Ahmed,daniel.ahmed.2010@example.com,United Kingdom,2024-09-20,Basic,227.95
2011,Noah Kim,noah.kim.2011@example.com,Singapore,2024-02-06,Standard,826.81
2012,Ethan Santos,ethan.santos.2012@example.com,India,2024-08-19,Premium,2147.55
2013,Ethan Williams,ethan.williams.2013@example.com,Canada,2024-11-01,Basic,0.00
2014,Leo Thompson,leo.thompson.2014@example.com,United Kingdom,2024-08-18,Basic,145.96
2015,Ava Chen,ava.chen.2015@example.com,Australia,2024-07-08,Standard,962.56
2016,Leo Thompson,leo.thompson.2016@example.com,Canada,2024-12-06,Premium,5346.96
2017,Hana Wilson,hana.wilson.2017@example.com,United Arab Emirates,2024-05-14,Basic,0.00
2018,Aisha Nakamura,aisha.nakamura.2018@example.com,Germany,2024-05-14,Basic,114.28
2019,Amelia Chen,amelia.chen.2019@example.com,Japan,2024-03-04,Standard,555.64
2020,Chloe Clarke,chloe.clarke.2020@example.com,Australia,2024-10-27,Premium,4815.75
2021,Isabella Rossi,isabella.rossi.2021@example.com,Japan,2024-09-23,Basic,0.00
2022,Nora Rossi,nora.rossi.2022@example.com,United States,2024-03-18,Basic,198.79
2023,Lucas Nakamura,lucas.nakamura.2023@example.com,France,2025-01-24,Standard,867.87
2024,Priya Wilson,priya.wilson.2024@example.com,India,2024-12-10,Premium,4982.91
2025,Ethan Taylor,ethan.taylor.2025@example.com,Australia,2024-05-02,Basic,0.00
2026,Mateo Taylor,mateo.taylor.2026@example.com,Japan,2024-08-15,Basic,135.46
2027,Daniel Martin,daniel.martin.2027@example.com,United Arab Emirates,2024-03-20,Standard,963.69
2028,Chloe Singh,chloe.singh.2028@example.com,Australia,2024-04-21,Premium,4865.91
2029,Mia Nguyen,mia.nguyen.2029@example.com,Germany,2025-01-07,Basic,0.00
2030,Olivia Khan,olivia.khan.2030@example.com,Japan,2024-08-29,Basic,135.46
2031,Oliver Williams,oliver.williams.2031@example.com,France,2024-03-11,Standard,931.51
2032,Liam Ahmed,liam.ahmed.2032@example.com,France,2024-08-28,Premium,5272.34
2033,Nora Martin,nora.martin.2033@example.com,Germany,2024-05-17,Basic,0.00
2034,Aisha Singh,aisha.singh.2034@example.com,Japan,2024-02-14,Basic,184.83
2035,Olivia Nakamura,olivia.nakamura.2035@example.com,India,2024-07-25,Standard,963.28
2036,Samuel Dubois,samuel.dubois.2036@example.com,Australia,2024-08-22,Premium,4370.93
2037,Noah Bennett,noah.bennett.2037@example.com,Germany,2024-03-30,Basic,0.00
2038,Priya Chen,priya.chen.2038@example.com,France,2025-01-09,Basic,29.27
2039,Samuel Nakamura,samuel.nakamura.2039@example.com,Japan,2024-09-24,Standard,899.21
2040,Olivia Garcia,olivia.garcia.2040@example.com,Singapore,2025-01-02,Premium,5539.62
2041,Arjun Nakamura,arjun.nakamura.2041@example.com,Canada,2024-09-29,Basic,0.00
2042,Mia Martin,mia.martin.2042@example.com,Canada,2024-02-10,Basic,102.84
2043,Mateo Williams,mateo.williams.2043@example.com,Canada,2024-06-30,Standard,935.87
2044,Liam Nguyen,liam.nguyen.2044@example.com,India,2024-04-27,Premium,1957.79
2045,Olivia Bennett,olivia.bennett.2045@example.com,Germany,2024-04-19,Basic,0.00
2046,Nora Kim,nora.kim.2046@example.com,Canada,2024-05-21,Basic,167.59
2047,Priya Singh,priya.singh.2047@example.com,Singapore,2024-05-21,Standard,464.05
2048,Nora Singh,nora.singh.2048@example.com,Singapore,2024-12-25,Premium,5072.16
2049,Daniel Williams,daniel.williams.2049@example.com,India,2025-01-19,Basic,0.00
2050,Lucas Nakamura,lucas.nakamura.2050@example.com,United States,2024-12-03,Basic,251.83
2051,Amelia Singh,amelia.singh.2051@example.com,India,2024-05-14,Standard,772.63
2052,Arjun Kim,arjun.kim.2052@example.com,Australia,2024-05-13,Premium,4131.51
2053,Olivia Bennett,olivia.bennett.2053@example.com,India,2024-02-15,Basic,0.00
2054,Amelia Santos,amelia.santos.2054@example.com,Australia,2025-01-14,Basic,194.37
2055,Daniel Garcia,daniel.garcia.2055@example.com,Australia,2024-03-21,Standard,839.22
2056,Daniel Martin,daniel.martin.2056@example.com,Canada,2024-02-23,Premium,3759.02
2057,Leo Ahmed,leo.ahmed.2057@example.com,United Kingdom,2024-07-17,Basic,0.00
2058,Isabella Nguyen,isabella.nguyen.2058@example.com,Australia,2024-12-16,Basic,55.58
2059,Ava Nguyen,ava.nguyen.2059@example.com,India,2024-09-07,Standard,959.88
2060,Liam Anderson,liam.anderson.2060@example.com,Australia,2024-03-26,Premium,4188.32
2061,Omar Santos,omar.santos.2061@example.com,Canada,2024-02-08,Basic,0.00
2062,Chloe Santos,chloe.santos.2062@example.com,United States,2024-08-18,Basic,34.53
2063,Ava Nakamura,ava.nakamura.2063@example.com,Australia,2024-03-05,Standard,979.43
2064,Daniel Patel,daniel.patel.2064@example.com,United Arab Emirates,2024-08-07,Premium,4151.23
2065,Noah Garcia,noah.garcia.2065@example.com,Australia,2024-08-29,Basic,0.00
2066,Lucas Clarke,lucas.clarke.2066@example.com,Japan,2024-03-24,Basic,186.54
2067,Priya Nguyen,priya.nguyen.2067@example.com,United Arab Emirates,2024-04-28,Standard,829.65
2068,Mia Williams,mia.williams.2068@example.com,United Arab Emirates,2024-07-16,Premium,3970.18
2069,Zoe Dubois,zoe.dubois.2069@example.com,Canada,2024-07-20,Basic,0.00
2070,Ethan Santos,ethan.santos.2070@example.com,Japan,2024-03-06,Basic,91.95
2071,Isabella Bennett,isabella.bennett.2071@example.com,United Arab Emirates,2024-11-26,Standard,699.53
2072,Nora Dubois,nora.dubois.2072@example.com,Singapore,2024-12-24,Premium,2920.44
2073,Samuel Anderson,samuel.anderson.2073@example.com,Singapore,2024-11-27,Basic,0.00
2074,Priya Bennett,priya.bennett.2074@example.com,Australia,2024-02-11,Basic,163.83
2075,Mateo Williams,mateo.williams.2075@example.com,Germany,2024-06-01,Standard,956.20
2076,Samuel Taylor,samuel.taylor.2076@example.com,Australia,2024-12-14,Premium,3153.42
2077,Olivia Singh,olivia.singh.2077@example.com,Canada,2024-08-10,Basic,0.00
2078,Hugo Wilson,hugo.wilson.2078@example.com,Australia,2024-04-18,Basic,74.50
2079,Chloe Khan,chloe.khan.2079@example.com,United States,2024-06-01,Standard,651.33
2080,Samuel Clarke,samuel.clarke.2080@example.com,Japan,2024-07-18,Premium,6241.63
2081,Sofia Patel,sofia.patel.2081@example.com,France,2024-12-26,Basic,0.00
2082,Noah Ahmed,noah.ahmed.2082@example.com,India,2024-12-28,Basic,200.96
2083,Lucas Bennett,lucas.bennett.2083@example.com,Australia,2024-07-19,Standard,930.80
2084,Isabella Anderson,isabella.anderson.2084@example.com,Australia,2024-11-03,Premium,5182.07
2085,Noah Anderson,noah.anderson.2085@example.com,Australia,2024-12-08,Basic,0.00
2086,Chloe Ahmed,chloe.ahmed.2086@example.com,France,2024-05-04,Basic,62.55
2087,Nora Bennett,nora.bennett.2087@example.com,United Kingdom,2024-10-09,Standard,915.11
2088,Olivia Khan,olivia.khan.2088@example.com,United States,2024-12-21,Premium,5243.11
2089,Sofia Khan,sofia.khan.2089@example.com,Canada,2024-03-18,Basic,0.00
2090,Ethan Rossi,ethan.rossi.2090@example.com,Singapore,2024-05-15,Basic,233.87
2091,Arjun Ahmed,arjun.ahmed.2091@example.com,United Kingdom,2024-09-06,Standard,848.27
2092,Samuel Nakamura,samuel.nakamura.2092@example.com,Germany,2024-04-25,Premium,4313.98
2093,Samuel Khan,samuel.khan.2093@example.com,Australia,2024-09-05,Basic,0.00
2094,Ethan Clarke,ethan.clarke.2094@example.com,Australia,2024-07-05,Basic,60.09
2095,Lucas Rossi,lucas.rossi.2095@example.com,Japan,2024-12-22,Standard,912.77
2096,Ava Patel,ava.patel.2096@example.com,Japan,2024-03-12,Premium,3478.21
2097,Omar Dubois,omar.dubois.2097@example.com,India,2024-04-26,Basic,0.00
2098,Hugo Nakamura,hugo.nakamura.2098@example.com,India,2024-10-16,Basic,175.81
2099,Mateo Taylor,mateo.taylor.2099@example.com,Canada,2024-10-04,Standard,917.90
2100,Amelia Dubois,amelia.dubois.2100@example.com,India,2024-03-14,Premium,1560.31
2101,Lucas Clarke,lucas.clarke.2101@example.com,Singapore,2024-04-19,Basic,0.00
2102,Oliver Martin,oliver.martin.2102@example.com,Germany,2024-08-13,Basic,129.96
2103,Nora Wilson,nora.wilson.2103@example.com,Japan,2024-06-25,Standard,941.14
2104,Chloe Nguyen,chloe.nguyen.2104@example.com,United Arab Emirates,2024-10-04,Premium,4413.89
2105,Olivia Santos,olivia.santos.2105@example.com,Canada,2024-09-28,Basic,0.00
2106,Ava Chen,ava.chen.2106@example.com,Australia,2024-02-03,Basic,159.98
2107,Amelia Ahmed,amelia.ahmed.2107@example.com,France,2024-10-09,Standard,437.30
2108,Chloe Taylor,chloe.taylor.2108@example.com,India,2024-08-10,Premium,4229.83
2109,Chloe Thompson,chloe.thompson.2109@example.com,Germany,2024-12-25,Basic,0.00
2110,Hana Garcia,hana.garcia.2110@example.com,India,2024-02-20,Basic,36.69
2111,Liam Dubois,liam.dubois.2111@example.com,United Arab Emirates,2024-04-24,Standard,706.02
2112,Ava Taylor,ava.taylor.2112@example.com,Germany,2024-07-28,Premium,3685.62
2113,Aisha Thompson,aisha.thompson.2113@example.com,France,2025-01-22,Basic,0.00
2114,Noah Dubois,noah.dubois.2114@example.com,India,2024-06-06,Basic,14.23
2115,Arjun Thompson,arjun.thompson.2115@example.com,United States,2024-08-04,Standard,817.95
2116,Zoe Bennett,zoe.bennett.2116@example.com,Canada,2024-06-13,Premium,3928.73
2117,Mateo Nakamura,mateo.nakamura.2117@example.com,Canada,2024-06-10,Basic,0.00
2118,Arjun Clarke,arjun.clarke.2118@example.com,United Arab Emirates,2025-01-05,Basic,159.11
2119,Ethan Bennett,ethan.bennett.2119@example.com,United Kingdom,2024-03-19,Standard,802.71
2120,Zoe Dubois,zoe.dubois.2120@example.com,India,2025-01-27,Premium,4855.39
2121,Hana Garcia,hana.garcia.2121@example.com,Singapore,2024-05-07,Basic,0.00
2122,Leo Martin,leo.martin.2122@example.com,India,2024-06-09,Basic,74.50
2123,Priya Wilson,priya.wilson.2123@example.com,Singapore,2024-10-30,Standard,740.12
2124,Daniel Dubois,daniel.dubois.2124@example.com,United Arab Emirates,2024-07-07,Premium,4069.43
2125,Samuel Taylor,samuel.taylor.2125@example.com,United Kingdom,2024-03-27,Basic,0.00
2126,Zoe Rossi,zoe.rossi.2126@example.com,France,2024-04-14,Basic,30.86
2127,Mia Khan,mia.khan.2127@example.com,India,2025-01-23,Standard,924.61
2128,Lucas Bennett,lucas.bennett.2128@example.com,Canada,2024-10-09,Premium,3104.15
2129,Amelia Williams,amelia.williams.2129@example.com,United Kingdom,2025-01-22,Basic,0.00
2130,Leo Ahmed,leo.ahmed.2130@example.com,India,2025-01-01,Basic,90.24
2131,Lucas Taylor,lucas.taylor.2131@example.com,Canada,2024-05-01,Standard,733.51
2132,Omar Martin,omar.martin.2132@example.com,Canada,2024-05-12,Premium,1397.84
2133,Hugo Martin,hugo.martin.2133@example.com,Singapore,2024-03-28,Basic,0.00
2134,Nora Rossi,nora.rossi.2134@example.com,Australia,2024-05-06,Basic,103.12
2135,Ava Singh,ava.singh.2135@example.com,Canada,2024-05-09,Standard,983.74
2136,Mia Taylor,mia.taylor.2136@example.com,Japan,2024-12-17,Premium,3383.43
2137,Mateo Williams,mateo.williams.2137@example.com,Canada,2024-03-12,Basic,0.00
2138,Lucas Garcia,lucas.garcia.2138@example.com,India,2024-04-04,Basic,118.17
2139,Mia Garcia,mia.garcia.2139@example.com,France,2024-02-16,Standard,946.23
2140,Hana Anderson,hana.anderson.2140@example.com,Japan,2024-10-06,Premium,2998.32
2141,Daniel Williams,daniel.williams.2141@example.com,United States,2024-03-03,Basic,0.00
2142,Mia Bennett,mia.bennett.2142@example.com,United Arab Emirates,2024-02-22,Basic,180.59
2143,Liam Khan,liam.khan.2143@example.com,Singapore,2024-02-04,Standard,806.30
2144,Chloe Clarke,chloe.clarke.2144@example.com,Singapore,2024-06-16,Premium,1510.02
2145,Hugo Thompson,hugo.thompson.2145@example.com,France,2024-12-06,Basic,0.00
2146,Leo Santos,leo.santos.2146@example.com,France,2025-01-15,Basic,135.46
2147,Isabella Santos,isabella.santos.2147@example.com,Australia,2024-08-03,Standard,910.38
2148,Daniel Dubois,daniel.dubois.2148@example.com,India,2024-12-09,Premium,2870.64
2149,Noah Kim,noah.kim.2149@example.com,France,2024-03-23,Basic,0.00
2150,Amelia Nakamura,amelia.nakamura.2150@example.com,India,2024-04-12,Basic,125.82
2151,Amelia Clarke,amelia.clarke.2151@example.com,United Kingdom,2024-10-29,Standard,978.98
2152,Mia Anderson,mia.anderson.2152@example.com,France,2024-09-19,Premium,3124.37
2153,Mateo Thompson,mateo.thompson.2153@example.com,Singapore,2024-08-30,Basic,0.00
2154,Daniel Khan,daniel.khan.2154@example.com,United States,2024-12-23,Basic,283.97
2155,Isabella Bennett,isabella.bennett.2155@example.com,France,2024-02-24,Standard,905.18
2156,Samuel Santos,samuel.santos.2156@example.com,Japan,2024-05-30,Premium,2062.73
2157,Mateo Thompson,mateo.thompson.2157@example.com,India,2024-12-10,Basic,0.00
2158,Olivia Kim,olivia.kim.2158@example.com,India,2024-10-01,Basic,259.19
2159,Daniel Williams,daniel.williams.2159@example.com,India,2024-06-30,Standard,787.49
2160,Mateo Khan,mateo.khan.2160@example.com,Canada,2024-10-24,Premium,4857.79
2161,Hana Ahmed,hana.ahmed.2161@example.com,United States,2024-04-06,Basic,0.00
2162,Hugo Garcia,hugo.garcia.2162@example.com,Germany,2025-01-10,Basic,237.25
2163,Oliver Nakamura,oliver.nakamura.2163@example.com,Canada,2024-09-16,Standard,899.22
2164,Liam Thompson,liam.thompson.2164@example.com,Singapore,2024-06-03,Premium,4636.90
2165,Arjun Khan,arjun.khan.2165@example.com,Canada,2025-01-03,Basic,0.00
2166,Priya Garcia,priya.garcia.2166@example.com,United Kingdom,2024-09-10,Basic,166.97
2167,Priya Bennett,priya.bennett.2167@example.com,Canada,2024-07-17,Standard,834.88
2168,Chloe Patel,chloe.patel.2168@example.com,Australia,2024-06-11,Premium,4352.81
2169,Daniel Thompson,daniel.thompson.2169@example.com,United Kingdom,2025-01-06,Basic,0.00
2170,Sofia Nguyen,sofia.nguyen.2170@example.com,Japan,2024-03-18,Basic,149.84
2171,Priya Santos,priya.santos.2171@example.com,Australia,2024-11-21,Standard,986.02
2172,Mateo Garcia,mateo.garcia.2172@example.com,France,2024-08-12,Premium,3672.77
2173,Priya Dubois,priya.dubois.2173@example.com,Singapore,2024-09-11,Basic,0.00
2174,Arjun Anderson,arjun.anderson.2174@example.com,Germany,2024-03-31,Basic,193.12
2175,Lucas Garcia,lucas.garcia.2175@example.com,United Kingdom,2024-03-17,Standard,961.02
2176,Isabella Rossi,isabella.rossi.2176@example.com,Australia,2024-03-31,Premium,4883.53
2177,Hana Kim,hana.kim.2177@example.com,Canada,2024-07-10,Basic,0.00
2178,Chloe Rossi,chloe.rossi.2178@example.com,United States,2024-07-09,Basic,241.23
2179,Noah Rossi,noah.rossi.2179@example.com,Singapore,2024-05-08,Standard,522.81
2180,Chloe Taylor,chloe.taylor.2180@example.com,France,2024-08-05,Premium,2358.86
2181,Daniel Chen,daniel.chen.2181@example.com,Singapore,2025-01-05,Basic,0.00
2182,Mateo Rossi,mateo.rossi.2182@example.com,Australia,2024-03-26,Basic,94.43
2183,Chloe Bennett,chloe.bennett.2183@example.com,Singapore,2024-09-23,Standard,890.79
2184,Isabella Chen,isabella.chen.2184@example.com,Germany,2024-05-23,Premium,2518.03
2185,Hugo Nakamura,hugo.nakamura.2185@example.com,Canada,2024-12-04,Basic,0.00
2186,Lucas Chen,lucas.chen.2186@example.com,United States,2024-12-03,Basic,149.84
2187,Isabella Wilson,isabella.wilson.2187@example.com,Singapore,2025-01-18,Standard,727.05
2188,Liam Patel,liam.patel.2188@example.com,United Arab Emirates,2024-10-02,Premium,5317.78
2189,Zoe Khan,zoe.khan.2189@example.com,Japan,2024-06-29,Basic,0.00
2190,Priya Dubois,priya.dubois.2190@example.com,United States,2024-07-20,Basic,243.62
2191,Sofia Khan,sofia.khan.2191@example.com,Australia,2025-01-24,Standard,756.38
2192,Samuel Singh,samuel.singh.2192@example.com,Canada,2024-10-07,Premium,3443.15
2193,Samuel Dubois,samuel.dubois.2193@example.com,Germany,2025-01-03,Basic,0.00
2194,Ethan Bennett,ethan.bennett.2194@example.com,Singapore,2024-08-19,Basic,171.70
2195,Isabella Taylor,isabella.taylor.2195@example.com,Japan,2024-07-28,Standard,983.73
2196,Chloe Dubois,chloe.dubois.2196@example.com,United Kingdom,2024-10-28,Premium,3064.36
2197,Samuel Wilson,samuel.wilson.2197@example.com,Germany,2025-01-22,Basic,0.00
2198,Ava Nguyen,ava.nguyen.2198@example.com,India,2024-03-21,Basic,219.97
2199,Sofia Santos,sofia.santos.2199@example.com,United Arab Emirates,2024-02-28,Standard,971.59
2200,Priya Wilson,priya.wilson.2200@example.com,Japan,2025-01-01,Premium,3739.04
2201,Ethan Rossi,ethan.rossi.2201@example.com,Canada,2024-09-14,Basic,0.00
2202,Priya Thompson,priya.thompson.2202@example.com,Germany,2024-04-15,Basic,64.44
2203,Ava Khan,ava.khan.2203@example.com,Australia,2024-12-30,Standard,905.90
2204,Amelia Kim,amelia.kim.2204@example.com,United Arab Emirates,2024-03-24,Premium,4465.79
2205,Daniel Chen,daniel.chen.2205@example.com,India,2024-09-06,Basic,0.00
2206,Daniel Martin,daniel.martin.2206@example.com,United States,2024-03-21,Basic,45.83
2207,Omar Thompson,omar.thompson.2207@example.com,Canada,2024-02-27,Standard,963.41
2208,Liam Ahmed,liam.ahmed.2208@example.com,France,2024-11-30,Premium,1584.15
2209,Leo Chen,leo.chen.2209@example.com,India,2024-06-05,Basic,0.00
2210,Noah Williams,noah.williams.2210@example.com,Australia,2024-08-22,Basic,217.97
2211,Hugo Wilson,hugo.wilson.2211@example.com,United Arab Emirates,2024-04-29,Standard,959.07
2212,Zoe Dubois,zoe.dubois.2212@example.com,United Kingdom,2024-09-25,Premium,7220.50
2213,Zoe Dubois,zoe.dubois.2213@example.com,Germany,2024-12-20,Basic,0.00
2214,Zoe Nakamura,zoe.nakamura.2214@example.com,France,2024-02-06,Basic,153.68
2215,Liam Williams,liam.williams.2215@example.com,United Kingdom,2024-04-03,Standard,903.52
2216,Hugo Ahmed,hugo.ahmed.2216@example.com,Australia,2024-02-12,Premium,4379.33
2217,Hana Rossi,hana.rossi.2217@example.com,United Arab Emirates,2024-10-03,Basic,0.00
2218,Mia Williams,mia.williams.2218@example.com,United Arab Emirates,2024-05-03,Basic,194.37
2219,Chloe Thompson,chloe.thompson.2219@example.com,India,2024-07-02,Standard,813.02
2220,Hana Chen,hana.chen.2220@example.com,United Kingdom,2024-07-16,Premium,3503.91
2221,Olivia Nguyen,olivia.nguyen.2221@example.com,Canada,2024-08-26,Basic,0.00
2222,Priya Bennett,priya.bennett.2222@example.com,India,2024-11-11,Basic,155.64
2223,Oliver Ahmed,oliver.ahmed.2223@example.com,Japan,2024-03-04,Standard,527.70
2224,Aisha Rossi,aisha.rossi.2224@example.com,Singapore,2024-12-30,Premium,4016.94
2225,Liam Khan,liam.khan.2225@example.com,United Kingdom,2024-05-03,Basic,0.00
2226,Mateo Martin,mateo.martin.2226@example.com,United States,2024-11-11,Basic,99.40
2227,Nora Santos,nora.santos.2227@example.com,United Kingdom,2024-02-21,Standard,968.62
2228,Sofia Rossi,sofia.rossi.2228@example.com,Australia,2024-12-31,Premium,2886.64
2229,Ethan Garcia,ethan.garcia.2229@example.com,Singapore,2024-06-11,Basic,0.00
2230,Noah Garcia,noah.garcia.2230@example.com,United Kingdom,2024-10-17,Basic,175.81
2231,Lucas Kim,lucas.kim.2231@example.com,Singapore,2024-04-28,Standard,780.61
2232,Leo Bennett,leo.bennett.2232@example.com,Australia,2024-07-03,Premium,2204.12
2233,Noah Ahmed,noah.ahmed.2233@example.com,Germany,2025-01-03,Basic,0.00
2234,Oliver Nakamura,oliver.nakamura.2234@example.com,Canada,2024-11-22,Basic,290.25
2235,Hugo Santos,hugo.santos.2235@example.com,Singapore,2024-07-30,Standard,861.37
2236,Mateo Nguyen,mateo.nguyen.2236@example.com,Singapore,2024-05-18,Premium,2724.29
2237,Priya Williams,priya.williams.2237@example.com,United States,2024-06-01,Basic,0.00
2238,Noah Khan,noah.khan.2238@example.com,Canada,2024-07-03,Basic,272.67
2239,Ava Chen,ava.chen.2239@example.com,United Arab Emirates,2024-11-09,Standard,831.06
2240,Ava Rossi,ava.rossi.2240@example.com,France,2024-06-22,Premium,4178.68
2241,Sofia Clarke,sofia.clarke.2241@example.com,India,2024-03-10,Basic,0.00
2242,Oliver Patel,oliver.patel.2242@example.com,Germany,2024-08-14,Basic,44.31
2243,Zoe Martin,zoe.martin.2243@example.com,India,2024-09-21,Standard,718.44
2244,Olivia Patel,olivia.patel.2244@example.com,India,2025-01-21,Premium,2027.86
2245,Sofia Nguyen,sofia.nguyen.2245@example.com,Australia,2024-03-08,Basic,0.00
2246,Zoe Patel,zoe.patel.2246@example.com,Australia,2024-08-09,Basic,252.38
2247,Hana Ahmed,hana.ahmed.2247@example.com,United Arab Emirates,2024-04-24,Standard,668.20
2248,Leo Chen,leo.chen.2248@example.com,France,2024-09-10,Premium,2305.75
2249,Chloe Bennett,chloe.bennett.2249@example.com,United Arab Emirates,2024-06-06,Basic,0.00
2250,Olivia Patel,olivia.patel.2250@example.com,United Kingdom,2024-10-30,Basic,129.33
2251,Liam Nguyen,liam.nguyen.2251@example.com,India,2024-03-05,Standard,661.51
2252,Isabella Garcia,isabella.garcia.2252@example.com,France,2024-07-20,Premium,3164.57
2253,Mia Chen,mia.chen.2253@example.com,Australia,2024-06-20,Basic,0.00
2254,Amelia Williams,amelia.williams.2254@example.com,India,2024-05-24,Basic,243.62
2255,Chloe Williams,chloe.williams.2255@example.com,United Kingdom,2024-04-30,Standard,690.16
2256,Aisha Wilson,aisha.wilson.2256@example.com,United Arab Emirates,2024-10-08,Premium,3254.60
2257,Liam Ahmed,liam.ahmed.2257@example.com,France,2025-01-24,Basic,0.00
2258,Hana Wilson,hana.wilson.2258@example.com,Singapore,2024-06-18,Basic,267.87
2259,Mateo Williams,mateo.williams.2259@example.com,United States,2024-04-28,Standard,178.50
2260,Isabella Dubois,isabella.dubois.2260@example.com,Canada,2024-07-26,Premium,3238.41
2261,Samuel Nguyen,samuel.nguyen.2261@example.com,Singapore,2024-12-01,Basic,0.00
2262,Chloe Thompson,chloe.thompson.2262@example.com,United Arab Emirates,2024-04-06,Basic,164.34
2263,Mia Bennett,mia.bennett.2263@example.com,Singapore,2024-04-20,Standard,993.12
2264,Daniel Chen,daniel.chen.2264@example.com,Canada,2024-08-12,Premium,3018.20
2265,Hana Patel,hana.patel.2265@example.com,United States,2024-12-24,Basic,0.00
2266,Omar Anderson,omar.anderson.2266@example.com,United Arab Emirates,2024-09-02,Basic,157.45
2267,Priya Nakamura,priya.nakamura.2267@example.com,Canada,2024-09-12,Standard,920.69
2268,Omar Nakamura,omar.nakamura.2268@example.com,Singapore,2024-06-26,Premium,3059.40
2269,Mia Taylor,mia.taylor.2269@example.com,Singapore,2024-05-28,Basic,0.00
2270,Lucas Garcia,lucas.garcia.2270@example.com,Germany,2024-08-27,Basic,9.48
2271,Isabella Garcia,isabella.garcia.2271@example.com,United Kingdom,2024-03-11,Standard,957.56
2272,Samuel Anderson,samuel.anderson.2272@example.com,United Kingdom,2024-04-25,Premium,6566.05
2273,Hana Singh,hana.singh.2273@example.com,United Kingdom,2024-06-26,Basic,0.00
2274,Oliver Thompson,oliver.thompson.2274@example.com,United States,2024-09-05,Basic,28.91
2275,Daniel Ahmed,daniel.ahmed.2275@example.com,Canada,2024-10-03,Standard,811.32
2276,Hugo Ahmed,hugo.ahmed.2276@example.com,Singapore,2025-01-23,Premium,2521.48
2277,Liam Dubois,liam.dubois.2277@example.com,United States,2024-12-12,Basic,0.00
2278,Ava Bennett,ava.bennett.2278@example.com,India,2025-01-25,Basic,64.44
2279,Oliver Kim,oliver.kim.2279@example.com,Australia,2025-01-04,Standard,948.70
2280,Aisha Clarke,aisha.clarke.2280@example.com,United States,2024-12-07,Premium,3535.08
2281,Nora Martin,nora.martin.2281@example.com,Singapore,2024-05-26,Basic,0.00
2282,Ethan Garcia,ethan.garcia.2282@example.com,France,2024-04-09,Basic,126.57
2283,Aisha Kim,aisha.kim.2283@example.com,United States,2024-09-04,Standard,949.18
2284,Hugo Dubois,hugo.dubois.2284@example.com,Canada,2024-08-10,Premium,3897.91
2285,Liam Santos,liam.santos.2285@example.com,Australia,2024-11-03,Basic,0.00
2286,Liam Wilson,liam.wilson.2286@example.com,Germany,2024-10-05,Basic,40.42
2287,Lucas Patel,lucas.patel.2287@example.com,Australia,2024-02-02,Standard,964.07
2288,Samuel Rossi,samuel.rossi.2288@example.com,India,2024-05-22,Premium,5896.43
2289,Lucas Ahmed,lucas.ahmed.2289@example.com,United States,2024-09-25,Basic,0.00
2290,Mateo Thompson,mateo.thompson.2290@example.com,United States,2024-08-01,Basic,153.77
2291,Amelia Clarke,amelia.clarke.2291@example.com,Japan,2024-07-18,Standard,733.19
2292,Lucas Kim,lucas.kim.2292@example.com,United Kingdom,2024-02-03,Premium,2951.64
2293,Omar Martin,omar.martin.2293@example.com,India,2024-07-31,Basic,0.00
2294,Amelia Williams,amelia.williams.2294@example.com,India,2024-10-09,Basic,297.10
2295,Ava Garcia,ava.garcia.2295@example.com,Singapore,2024-10-21,Standard,988.58
2296,Sofia Taylor,sofia.taylor.2296@example.com,United Kingdom,2024-10-07,Premium,3531.43
2297,Amelia Chen,amelia.chen.2297@example.com,Germany,2024-05-26,Basic,0.00
2298,Hugo Dubois,hugo.dubois.2298@example.com,France,2024-07-03,Basic,30.28
2299,Omar Taylor,omar.taylor.2299@example.com,Canada,2024-11-01,Standard,743.39
2300,Mia Williams,mia.williams.2300@example.com,Japan,2025-01-02,Premium,5345.36
2301,Nora Martin,nora.martin.2301@example.com,Canada,2024-07-31,Basic,0.00
2302,Samuel Taylor,samuel.taylor.2302@example.com,United States,2024-08-02,Basic,166.12
2303,Priya Khan,priya.khan.2303@example.com,United Kingdom,2024-05-08,Standard,641.93
2304,Lucas Singh,lucas.singh.2304@example.com,Canada,2024-08-21,Premium,3936.40
2305,Leo Santos,leo.santos.2305@example.com,United States,2024-04-23,Basic,0.00
2306,Daniel Khan,daniel.khan.2306@example.com,Japan,2025-01-06,Basic,245.72
2307,Mia Williams,mia.williams.2307@example.com,India,2024-10-08,Standard,955.13
2308,Oliver Thompson,oliver.thompson.2308@example.com,Canada,2024-07-16,Premium,3994.34
2309,Chloe Ahmed,chloe.ahmed.2309@example.com,India,2024-04-08,Basic,0.00
2310,Liam Williams,liam.williams.2310@example.com,United States,2024-04-05,Basic,139.61
2311,Sofia Kim,sofia.kim.2311@example.com,Singapore,2024-02-07,Standard,913.04
2312,Daniel Anderson,daniel.anderson.2312@example.com,United States,2025-01-13,Premium,2409.24
2313,Isabella Taylor,isabella.taylor.2313@example.com,United Arab Emirates,2024-02-05,Basic,0.00
2314,Leo Thompson,leo.thompson.2314@example.com,Germany,2024-06-24,Basic,64.47
2315,Hugo Garcia,hugo.garcia.2315@example.com,India,2024-06-06,Standard,857.34
2316,Mateo Chen,mateo.chen.2316@example.com,Singapore,2024-05-06,Premium,1930.60
2317,Arjun Patel,arjun.patel.2317@example.com,United Kingdom,2024-06-14,Basic,0.00
2318,Priya Anderson,priya.anderson.2318@example.com,India,2024-05-12,Basic,24.73
2319,Hugo Williams,hugo.williams.2319@example.com,Singapore,2024-12-09,Standard,588.86
2320,Ethan Khan,ethan.khan.2320@example.com,United Arab Emirates,2024-12-19,Premium,4144.95
2321,Zoe Chen,zoe.chen.2321@example.com,Australia,2024-04-02,Basic,0.00
2322,Sofia Dubois,sofia.dubois.2322@example.com,United States,2024-06-20,Basic,83.13
2323,Ava Chen,ava.chen.2323@example.com,India,2024-02-10,Standard,766.23
2324,Mateo Khan,mateo.khan.2324@example.com,United Kingdom,2024-02-27,Premium,5456.51
2325,Chloe Taylor,chloe.taylor.2325@example.com,Singapore,2024-07-06,Basic,0.00
2326,Priya Anderson,priya.anderson.2326@example.com,Australia,2024-07-22,Basic,64.44
2327,Leo Thompson,leo.thompson.2327@example.com,United States,2024-10-19,Standard,938.47
2328,Leo Singh,leo.singh.2328@example.com,Germany,2024-03-28,Premium,9306.00
2329,Mia Kim,mia.kim.2329@example.com,Germany,2024-07-29,Basic,0.00
2330,Priya Taylor,priya.taylor.2330@example.com,Australia,2024-07-13,Basic,197.84
2331,Noah Martin,noah.martin.2331@example.com,United States,2024-02-01,Standard,877.87
2332,Noah Santos,noah.santos.2332@example.com,Australia,2024-06-26,Premium,5528.50
2333,Hugo Patel,hugo.patel.2333@example.com,United Arab Emirates,2024-03-23,Basic,0.00
2334,Leo Martin,leo.martin.2334@example.com,Germany,2024-10-09,Basic,237.50
2335,Omar Santos,omar.santos.2335@example.com,Germany,2024-03-29,Standard,967.24
2336,Liam Bennett,liam.bennett.2336@example.com,Singapore,2024-04-07,Premium,3497.88
2337,Isabella Kim,isabella.kim.2337@example.com,France,2024-11-28,Basic,0.00
2338,Aisha Clarke,,France,2024-06-01,Basic,214.45
2339,Zoe Patel,zoe.patel.2339@example.com,Australia,2024-11-26,Standard,745.28
2340,Chloe Garcia,chloe.garcia.2340@example.com,United Kingdom,2024-04-07,Premium,2607.09
2341,Zoe Clarke,zoe.clarke.2341@example.com,United Kingdom,2024-02-22,Basic,0.00
2342,Hana Khan,hana.khan.2342@example.com,Australia,2025-01-26,Basic,239.62
2343,Nora Williams,nora.williams.2343@example.com,United Kingdom,2024-11-06,Standard,899.01
2344,Mateo Santos,mateo.santos.2344@example.com,Germany,2024-09-30,Premium,3896.69
2345,Ava Nguyen,ava.nguyen.2345@example.com,Canada,2024-02-23,Basic,0.00
2346,Sofia Khan,sofia.khan.2346@example.com,India,2024-11-08,Basic,58.94
2347,Priya Patel,priya.patel.2347@example.com,Singapore,2024-07-27,Standard,986.24
2348,Omar Nakamura,omar.nakamura.2348@example.com,United Kingdom,2024-09-11,Premium,5192.36
2349,Olivia Thompson,olivia.thompson.2349@example.com,India,2024-10-26,Basic,0.00
2350,Aisha Bennett,aisha.bennett.2350@example.com,Canada,2024-12-03,Basic,259.19
2351,Mia Chen,mia.chen.2351@example.com,Germany,2024-02-24,Standard,638.72
2352,Hana Singh,hana.singh.2352@example.com,Australia,2024-08-22,Premium,1876.08
2353,Hugo Nguyen,hugo.nguyen.2353@example.com,Singapore,2024-03-10,Basic,0.00
2354,Ethan Nakamura,ethan.nakamura.2354@example.com,Singapore,2024-08-15,Basic,155.59
2355,Oliver Dubois,oliver.dubois.2355@example.com,India,2024-12-07,Standard,988.78
2356,Mia Khan,mia.khan.2356@example.com,Canada,2024-02-02,Premium,2659.57
2357,Ethan Rossi,ethan.rossi.2357@example.com,Australia,2024-11-30,Basic,0.00
2358,Priya Bennett,priya.bennett.2358@example.com,Singapore,2024-09-21,Basic,81.28
2359,Aisha Ahmed,aisha.ahmed.2359@example.com,Germany,2024-07-05,Standard,999.38
2360,Arjun Wilson,arjun.wilson.2360@example.com,Germany,2024-11-09,Premium,7609.34
2361,Liam Martin,liam.martin.2361@example.com,Australia,2024-02-24,Basic,0.00
2362,Oliver Anderson,oliver.anderson.2362@example.com,Germany,2024-02-21,Basic,57.21
2363,Zoe Chen,zoe.chen.2363@example.com,Germany,2024-04-09,Standard,955.94
2364,Mia Singh,mia.singh.2364@example.com,Australia,2024-05-18,Premium,2476.75
2365,Oliver Williams,oliver.williams.2365@example.com,United States,2024-12-29,Basic,0.00
2366,Omar Clarke,omar.clarke.2366@example.com,France,2024-07-16,Basic,108.06
2367,Olivia Nguyen,olivia.nguyen.2367@example.com,Germany,2024-04-09,Standard,838.13
2368,Leo Clarke,leo.clarke.2368@example.com,Germany,2024-07-16,Premium,2120.32
2369,Noah Bennett,noah.bennett.2369@example.com,France,2024-05-23,Basic,0.00
2370,Samuel Patel,samuel.patel.2370@example.com,Canada,2024-06-11,Basic,157.45
2371,Amelia Nguyen,amelia.nguyen.2371@example.com,United Arab Emirates,2024-03-26,Standard,651.36
2372,Samuel Dubois,samuel.dubois.2372@example.com,Germany,2024-12-17,Premium,4941.07
2373,Zoe Clarke,zoe.clarke.2373@example.com,Singapore,2024-05-16,Basic,0.00
2374,Nora Anderson,nora.anderson.2374@example.com,France,2024-06-17,Basic,288.31
2375,Ava Rossi,ava.rossi.2375@example.com,India,2024-04-20,Standard,584.42
2376,Nora Anderson,nora.anderson.2376@example.com,India,2024-08-07,Premium,4104.99
2377,Sofia Thompson,sofia.thompson.2377@example.com,United Kingdom,2024-10-11,Basic,0.00
2378,Ethan Nakamura,ethan.nakamura.2378@example.com,Canada,2024-05-01,Basic,62.02
2379,Ava Rossi,ava.rossi.2379@example.com,Japan,2024-05-03,Standard,446.95
2380,Zoe Wilson,zoe.wilson.2380@example.com,United States,2024-07-08,Premium,3577.62
2381,Ethan Martin,ethan.martin.2381@example.com,India,2025-01-17,Basic,0.00
2382,Mateo Khan,mateo.khan.2382@example.com,United Kingdom,2024-04-14,Basic,80.77
2383,Olivia Taylor,olivia.taylor.2383@example.com,Australia,2024-09-20,Standard,788.41
2384,Zoe Dubois,zoe.dubois.2384@example.com,United Kingdom,2024-10-27,Premium,5482.59
2385,Sofia Bennett,sofia.bennett.2385@example.com,United Arab Emirates,2024-03-23,Basic,0.00
2386,Chloe Dubois,chloe.dubois.2386@example.com,United States,2024-03-28,Basic,70.27
2387,Amelia Singh,amelia.singh.2387@example.com,Canada,2024-06-07,Standard,945.18
2388,Olivia Patel,olivia.patel.2388@example.com,Canada,2024-12-18,Premium,2001.63
2389,Mateo Bennett,mateo.bennett.2389@example.com,United States,2024-03-26,Basic,0.00
2390,Oliver Santos,oliver.santos.2390@example.com,United Kingdom,2024-05-14,Basic,29.08
2391,Sofia Thompson,sofia.thompson.2391@example.com,United Arab Emirates,2024-09-15,Standard,975.19
2392,Ethan Wilson,ethan.wilson.2392@example.com,France,2024-10-03,Premium,2561.87
2393,Sofia Anderson,sofia.anderson.2393@example.com,United States,2024-11-05,Basic,0.00
2394,Priya Patel,priya.patel.2394@example.com,Singapore,2024-04-04,Basic,197.84
2395,Amelia Singh,amelia.singh.2395@example.com,United Kingdom,2024-11-05,Standard,888.00
2396,Lucas Williams,lucas.williams.2396@example.com,Singapore,2024-08-31,Premium,5171.65
2397,Sofia Bennett,sofia.bennett.2397@example.com,Australia,2024-02-13,Basic,0.00
2398,Arjun Taylor,arjun.taylor.2398@example.com,India,2024-04-16,Basic,23.38
2399,Omar Wilson,omar.wilson.2399@example.com,Australia,2025-01-16,Standard,440.19
2400,Chloe Williams,chloe.williams.2400@example.com,Japan,2024-04-27,Premium,3034.00
2401,Liam Anderson,liam.anderson.2401@example.com,United Kingdom,2024-06-24,Basic,0.00
2402,Omar Garcia,omar.garcia.2402@example.com,United Arab Emirates,2024-07-20,Basic,217.10
2403,Liam Kim,liam.kim.2403@example.com,United Kingdom,2024-02-23,Standard,911.92
2780,Mateo Chen,mateo.chen.2404@example.com,Canada,2024-09-07,Premium,1712.54
2405,Aisha Santos,aisha.santos.2405@example.com,United Arab Emirates,2024-05-03,Basic,0.00
2406,Daniel Taylor,daniel.taylor.2406@example.com,Canada,2025-01-07,Basic,97.81
2407,Daniel Wilson,daniel.wilson.2407@example.com,United Arab Emirates,2024-06-26,Standard,938.90
2408,Omar Williams,omar.williams.2408@example.com,Germany,2024-10-13,Premium,3141.25
2409,Daniel Kim,daniel.kim.2409@example.com,Germany,2025-01-30,Basic,0.00
2410,Olivia Bennett,olivia.bennett.2410@example.com,Canada,2025-01-01,Basic,19.44
2411,Sofia Santos,sofia.santos.2411@example.com,Canada,2024-08-18,Standard,967.99
2412,Nora Thompson,nora.thompson.2412@example.com,United Kingdom,2024-03-29,Premium,4734.49
2413,Hana Taylor,hana.taylor.2413@example.com,Germany,2024-04-15,Basic,0.00
2414,Olivia Santos,olivia.santos.2414@example.com,Canada,2024-05-04,Basic,230.89
2415,Chloe Kim,chloe.kim.2415@example.com,France,2024-10-11,Standard,875.02
2416,Leo Thompson,leo.thompson.2416@example.com,India,2024-12-05,Premium,1152.06
2417,Zoe Santos,zoe.santos.2417@example.com,Canada,2024-12-31,Basic,0.00
2418,Arjun Dubois,arjun.dubois.2418@example.com,India,2024-11-08,Basic,195.95
2419,Hugo Nguyen,hugo.nguyen.2419@example.com,Singapore,2024-10-10,Standard,870.41
2420,Oliver Nguyen,oliver.nguyen.2420@example.com,Australia,2024-08-15,Premium,3510.06
2421,Olivia Rossi,olivia.rossi.2421@example.com,India,2024-10-27,Basic,0.00
2422,Hana Anderson,hana.anderson.2422@example.com,United Kingdom,2024-05-31,Basic,136.21
2423,Omar Bennett,omar.bennett.2423@example.com,Australia,2024-02-09,Standard,750.16
2424,Omar Nguyen,omar.nguyen.2424@example.com,Japan,2024-04-09,Premium,1306.01
2425,Liam Singh,liam.singh.2425@example.com,France,2024-08-03,Basic,0.00
2426,Sofia Wilson,sofia.wilson.2426@example.com,Japan,2024-04-14,Basic,204.51
2427,Oliver Taylor,oliver.taylor.2427@example.com,Australia,2024-05-18,Standard,597.18
2428,Arjun Singh,arjun.singh.2428@example.com,Canada,2024-04-01,Premium,6669.13
2429,Priya Chen,priya.chen.2429@example.com,India,2024-02-14,Basic,0.00
2430,Priya Taylor,priya.taylor.2430@example.com,France,2024-02-28,Basic,175.96
2431,Priya Williams,priya.williams.2431@example.com,United Arab Emirates,2024-03-09,Standard,959.28
2432,Hugo Clarke,hugo.clarke.2432@example.com,Canada,2024-02-16,Premium,4728.42
2433,Sofia Kim,sofia.kim.2433@example.com,Canada,2024-03-12,Basic,0.00
2434,Arjun Garcia,arjun.garcia.2434@example.com,United States,2024-11-18,Basic,262.69
2435,Leo Chen,leo.chen.2435@example.com,Canada,2024-09-28,Standard,808.70
2436,Samuel Chen,samuel.chen.2436@example.com,Singapore,2025-01-23,Premium,3670.82
2437,Lucas Thompson,lucas.thompson.2437@example.com,India,2024-07-22,Basic,0.00
2438,Nora Bennett,nora.bennett.2438@example.com,Germany,2024-03-28,Basic,151.32
2439,Sofia Singh,sofia.singh.2439@example.com,United States,2024-12-06,Standard,889.11
2440,Ethan Ahmed,ethan.ahmed.2440@example.com,Canada,2024-02-06,Premium,3490.65
2441,Chloe Taylor,chloe.taylor.2441@example.com,Japan,2024-11-10,Basic,0.00
2442,Priya Patel,priya.patel.2442@example.com,United Arab Emirates,2024-10-14,Basic,107.41
2443,Lucas Anderson,lucas.anderson.2443@example.com,India,2024-04-21,Standard,889.94
2444,Mia Garcia,mia.garcia.2444@example.com,Singapore,2024-08-12,Premium,3213.30
2445,Sofia Khan,sofia.khan.2445@example.com,India,2024-12-13,Basic,0.00
2446,Noah Anderson,noah.anderson.2446@example.com,India,2024-05-05,Basic,163.25
2447,Samuel Nguyen,samuel.nguyen.2447@example.com,United Arab Emirates,2024-03-11,Standard,932.48
2448,Priya Nakamura,priya.nakamura.2448@example.com,Japan,2024-07-10,Premium,4714.85
2449,Zoe Dubois,zoe.dubois.2449@example.com,India,2024-04-25,Basic,0.00
2450,Noah Kim,noah.kim.2450@example.com,India,2024-05-10,Basic,117.64
2451,Mia Williams,mia.williams.2451@example.com,United Kingdom,2024-03-11,Standard,992.47
2452,Omar Clarke,omar.clarke.2452@example.com,France,2024-02-15,Premium,4400.00
2453,Arjun Wilson,arjun.wilson.2453@example.com,Canada,2024-11-04,Basic,0.00
2454,Liam Garcia,liam.garcia.2454@example.com,Australia,2024-12-02,Basic,51.12
2455,Amelia Wilson,amelia.wilson.2455@example.com,Australia,2024-11-09,Standard,996.11
2456,Ava Singh,ava.singh.2456@example.com,Australia,2024-06-17,Premium,3520.25
2457,Olivia Rossi,olivia.rossi.2457@example.com,United Arab Emirates,2024-02-23,Basic,0.00
2458,Hana Thompson,hana.thompson.2458@example.com,United States,2024-02-25,Basic,40.42
2459,Isabella Garcia,isabella.garcia.2459@example.com,Germany,2024-02-05,Standard,854.95
2460,Omar Wilson,omar.wilson.2460@example.com,India,2024-10-14,Premium,3134.45
2461,Ava Santos,ava.santos.2461@example.com,India,2024-08-01,Basic,0.00
2462,Sofia Williams,sofia.williams.2462@example.com,France,2024-08-27,Basic,22.09
2463,Samuel Ahmed,samuel.ahmed.2463@example.com,United Kingdom,2024-10-15,Standard,846.89
2464,Sofia Bennett,sofia.bennett.2464@example.com,United Arab Emirates,2024-08-14,Premium,3308.13
2465,Hugo Rossi,hugo.rossi.2465@example.com,United States,2024-06-28,Basic,0.00
2466,Ethan Chen,ethan.chen.2466@example.com,Japan,2024-03-12,Basic,275.57
2467,Zoe Garcia,zoe.garcia.2467@example.com,Australia,2024-05-21,Standard,961.71
2468,Daniel Chen,daniel.chen.2468@example.com,Canada,2024-10-14,Premium,2793.34
2469,Aisha Clarke,aisha.clarke.2469@example.com,Singapore,2024-07-24,Basic,0.00
2470,Nora Chen,nora.chen.2470@example.com,France,2024-06-28,Basic,135.96
2471,Omar Clarke,omar.clarke.2471@example.com,India,2024-02-21,Standard,892.53
2472,Priya Dubois,priya.dubois.2472@example.com,Australia,2024-05-17,Premium,3389.75
2473,Mateo Clarke,mateo.clarke.2473@example.com,United Kingdom,2024-04-19,Basic,0.00
2474,Hana Thompson,hana.thompson.2474@example.com,United Kingdom,2024-02-08,Basic,159.98
2475,Sofia Wilson,sofia.wilson.2475@example.com,Singapore,2024-03-16,Standard,963.22
2476,Hugo Williams,hugo.williams.2476@example.com,Japan,2024-07-10,Premium,3946.11
2477,Ethan Wilson,ethan.wilson.2477@example.com,Canada,2024-03-06,Basic,0.00
2478,Mia Rossi,mia.rossi.2478@example.com,France,2024-07-30,Basic,207.54
2479,Olivia Garcia,olivia.garcia.2479@example.com,Canada,2025-01-29,Standard,999.50
2480,Nora Patel,nora.patel.2480@example.com,Japan,2024-06-11,Premium,2246.21
2481,Nora Chen,nora.chen.2481@example.com,United Kingdom,2024-11-18,Basic,0.00
2482,Hugo Singh,hugo.singh.2482@example.com,France,2024-06-26,Basic,114.28
2483,Chloe Taylor,chloe.taylor.2483@example.com,United Arab Emirates,2025-01-14,Standard,838.24
2484,Sofia Nakamura,sofia.nakamura.2484@example.com,France,2024-10-20,Premium,3270.82
2485,Mateo Santos,mateo.santos.2485@example.com,France,2024-03-14,Basic,0.00
2486,Daniel Taylor,daniel.taylor.2486@example.com,Singapore,2024-09-18,Basic,115.78
2487,Mia Singh,mia.singh.2487@example.com,United Arab Emirates,2024-12-26,Standard,866.93
2488,Noah Anderson,noah.anderson.2488@example.com,Singapore,2024-02-05,Premium,2680.61
2489,Sofia Williams,sofia.williams.2489@example.com,Germany,2024-08-11,Basic,0.00
2490,Ethan Rossi,ethan.rossi.2490@example.com,India,2024-03-09,Basic,145.44
2491,Arjun Dubois,arjun.dubois.2491@example.com,Japan,2025-01-08,Standard,549.80
2492,Olivia Kim,olivia.kim.2492@example.com,Japan,2024-09-27,Premium,5694.86
2493,Zoe Nguyen,zoe.nguyen.2493@example.com,Japan,2024-03-27,Basic,0.00
2494,Olivia Martin,olivia.martin.2494@example.com,United Kingdom,2024-08-22,Basic,62.02
2495,Leo Khan,leo.khan.2495@example.com,India,2024-07-18,Standard,993.76
2496,Olivia Santos,olivia.santos.2496@example.com,France,2024-12-06,Premium,4996.53
2497,Hugo Khan,hugo.khan.2497@example.com,Japan,2024-03-30,Basic,0.00
2498,Mia Nakamura,mia.nakamura.2498@example.com,United States,2024-11-06,Basic,290.25
2499,Sofia Thompson,sofia.thompson.2499@example.com,Canada,2024-12-24,Standard,947.96
2500,Ava Santos,ava.santos.2500@example.com,United Arab Emirates,2024-02-17,Premium,4049.80
2501,Mateo Dubois,mateo.dubois.2501@example.com,United States,2024-08-04,Basic,0.00
2502,Leo Thompson,leo.thompson.2502@example.com,Australia,2024-02-28,Basic,234.76
2503,Ava Bennett,ava.bennett.2503@example.com,India,2024-06-18,Standard,820.00
2504,Mia Martin,mia.martin.2504@example.com,United Kingdom,2024-04-13,Premium,1878.93
2505,Olivia Patel,olivia.patel.2505@example.com,India,2024-03-13,Basic,0.00
2506,Lucas Nakamura,lucas.nakamura.2506@example.com,India,2024-10-26,Basic,33.05
2507,Ava Patel,ava.patel.2507@example.com,Canada,2024-02-28,Standard,987.98
2508,Olivia Taylor,olivia.taylor.2508@example.com,France,2024-07-02,Premium,4005.30
2509,Ethan Khan,ethan.khan.2509@example.com,France,2024-09-02,Basic,0.00
2510,Hugo Thompson,hugo.thompson.2510@example.com,Singapore,2025-01-18,Basic,28.77
2511,Ethan Taylor,ethan.taylor.2511@example.com,France,2025-01-20,Standard,355.98
2512,Hana Dubois,hana.dubois.2512@example.com,United States,2024-11-14,Premium,3054.38
2513,Mateo Khan,mateo.khan.2513@example.com,United Kingdom,2025-01-07,Basic,0.00
2514,Hana Clarke,hana.clarke.2514@example.com,Canada,2024-07-15,Basic,202.82
2515,Daniel Santos,daniel.santos.2515@example.com,United States,2024-04-18,Standard,982.87
2516,Nora Chen,nora.chen.2516@example.com,Japan,2024-07-12,Premium,3940.12
2517,Liam Taylor,liam.taylor.2517@example.com,Germany,2024-10-24,Basic,0.00
2518,Samuel Bennett,samuel.bennett.2518@example.com,Japan,2024-04-05,Basic,68.60
2519,Zoe Nakamura,zoe.nakamura.2519@example.com,United Arab Emirates,2024-03-21,Standard,400.22
2520,Noah Khan,noah.khan.2520@example.com,Australia,2024-09-03,Premium,3600.48
2521,Priya Nguyen,priya.nguyen.2521@example.com,Canada,2024-12-04,Basic,0.00
2522,Chloe Khan,chloe.khan.2522@example.com,France,2024-05-18,Basic,30.51
2523,Ava Rossi,ava.rossi.2523@example.com,United States,2024-08-08,Standard,703.05
2524,Omar Bennett,omar.bennett.2524@example.com,Germany,2024-07-07,Premium,3364.15
2525,Aisha Williams,aisha.williams.2525@example.com,Japan,2024-12-29,Basic,0.00
2526,Nora Taylor,nora.taylor.2526@example.com,India,2024-07-30,Basic,82.36
2527,Omar Nguyen,omar.nguyen.2527@example.com,India,2024-10-25,Standard,884.18
2528,Isabella Williams,isabella.williams.2528@example.com,Canada,2024-09-22,Premium,4943.64
2529,Leo Kim,leo.kim.2529@example.com,Canada,2024-11-10,Basic,0.00
2530,Mateo Martin,mateo.martin.2530@example.com,Singapore,2024-09-11,Basic,193.67
2531,Chloe Wilson,chloe.wilson.2531@example.com,India,2024-12-21,Standard,968.80
2532,Lucas Clarke,lucas.clarke.2532@example.com,United Kingdom,2024-03-16,Premium,4119.69
2533,Liam Garcia,liam.garcia.2533@example.com,United States,2024-12-12,Basic,0.00
2534,Leo Williams,leo.williams.2534@example.com,Japan,2024-12-16,Basic,15.72
2535,Oliver Williams,oliver.williams.2535@example.com,Japan,2024-10-15,Standard,998.76
2536,Hana Singh,hana.singh.2536@example.com,Germany,2024-09-03,Premium,1742.23
2537,Ava Anderson,ava.anderson.2537@example.com,Japan,2024-11-09,Basic,0.00
2538,Chloe Williams,chloe.williams.2538@example.com,Australia,2024-09-28,Basic,126.57
2539,Liam Kim,liam.kim.2539@example.com,Japan,2024-08-30,Standard,889.05
2540,Zoe Dubois,zoe.dubois.2540@example.com,United States,2024-08-10,Premium,3990.84
2541,Arjun Ahmed,arjun.ahmed.2541@example.com,Germany,2024-06-17,Basic,0.00
2542,Daniel Patel,daniel.patel.2542@example.com,Germany,2024-08-31,Basic,259.97
2543,Daniel Anderson,daniel.anderson.2543@example.com,United States,2024-08-31,Standard,978.42
2544,Noah Bennett,noah.bennett.2544@example.com,United States,2024-04-19,Premium,3411.42
2545,Omar Ahmed,omar.ahmed.2545@example.com,United Arab Emirates,2024-07-12,Basic,0.00
2546,Isabella Martin,isabella.martin.2546@example.com,United Arab Emirates,2024-09-08,Basic,155.59
2547,Arjun Nguyen,arjun.nguyen.2547@example.com,India,2024-05-09,Standard,950.08
2548,Mateo Dubois,mateo.dubois.2548@example.com,United States,2024-11-22,Premium,5169.59
2549,Leo Chen,leo.chen.2549@example.com,India,2024-04-29,Basic,0.00
2550,Chloe Santos,chloe.santos.2550@example.com,Singapore,2024-04-22,Basic,227.46
2551,Leo Anderson,leo.anderson.2551@example.com,United Kingdom,2025-01-29,Standard,900.11
2552,Sofia Ahmed,sofia.ahmed.2552@example.com,United Kingdom,2024-12-20,Premium,1694.70
2553,Hana Dubois,hana.dubois.2553@example.com,Germany,2024-11-10,Basic,0.00
2554,Ethan Santos,ethan.santos.2554@example.com,Australia,2024-03-19,Basic,30.38
2555,Olivia Bennett,olivia.bennett.2555@example.com,India,2024-02-06,Standard,998.30
2556,Zoe Rossi,zoe.rossi.2556@example.com,Canada,2024-02-15,Premium,5160.38
2557,Mateo Nguyen,mateo.nguyen.2557@example.com,United Kingdom,2024-11-19,Basic,0.00
2558,Chloe Bennett,chloe.bennett.2558@example.com,Canada,2024-09-20,Basic,62.02
2559,Zoe Kim,zoe.kim.2559@example.com,Canada,2024-06-02,Standard,956.96
2560,Zoe Anderson,zoe.anderson.2560@example.com,Germany,2024-05-10,Premium,4844.65
2561,Oliver Anderson,oliver.anderson.2561@example.com,India,2024-06-13,Basic,0.00
2562,Daniel Singh,daniel.singh.2562@example.com,Germany,2024-03-14,Basic,180.59
2563,Sofia Bennett,sofia.bennett.2563@example.com,United Arab Emirates,2024-03-24,Standard,921.27
2564,Liam Nakamura,liam.nakamura.2564@example.com,United Arab Emirates,2024-04-03,Premium,5762.40
2565,Liam Chen,liam.chen.2565@example.com,Germany,2024-06-14,Basic,0.00
2566,Ethan Garcia,ethan.garcia.2566@example.com,United Kingdom,2024-10-11,Basic,174.88
2567,Omar Khan,omar.khan.2567@example.com,India,2024-03-23,Standard,969.17
2568,Hugo Bennett,hugo.bennett.2568@example.com,India,2024-03-09,Premium,3215.09
2569,Hugo Garcia,hugo.garcia.2569@example.com,Australia,2025-01-17,Basic,0.00
2570,Leo Dubois,leo.dubois.2570@example.com,France,2024-12-21,Basic,182.66
2571,Nora Martin,nora.martin.2571@example.com,Canada,2024-07-02,Standard,543.07
2572,Amelia Martin,amelia.martin.2572@example.com,United Arab Emirates,2024-12-20,Premium,2678.29
2573,Mateo Singh,mateo.singh.2573@example.com,United Kingdom,2024-07-25,Basic,0.00
2574,Omar Thompson,omar.thompson.2574@example.com,United Arab Emirates,2024-12-04,Basic,91.95
2575,Oliver Bennett,oliver.bennett.2575@example.com,Canada,2024-10-25,Standard,910.61
2576,Samuel Patel,samuel.patel.2576@example.com,United Kingdom,2024-05-09,Premium,1709.73
2577,Mateo Bennett,mateo.bennett.2577@example.com,Singapore,2024-02-12,Basic,0.00
2578,Aisha Ahmed,aisha.ahmed.2578@example.com,Canada,2024-05-21,Basic,62.57
2579,Omar Williams,omar.williams.2579@example.com,Australia,2024-02-16,Standard,510.76
2580,Isabella Chen,isabella.chen.2580@example.com,Australia,2024-03-14,Premium,3786.61
2581,Samuel Chen,samuel.chen.2581@example.com,Germany,2024-06-20,Basic,0.00
2582,Hugo Khan,hugo.khan.2582@example.com,United Kingdom,2024-07-28,Basic,295.73
2583,Priya Nguyen,priya.nguyen.2583@example.com,Germany,2024-09-27,Standard,981.96
2584,Samuel Thompson,samuel.thompson.2584@example.com,India,2024-10-20,Premium,3250.54
2585,Chloe Khan,chloe.khan.2585@example.com,Germany,2024-04-29,Basic,0.00
2586,Ava Patel,ava.patel.2586@example.com,India,2024-03-24,Basic,106.67
2587,Hana Rossi,hana.rossi.2587@example.com,Germany,2024-04-25,Standard,928.37
2588,Ava Thompson,ava.thompson.2588@example.com,India,2024-09-16,Premium,1766.34
2589,Leo Clarke,leo.clarke.2589@example.com,Germany,2024-07-13,Basic,0.00
2590,Mateo Williams,mateo.williams.2590@example.com,United Arab Emirates,2024-08-15,Basic,115.99
2591,Leo Khan,leo.khan.2591@example.com,United Arab Emirates,2024-07-30,Standard,742.73
2592,Omar Garcia,omar.garcia.2592@example.com,Japan,2024-04-26,Premium,7949.89
2593,Noah Ahmed,noah.ahmed.2593@example.com,Germany,2024-11-27,Basic,0.00
2594,Leo Wilson,leo.wilson.2594@example.com,United Arab Emirates,2024-12-27,Basic,137.44
2595,Aisha Kim,aisha.kim.2595@example.com,India,2024-02-16,Standard,451.29
2596,Liam Martin,liam.martin.2596@example.com,France,2024-09-07,Premium,3453.32
2597,Ethan Kim,ethan.kim.2597@example.com,Australia,2024-03-09,Basic,0.00
2598,Ava Kim,ava.kim.2598@example.com,France,2024-04-15,Basic,193.43
2599,Isabella Williams,isabella.williams.2599@example.com,United States,2024-07-13,Standard,863.90
2600,Priya Bennett,priya.bennett.2600@example.com,France,2024-05-20,Premium,4625.59
2601,Nora Rossi,nora.rossi.2601@example.com,France,2024-05-30,Basic,0.00
2602,Oliver Garcia,oliver.garcia.2602@example.com,India,2024-06-25,Basic,231.20
2603,Mateo Khan,mateo.khan.2603@example.com,Singapore,2024-05-22,Standard,993.70
2604,Liam Nguyen,liam.nguyen.2604@example.com,Germany,2024-12-08,Premium,4109.94
2605,Daniel Garcia,daniel.garcia.2605@example.com,United Arab Emirates,2024-12-27,Basic,0.00
2606,Leo Taylor,leo.taylor.2606@example.com,France,2024-07-13,Basic,19.44
2607,Ava Khan,ava.khan.2607@example.com,United States,2024-10-10,Standard,839.32
2608,Hugo Singh,hugo.singh.2608@example.com,Germany,2024-09-03,Premium,3523.45
2609,Liam Williams,liam.williams.2609@example.com,Japan,2024-04-28,Basic,0.00
2610,Mateo Santos,mateo.santos.2610@example.com,United Arab Emirates,2024-08-15,Basic,190.87
2611,Arjun Rossi,arjun.rossi.2611@example.com,United States,2024-06-25,Standard,748.81
2612,Amelia Rossi,amelia.rossi.2612@example.com,United States,2024-09-24,Premium,5984.07
2613,Lucas Chen,lucas.chen.2613@example.com,India,2024-02-19,Basic,0.00
2614,Oliver Ahmed,oliver.ahmed.2614@example.com,United States,2024-07-22,Basic,69.98
2615,Zoe Bennett,zoe.bennett.2615@example.com,United Kingdom,2024-09-28,Standard,974.76
2616,Liam Taylor,liam.taylor.2616@example.com,Germany,2024-06-20,Premium,3822.18
2617,Isabella Kim,isabella.kim.2617@example.com,India,2024-03-12,Basic,0.00
2618,Oliver Santos,oliver.santos.2618@example.com,Japan,2024-12-10,Basic,67.30
2619,Noah Dubois,noah.dubois.2619@example.com,Germany,2025-01-22,Standard,945.93
2620,Nora Thompson,nora.thompson.2620@example.com,United Kingdom,2024-08-10,Premium,4562.14
2621,Mateo Williams,mateo.williams.2621@example.com,United States,2024-05-25,Basic,0.00
2622,Noah Bennett,noah.bennett.2622@example.com,Canada,2024-03-25,Basic,251.83
2623,Isabella Taylor,isabella.taylor.2623@example.com,Australia,2024-04-28,Standard,882.69
2624,Olivia Khan,olivia.khan.2624@example.com,France,2024-11-02,Premium,2454.06
2625,Amelia Singh,amelia.singh.2625@example.com,Germany,2024-02-23,Basic,0.00
2626,Liam Singh,liam.singh.2626@example.com,Germany,2024-03-10,Basic,274.48
2627,Mia Santos,mia.santos.2627@example.com,United Arab Emirates,2024-08-13,Standard,914.25
2628,Mia Martin,mia.martin.2628@example.com,Canada,2024-11-25,Premium,3348.50
2629,Nora Williams,nora.williams.2629@example.com,Canada,2024-07-13,Basic,0.00
2630,Sofia Rossi,sofia.rossi.2630@example.com,India,2024-12-23,Basic,178.85
2631,Nora Williams,nora.williams.2631@example.com,Singapore,2024-10-28,Standard,963.34
2632,Arjun Rossi,arjun.rossi.2632@example.com,Japan,2025-01-04,Premium,5811.66
2633,Hugo Patel,hugo.patel.2633@example.com,France,2024-10-05,Basic,0.00
2634,Arjun Garcia,arjun.garcia.2634@example.com,Germany,2024-07-01,Basic,274.48
2635,Priya Garcia,priya.garcia.2635@example.com,France,2024-11-12,Standard,968.66
2636,Arjun Khan,arjun.khan.2636@example.com,United Kingdom,2024-03-10,Premium,4110.04
2637,Hugo Singh,hugo.singh.2637@example.com,Australia,2024-02-07,Basic,0.00
2638,Daniel Khan,daniel.khan.2638@example.com,Japan,2024-08-16,Basic,230.89
2639,Ava Thompson,ava.thompson.2639@example.com,United Kingdom,2024-07-24,Standard,937.21
2640,Ava Rossi,ava.rossi.2640@example.com,Singapore,2024-10-21,Premium,3467.76
2641,Isabella Wilson,isabella.wilson.2641@example.com,Japan,2025-01-01,Basic,0.00
2642,Sofia Ahmed,sofia.ahmed.2642@example.com,United Kingdom,2024-04-07,Basic,185.76
2643,Arjun Kim,arjun.kim.2643@example.com,India,2024-09-19,Standard,988.55
2644,Mateo Ahmed,mateo.ahmed.2644@example.com,Australia,2024-08-23,Premium,4648.00
2645,Ava Garcia,ava.garcia.2645@example.com,Germany,2024-09-04,Basic,0.00
2646,Ethan Wilson,ethan.wilson.2646@example.com,United Arab Emirates,2024-12-28,Basic,29.27
2647,Liam Chen,liam.chen.2647@example.com,Japan,2024-03-26,Standard,919.32
2648,Samuel Williams,samuel.williams.2648@example.com,Australia,2024-02-09,Premium,1734.25
2649,Nora Martin,nora.martin.2649@example.com,Germany,2024-02-15,Basic,0.00
2650,Hugo Ahmed,hugo.ahmed.2650@example.com,Japan,2024-07-30,Basic,233.87
2651,Mia Williams,mia.williams.2651@example.com,Singapore,2024-03-15,Standard,988.05
2652,Omar Taylor,omar.taylor.2652@example.com,Australia,2024-04-18,Premium,4473.46
2653,Chloe Ahmed,chloe.ahmed.2653@example.com,India,2024-10-18,Basic,0.00
2654,Isabella Singh,isabella.singh.2654@example.com,Japan,2024-06-19,Basic,193.06
2655,Omar Williams,omar.williams.2655@example.com,United States,2024-12-29,Standard,923.57
2656,Chloe Taylor,chloe.taylor.2656@example.com,Australia,2024-06-30,Premium,3564.71
2657,Ava Dubois,ava.dubois.2657@example.com,Canada,2024-12-01,Basic,0.00
2658,Mia Ahmed,mia.ahmed.2658@example.com,United Arab Emirates,2024-10-10,Basic,106.40
2659,Aisha Taylor,aisha.taylor.2659@example.com,United Kingdom,2025-01-14,Standard,753.17
2660,Noah Anderson,noah.anderson.2660@example.com,United Kingdom,2024-05-23,Premium,3339.27
2661,Liam Singh,liam.singh.2661@example.com,United States,2024-11-21,Basic,0.00
2662,Mia Anderson,mia.anderson.2662@example.com,United Kingdom,2024-10-30,Basic,291.45
2663,Liam Patel,liam.patel.2663@example.com,Australia,2024-12-14,Standard,921.94
2664,Priya Dubois,priya.dubois.2664@example.com,India,2024-08-20,Premium,4479.13
2665,Liam Anderson,liam.anderson.2665@example.com,Germany,2024-10-11,Basic,0.00
2666,Ava Martin,ava.martin.2666@example.com,Australia,2024-07-27,Basic,165.83
2667,Zoe Wilson,zoe.wilson.2667@example.com,United Arab Emirates,2024-06-27,Standard,986.04
2668,Samuel Bennett,samuel.bennett.2668@example.com,United Kingdom,2024-05-05,Premium,2241.69
2669,Aisha Clarke,aisha.clarke.2669@example.com,Japan,2024-07-06,Basic,0.00
2670,Priya Anderson,priya.anderson.2670@example.com,Canada,2024-07-11,Basic,152.94
2671,Daniel Garcia,daniel.garcia.2671@example.com,Canada,2024-05-06,Standard,964.18
2672,Isabella Nakamura,isabella.nakamura.2672@example.com,Canada,2024-02-07,Premium,4329.84
2673,Daniel Thompson,daniel.thompson.2673@example.com,India,2024-07-21,Basic,0.00
2674,Amelia Martin,amelia.martin.2674@example.com,Germany,2024-03-11,Basic,268.64
2675,Ethan Bennett,ethan.bennett.2675@example.com,United Arab Emirates,2024-07-30,Standard,319.33
2676,Hugo Rossi,hugo.rossi.2676@example.com,United States,2024-10-08,Premium,3716.41
2677,Arjun Thompson,arjun.thompson.2677@example.com,United Kingdom,2024-02-24,Basic,0.00
2678,Amelia Rossi,amelia.rossi.2678@example.com,Germany,2024-05-27,Basic,185.85
2679,Aisha Ahmed,aisha.ahmed.2679@example.com,Canada,2024-04-16,Standard,938.46
2680,Liam Williams,liam.williams.2680@example.com,Germany,2024-07-21,Premium,2541.88
2681,Nora Thompson,nora.thompson.2681@example.com,France,2024-11-06,Basic,0.00
2682,Mia Thompson,mia.thompson.2682@example.com,Germany,2024-08-05,Basic,126.55
2683,Nora Bennett,nora.bennett.2683@example.com,France,2024-07-04,Standard,999.81
2684,Priya Santos,priya.santos.2684@example.com,Singapore,2025-01-05,Premium,2218.74
2685,Mateo Thompson,mateo.thompson.2685@example.com,United Kingdom,2024-06-18,Basic,0.00
2686,Daniel Ahmed,daniel.ahmed.2686@example.com,United States,2024-04-16,Basic,155.83
2687,Leo Anderson,leo.anderson.2687@example.com,Canada,2024-08-01,Standard,751.21
2688,Hugo Bennett,hugo.bennett.2688@example.com,Australia,2024-11-22,Premium,7858.96
2689,Samuel Taylor,samuel.taylor.2689@example.com,France,2024-05-16,Basic,0.00
2690,Samuel Garcia,samuel.garcia.2690@example.com,Australia,2024-08-12,Basic,273.94
2691,Zoe Williams,zoe.williams.2691@example.com,Germany,2024-12-17,Standard,943.46
2692,Daniel Nguyen,daniel.nguyen.2692@example.com,Japan,2024-10-27,Premium,5329.83
2693,Ethan Patel,ethan.patel.2693@example.com,France,2024-07-19,Basic,0.00
2694,Chloe Rossi,chloe.rossi.2694@example.com,India,2024-06-21,Basic,242.02
2695,Lucas Khan,lucas.khan.2695@example.com,United States,2024-11-23,Standard,845.87
2696,Aisha Santos,aisha.santos.2696@example.com,United Arab Emirates,2024-04-03,Premium,6998.31
2697,Leo Nakamura,leo.nakamura.2697@example.com,United Arab Emirates,2024-07-27,Basic,0.00
2698,Lucas Williams,lucas.williams.2698@example.com,United States,2024-10-13,Basic,34.61
2699,Daniel Chen,daniel.chen.2699@example.com,Japan,2025-01-14,Standard,842.48
2700,Sofia Ahmed,sofia.ahmed.2700@example.com,Germany,2024-12-16,Premium,5422.08
2701,Oliver Martin,oliver.martin.2701@example.com,Germany,2024-10-07,Basic,0.00
2702,Lucas Garcia,lucas.garcia.2702@example.com,Germany,2024-02-08,Basic,137.72
2703,Nora Singh,nora.singh.2703@example.com,Australia,2024-06-24,Standard,856.57
2704,Hana Williams,hana.williams.2704@example.com,United States,2024-10-08,Premium,2644.31
2705,Lucas Bennett,lucas.bennett.2705@example.com,India,2024-07-30,Basic,0.00
2706,Daniel Bennett,daniel.bennett.2706@example.com,United States,2024-06-08,Basic,155.59
2707,Sofia Kim,sofia.kim.2707@example.com,Germany,2024-10-15,Standard,987.28
2708,Daniel Nguyen,daniel.nguyen.2708@example.com,Canada,2024-03-16,Premium,4182.38
2709,Priya Patel,priya.patel.2709@example.com,Canada,2024-05-11,Basic,0.00
2710,Leo Rossi,leo.rossi.2710@example.com,United Kingdom,2024-06-28,Basic,191.91
2711,Arjun Singh,arjun.singh.2711@example.com,Japan,2024-07-31,Standard,788.40
2712,Arjun Dubois,arjun.dubois.2712@example.com,India,2024-08-23,Premium,2441.00
2713,Liam Patel,liam.patel.2713@example.com,Germany,2024-12-02,Basic,0.00
2714,Lucas Martin,lucas.martin.2714@example.com,United Arab Emirates,2024-09-11,Basic,294.37
2715,Daniel Santos,daniel.santos.2715@example.com,United Arab Emirates,2024-04-12,Standard,975.86
2716,Daniel Khan,daniel.khan.2716@example.com,Germany,2024-04-10,Premium,3125.21
2717,Leo Nguyen,leo.nguyen.2717@example.com,Australia,2024-07-04,Basic,0.00
2718,Lucas Garcia,lucas.garcia.2718@example.com,Germany,2024-11-17,Basic,120.63
2719,Zoe Nakamura,zoe.nakamura.2719@example.com,Singapore,2024-05-04,Standard,994.15
2720,Chloe Taylor,chloe.taylor.2720@example.com,United Kingdom,2024-04-11,Premium,5581.59
2721,Aisha Nakamura,aisha.nakamura.2721@example.com,France,2024-10-15,Basic,0.00
2722,Daniel Kim,daniel.kim.2722@example.com,Japan,2024-07-31,Basic,62.02
2723,Leo Nakamura,leo.nakamura.2723@example.com,India,2024-08-29,Standard,975.74
2724,Nora Bennett,nora.bennett.2724@example.com,Singapore,2024-02-14,Premium,3195.82
2725,Leo Garcia,leo.garcia.2725@example.com,Canada,2024-12-11,Basic,0.00
2726,Lucas Anderson,lucas.anderson.2726@example.com,United Arab Emirates,2024-10-20,Basic,136.26
2727,Omar Chen,omar.chen.2727@example.com,United Arab Emirates,2024-11-05,Standard,976.86
2728,Hana Wilson,hana.wilson.2728@example.com,United States,2024-08-20,Premium,5300.16
2729,Sofia Dubois,sofia.dubois.2729@example.com,United States,2024-09-24,Basic,0.00
2730,Aisha Nakamura,aisha.nakamura.2730@example.com,United States,2024-03-15,Basic,234.13
2731,Noah Patel,noah.patel.2731@example.com,United Kingdom,2024-07-20,Standard,538.00
2732,Mateo Williams,mateo.williams.2732@example.com,Germany,2024-11-16,Premium,2725.11
2733,Hugo Santos,hugo.santos.2733@example.com,United States,2024-04-03,Basic,0.00
2734,Samuel Rossi,samuel.rossi.2734@example.com,Singapore,2024-02-28,Basic,169.28
2735,Priya Khan,priya.khan.2735@example.com,Singapore,2024-04-14,Standard,896.66
2736,Oliver Thompson,oliver.thompson.2736@example.com,Canada,2024-05-25,Premium,3515.39
2737,Daniel Chen,daniel.chen.2737@example.com,Germany,2024-12-18,Basic,0.00
2738,Lucas Bennett,lucas.bennett.2738@example.com,Japan,2024-12-16,Basic,292.93
2739,Priya Khan,priya.khan.2739@example.com,United Kingdom,2024-03-06,Standard,774.07
2740,Amelia Chen,amelia.chen.2740@example.com,United Arab Emirates,2024-04-02,Premium,4606.13
2741,Aisha Williams,aisha.williams.2741@example.com,Australia,2024-05-15,Basic,0.00
2742,Liam Thompson,liam.thompson.2742@example.com,United States,2024-10-16,Basic,185.76
2743,Nora Dubois,nora.dubois.2743@example.com,United States,2024-04-03,Standard,831.26
2744,Lucas Dubois,lucas.dubois.2744@example.com,Japan,2024-05-05,Premium,4191.06
2745,Arjun Nguyen,arjun.nguyen.2745@example.com,Germany,2024-12-10,Basic,0.00
2746,Daniel Nakamura,daniel.nakamura.2746@example.com,United Arab Emirates,2024-04-04,Basic,51.78
2747,Leo Chen,leo.chen.2747@example.com,United States,2024-05-05,Standard,858.81
2748,Sofia Anderson,sofia.anderson.2748@example.com,Canada,2024-10-19,Premium,3797.13
2749,Samuel Nguyen,samuel.nguyen.2749@example.com,Australia,2024-10-01,Basic,0.00
2750,Hugo Wilson,hugo.wilson.2750@example.com,Germany,2025-01-07,Basic,148.98
2751,Liam Rossi,liam.rossi.2751@example.com,Japan,2024-08-07,Standard,961.54
2752,Daniel Patel,daniel.patel.2752@example.com,India,2024-08-16,Premium,2454.54
2753,Priya Williams,priya.williams.2753@example.com,Japan,2024-09-01,Basic,0.00
2754,Leo Chen,leo.chen.2754@example.com,United States,2024-06-25,Basic,183.00
2755,Nora Williams,nora.williams.2755@example.com,United Arab Emirates,2024-08-18,Standard,954.96
2756,Amelia Rossi,amelia.rossi.2756@example.com,Germany,2024-02-18,Premium,5288.45
2757,Zoe Clarke,zoe.clarke.2757@example.com,Japan,2024-02-22,Basic,0.00
2758,Omar Chen,omar.chen.2758@example.com,Japan,2024-09-22,Basic,15.41
2759,Mia Bennett,mia.bennett.2759@example.com,Canada,2024-08-02,Standard,966.67
2760,Aisha Ahmed,aisha.ahmed.2760@example.com,Australia,2024-07-28,Premium,7454.97
2761,Priya Ahmed,priya.ahmed.2761@example.com,India,2024-10-20,Basic,0.00
2762,Olivia Martin,olivia.martin.2762@example.com,Canada,2024-07-30,Basic,57.33
2763,Zoe Rossi,zoe.rossi.2763@example.com,France,2024-09-23,Standard,811.38
2764,Priya Chen,priya.chen.2764@example.com,Germany,2025-01-03,Premium,2281.94
2765,Lucas Dubois,lucas.dubois.2765@example.com,United Kingdom,2024-12-27,Basic,0.00
2766,Hugo Dubois,hugo.dubois.2766@example.com,Japan,2024-12-07,Basic,186.73
2767,Daniel Martin,daniel.martin.2767@example.com,United Arab Emirates,2025-01-28,Standard,700.15
2768,Aisha Ahmed,aisha.ahmed.2768@example.com,Germany,2024-04-07,Premium,2916.31
2769,Priya Santos,priya.santos.2769@example.com,United Arab Emirates,2024-11-24,Basic,0.00
2770,Omar Rossi,omar.rossi.2770@example.com,United Arab Emirates,2024-08-25,Basic,279.16
2771,Olivia Singh,olivia.singh.2771@example.com,United States,2024-04-22,Standard,960.61
2772,Arjun Williams,arjun.williams.2772@example.com,United Kingdom,2024-10-13,Premium,2933.30
2773,Daniel Thompson,daniel.thompson.2773@example.com,France,2024-05-29,Basic,0.00
2774,Samuel Anderson,samuel.anderson.2774@example.com,United Kingdom,2024-04-30,Basic,172.88
2775,Samuel Dubois,samuel.dubois.2775@example.com,India,2024-03-04,Standard,880.65
2776,Noah Clarke,noah.clarke.2776@example.com,Germany,2024-03-30,Premium,1461.83
2777,Noah Garcia,noah.garcia.2777@example.com,Japan,2024-08-10,Basic,0.00
2778,Mateo Bennett,mateo.bennett.2778@example.com,Canada,2024-07-14,Basic,230.89
2779,Liam Nakamura,liam.nakamura.2779@example.com,India,2024-04-09,Standard,933.76
2780,Zoe Rossi,zoe.rossi.2780@example.com,Singapore,2024-05-13,Premium,1712.54
2781,Ava Patel,ava.patel.2781@example.com,Japan,2024-09-12,Basic,0.00
2782,Daniel Wilson,daniel.wilson.2782@example.com,Australia,2024-05-14,Basic,287.38
2783,Samuel Martin,samuel.martin.2783@example.com,India,2024-10-28,Standard,947.32
2784,Ava Garcia,ava.garcia.2784@example.com,United Arab Emirates,2024-02-13,Premium,1369.70
2785,Zoe Williams,zoe.williams.2785@example.com,Australia,2024-02-18,Basic,0.00
2786,Sofia Bennett,sofia.bennett.2786@example.com,France,2024-08-27,Basic,250.08
2787,Hana Nguyen,hana.nguyen.2787@example.com,United Kingdom,2024-07-24,Standard,864.78
2788,Ethan Ahmed,ethan.ahmed.2788@example.com,Japan,2024-05-08,Premium,4322.91
2789,Ava Rossi,ava.rossi.2789@example.com,Japan,2024-10-14,Basic,0.00
2790,Omar Kim,omar.kim.2790@example.com,United Arab Emirates,2024-11-13,Basic,62.57
2791,Sofia Garcia,sofia.garcia.2791@example.com,Japan,2024-09-06,Standard,751.27
2792,Zoe Dubois,zoe.dubois.2792@example.com,United Kingdom,2024-11-18,Premium,5427.38
2793,Olivia Chen,olivia.chen.2793@example.com,Singapore,2024-07-02,Basic,0.00
2794,Liam Williams,liam.williams.2794@example.com,Japan,2024-05-29,Basic,81.61
2795,Noah Clarke,noah.clarke.2795@example.com,Singapore,2024-07-19,Standard,850.19
2796,Amelia Anderson,amelia.anderson.2796@example.com,Germany,2024-06-08,Premium,1433.04
2797,Chloe Kim,chloe.kim.2797@example.com,United Kingdom,2024-04-21,Basic,0.00
2798,Lucas Garcia,lucas.garcia.2798@example.com,Singapore,2024-11-21,Basic,112.10
2799,Arjun Ahmed,arjun.ahmed.2799@example.com,United Arab Emirates,2024-10-14,Standard,717.36
2800,Lucas Dubois,lucas.dubois.2800@example.com,United Arab Emirates,2024-03-01,Premium,2462.81
2801,Oliver Williams,oliver.williams.2801@example.com,United Arab Emirates,2024-09-29,Basic,0.00
2802,Mia Bennett,mia.bennett.2802@example.com,United States,2024-07-23,Basic,184.83
2803,Leo Patel,leo.patel.2803@example.com,Australia,2024-07-21,Standard,511.50
2804,Noah Chen,noah.chen.2804@example.com,Australia,2024-11-07,Premium,3377.22
2805,Samuel Santos,samuel.santos.2805@example.com,United States,2024-05-31,Basic,0.00
2806,Hugo Garcia,hugo.garcia.2806@example.com,United Arab Emirates,2024-12-09,Basic,28.91
2807,Priya Singh,priya.singh.2807@example.com,France,2024-03-08,Standard,849.79
2808,Leo Clarke,leo.clarke.2808@example.com,United Arab Emirates,2024-03-13,Premium,4927.46
2809,Oliver Thompson,oliver.thompson.2809@example.com,Canada,2024-06-18,Basic,0.00
2810,Samuel Singh,samuel.singh.2810@example.com,United Kingdom,2024-02-19,Basic,198.09
2811,Hugo Ahmed,hugo.ahmed.2811@example.com,Australia,2024-12-29,Standard,995.57
2812,Omar Taylor,omar.taylor.2812@example.com,Japan,2024-07-05,Premium,1439.74
2813,Arjun Bennett,arjun.bennett.2813@example.com,United States,2024-02-14,Basic,0.00
2814,Ava Nguyen,ava.nguyen.2814@example.com,United Arab Emirates,2024-08-13,Basic,26.52
2815,Daniel Bennett,daniel.bennett.2815@example.com,Singapore,2024-10-04,Standard,949.32
2816,Noah Dubois,noah.dubois.2816@example.com,India,2025-01-22,Premium,2992.52
2817,Sofia Taylor,sofia.taylor.2817@example.com,India,2024-11-08,Basic,0.00
2818,Sofia Williams,sofia.williams.2818@example.com,Japan,2024-04-01,Basic,200.79
2819,Mateo Kim,mateo.kim.2819@example.com,France,2024-05-10,Standard,492.12
2820,Isabella Taylor,isabella.taylor.2820@example.com,United States,2024-06-01,Premium,4333.11
2821,Arjun Garcia,arjun.garcia.2821@example.com,United Arab Emirates,2024-02-06,Basic,0.00
2822,Arjun Taylor,arjun.taylor.2822@example.com,Singapore,2024-11-17,Basic,198.95
2823,Noah Bennett,noah.bennett.2823@example.com,Australia,2024-03-01,Standard,416.90
2824,Olivia Singh,olivia.singh.2824@example.com,Canada,2024-09-12,Premium,4736.08
2825,Ethan Wilson,ethan.wilson.2825@example.com,United States,2024-07-10,Basic,0.00
2826,Omar Clarke,omar.clarke.2826@example.com,Australia,2024-06-29,Basic,97.81
2827,Sofia Clarke,sofia.clarke.2827@example.com,India,2024-10-03,Standard,763.82
2828,Daniel Williams,daniel.williams.2828@example.com,United Kingdom,2024-03-11,Premium,2465.88
2829,Mia Nguyen,mia.nguyen.2829@example.com,Australia,2024-10-11,Basic,0.00
2830,Priya Kim,priya.kim.2830@example.com,Australia,2024-09-15,Basic,168.58
2831,Priya Wilson,priya.wilson.2831@example.com,France,2024-11-09,Standard,943.17
2832,Lucas Anderson,lucas.anderson.2832@example.com,Singapore,2024-06-16,Premium,4955.24
2833,Isabella Nguyen,isabella.nguyen.2833@example.com,Singapore,2024-03-25,Basic,0.00
2834,Noah Kim,noah.kim.2834@example.com,India,2025-01-27,Basic,97.81
2835,Mateo Thompson,mateo.thompson.2835@example.com,Germany,2024-03-12,Standard,876.07
2836,Ava Chen,ava.chen.2836@example.com,Singapore,2024-05-29,Premium,3717.46
2837,Lucas Nguyen,lucas.nguyen.2837@example.com,Australia,2024-04-03,Basic,0.00
2838,Omar Chen,omar.chen.2838@example.com,United States,2024-05-31,Basic,144.68
2839,Priya Nakamura,priya.nakamura.2839@example.com,Japan,2024-03-30,Standard,836.96
2840,Amelia Thompson,amelia.thompson.2840@example.com,United States,2024-06-18,Premium,2306.36
2841,Mia Rossi,mia.rossi.2841@example.com,India,2024-07-03,Basic,0.00
2842,Olivia Singh,olivia.singh.2842@example.com,Germany,2024-12-09,Basic,209.62
2843,Chloe Thompson,chloe.thompson.2843@example.com,United States,2024-08-14,Standard,486.90
2844,Chloe Nakamura,chloe.nakamura.2844@example.com,United States,2024-05-25,Premium,4946.41
2845,Ava Dubois,ava.dubois.2845@example.com,Canada,2025-01-03,Basic,0.00
2846,Leo Nguyen,leo.nguyen.2846@example.com,United States,2025-01-04,Basic,102.83
2847,Lucas Singh,lucas.singh.2847@example.com,Singapore,2024-07-28,Standard,893.54
2848,Amelia Clarke,amelia.clarke.2848@example.com,France,2024-06-14,Premium,2462.54
2849,Hana Khan,hana.khan.2849@example.com,United States,2024-07-24,Basic,0.00
2850,Samuel Clarke,samuel.clarke.2850@example.com,India,2024-09-06,Basic,15.20
2851,Samuel Singh,samuel.singh.2851@example.com,United Kingdom,2024-11-10,Standard,702.75
2852,Chloe Wilson,chloe.wilson.2852@example.com,Singapore,2024-09-25,Premium,2539.36
2853,Leo Rossi,leo.rossi.2853@example.com,United Arab Emirates,2024-10-23,Basic,0.00
2854,Mia Martin,mia.martin.2854@example.com,India,2024-09-27,Basic,99.56
2855,Samuel Anderson,samuel.anderson.2855@example.com,Canada,2024-02-08,Standard,679.17
2856,Mia Patel,mia.patel.2856@example.com,United Kingdom,2024-06-07,Premium,2186.46
2857,Oliver Wilson,oliver.wilson.2857@example.com,France,2024-11-19,Basic,0.00
2858,Chloe Singh,chloe.singh.2858@example.com,United Arab Emirates,2024-06-20,Basic,263.86
2859,Omar Patel,omar.patel.2859@example.com,Germany,2024-12-31,Standard,868.48
2860,Mateo Bennett,mateo.bennett.2860@example.com,United Kingdom,2024-07-07,Premium,2570.28
2861,Hana Santos,hana.santos.2861@example.com,Germany,2024-05-02,Basic,0.00
2862,Nora Nakamura,nora.nakamura.2862@example.com,United States,2024-09-13,Basic,40.42
2863,Amelia Nakamura,amelia.nakamura.2863@example.com,United States,2024-08-02,Standard,951.55
2864,Hugo Nguyen,hugo.nguyen.2864@example.com,Australia,2024-08-28,Premium,5044.45
2865,Noah Rossi,noah.rossi.2865@example.com,United Kingdom,2024-06-21,Basic,0.00
2866,Mateo Nguyen,mateo.nguyen.2866@example.com,France,2024-03-04,Basic,106.06
2867,Nora Martin,nora.martin.2867@example.com,Germany,2024-06-21,Standard,871.16
2868,Mia Thompson,mia.thompson.2868@example.com,Canada,2024-05-27,Premium,2010.85
2869,Zoe Martin,zoe.martin.2869@example.com,Canada,2024-12-13,Basic,0.00
2870,Zoe Singh,zoe.singh.2870@example.com,Australia,2024-03-30,Basic,159.11
2871,Zoe Singh,zoe.singh.2871@example.com,Canada,2025-01-16,Standard,908.68
2872,Aisha Nakamura,aisha.nakamura.2872@example.com,United Arab Emirates,2024-07-12,Premium,5824.18
2873,Noah Nguyen,noah.nguyen.2873@example.com,Australia,2024-03-03,Basic,0.00
2874,Priya Patel,priya.patel.2874@example.com,Germany,2024-02-09,Basic,167.97
2875,Daniel Kim,daniel.kim.2875@example.com,Singapore,2024-02-23,Standard,620.29
2876,Mateo Anderson,mateo.anderson.2876@example.com,France,2024-03-27,Premium,2313.87
2877,Olivia Ahmed,olivia.ahmed.2877@example.com,Japan,2024-03-29,Basic,0.00
2878,Aisha Garcia,aisha.garcia.2878@example.com,Australia,2024-05-15,Basic,195.95
2879,Isabella Rossi,isabella.rossi.2879@example.com,France,2025-01-14,Standard,942.32
2880,Leo Garcia,leo.garcia.2880@example.com,India,2024-06-24,Premium,2282.35
2881,Sofia Bennett,sofia.bennett.2881@example.com,France,2024-12-07,Basic,0.00
2882,Omar Santos,omar.santos.2882@example.com,India,2024-12-30,Basic,204.71
2883,Omar Thompson,omar.thompson.2883@example.com,Germany,2024-12-15,Standard,949.94
2884,Amelia Martin,amelia.martin.2884@example.com,France,2024-02-23,Premium,4204.12
2885,Lucas Chen,lucas.chen.2885@example.com,United Arab Emirates,2024-02-14,Basic,0.00
2886,Liam Clarke,liam.clarke.2886@example.com,Australia,2024-07-10,Basic,72.24
2887,Aisha Ahmed,aisha.ahmed.2887@example.com,United Arab Emirates,2025-01-30,Standard,477.28
2888,Omar Khan,omar.khan.2888@example.com,India,2024-11-25,Premium,2386.30
2889,Noah Chen,noah.chen.2889@example.com,India,2024-12-29,Basic,0.00
2890,Olivia Garcia,olivia.garcia.2890@example.com,Australia,2024-11-16,Basic,18.49
2891,Aisha Rossi,aisha.rossi.2891@example.com,Singapore,2024-09-02,Standard,638.38
2892,Oliver Williams,oliver.williams.2892@example.com,Singapore,2024-02-27,Premium,1741.76
2893,Mateo Thompson,mateo.thompson.2893@example.com,Singapore,2024-10-24,Basic,0.00
2894,Nora Santos,nora.santos.2894@example.com,Germany,2024-05-10,Basic,111.88
2895,Hana Wilson,hana.wilson.2895@example.com,Australia,2024-07-18,Standard,868.44
2896,Arjun Kim,arjun.kim.2896@example.com,Australia,2024-09-21,Premium,5848.25
2897,Isabella Williams,isabella.williams.2897@example.com,Australia,2024-09-15,Basic,0.00
2898,Samuel Taylor,samuel.taylor.2898@example.com,France,2024-03-12,Basic,94.43
2899,Omar Nguyen,omar.nguyen.2899@example.com,Singapore,2024-03-11,Standard,930.53
2900,Omar Thompson,omar.thompson.2900@example.com,United Arab Emirates,2024-05-28,Premium,2879.72
2901,Nora Taylor,nora.taylor.2901@example.com,Australia,2024-11-18,Basic,0.00
2902,Sofia Nguyen,sofia.nguyen.2902@example.com,Australia,2024-08-27,Basic,65.12
2903,Daniel Rossi,daniel.rossi.2903@example.com,Canada,2024-12-07,Standard,946.86
2904,Mia Wilson,mia.wilson.2904@example.com,France,2024-07-10,Premium,4886.50
2905,Liam Garcia,liam.garcia.2905@example.com,India,2024-09-03,Basic,0.00
2906,Aisha Chen,aisha.chen.2906@example.com,United Arab Emirates,2024-10-11,Basic,207.54
2907,Zoe Khan,zoe.khan.2907@example.com,Canada,2024-09-20,Standard,968.28
2908,Amelia Martin,amelia.martin.2908@example.com,United Kingdom,2024-09-02,Premium,4253.17
2909,Mia Nguyen,mia.nguyen.2909@example.com,Japan,2024-03-23,Basic,0.00
2910,Sofia Singh,sofia.singh.2910@example.com,India,2024-02-13,Basic,153.68
2911,Priya Martin,priya.martin.2911@example.com,United Kingdom,2024-04-08,Standard,140.59
2912,Aisha Ahmed,aisha.ahmed.2912@example.com,India,2024-09-04,Premium,5892.01
2913,Omar Chen,omar.chen.2913@example.com,India,2025-01-22,Basic,0.00
2914,Oliver Anderson,oliver.anderson.2914@example.com,Germany,2024-04-01,Basic,182.66
2915,Isabella Santos,isabella.santos.2915@example.com,United Arab Emirates,2024-12-08,Standard,963.29
2916,Mateo Williams,mateo.williams.2916@example.com,United States,2024-03-09,Premium,3849.10
2917,Samuel Kim,samuel.kim.2917@example.com,Japan,2024-08-28,Basic,0.00
2918,Zoe Nakamura,zoe.nakamura.2918@example.com,India,2024-06-28,Basic,102.22
2919,Hugo Chen,hugo.chen.2919@example.com,Canada,2024-11-28,Standard,548.24
2920,Aisha Garcia,aisha.garcia.2920@example.com,Canada,2024-02-04,Premium,2847.05
2921,Hana Rossi,hana.rossi.2921@example.com,France,2025-01-11,Basic,0.00
2922,Zoe Nakamura,zoe.nakamura.2922@example.com,India,2024-07-14,Basic,173.88
2923,Nora Martin,nora.martin.2923@example.com,Singapore,2024-11-28,Standard,914.33
2924,Mia Williams,mia.williams.2924@example.com,Australia,2024-07-02,Premium,5130.34
2925,Hugo Santos,hugo.santos.2925@example.com,United States,2024-11-15,Basic,0.00
2926,Aisha Ahmed,aisha.ahmed.2926@example.com,United Arab Emirates,2024-10-18,Basic,276.79
2927,Leo Wilson,leo.wilson.2927@example.com,France,2024-08-15,Standard,933.75
2928,Isabella Martin,isabella.martin.2928@example.com,Canada,2024-02-22,Premium,1110.19
2929,Samuel Khan,samuel.khan.2929@example.com,India,2024-10-23,Basic,0.00
2930,Mia Rossi,mia.rossi.2930@example.com,United Arab Emirates,2024-07-10,Basic,21.64
2931,Liam Kim,liam.kim.2931@example.com,Germany,2024-04-25,Standard,881.90
2932,Liam Wilson,liam.wilson.2932@example.com,Germany,2024-10-07,Premium,3048.34
2933,Nora Anderson,nora.anderson.2933@example.com,Canada,2024-06-27,Basic,0.00
2934,Mia Clarke,mia.clarke.2934@example.com,United Kingdom,2024-05-29,Basic,182.79
2935,Daniel Patel,daniel.patel.2935@example.com,Canada,2024-03-21,Standard,958.45
2936,Ava Nguyen,ava.nguyen.2936@example.com,Singapore,2024-04-27,Premium,2286.24
2937,Amelia Clarke,amelia.clarke.2937@example.com,United States,2024-11-03,Basic,0.00
2938,Oliver Khan,oliver.khan.2938@example.com,United States,2024-10-08,Basic,287.03
2939,Amelia Kim,amelia.kim.2939@example.com,Australia,2024-06-24,Standard,836.24
2940,Hana Taylor,hana.taylor.2940@example.com,Japan,2024-10-24,Premium,4209.73
2941,Sofia Nakamura,sofia.nakamura.2941@example.com,Germany,2024-03-28,Basic,0.00
2942,Priya Williams,priya.williams.2942@example.com,Japan,2024-09-09,Basic,23.38
2943,Hugo Patel,hugo.patel.2943@example.com,United Kingdom,2024-04-11,Standard,941.62
2944,Mia Williams,mia.williams.2944@example.com,France,2024-03-12,Premium,6602.84
2945,Samuel Anderson,samuel.anderson.2945@example.com,United Kingdom,2024-07-17,Basic,0.00
2946,Ethan Ahmed,ethan.ahmed.2946@example.com,France,2024-06-21,Basic,60.25
2947,Nora Ahmed,nora.ahmed.2947@example.com,United Kingdom,2025-01-27,Standard,455.92
2948,Priya Santos,priya.santos.2948@example.com,United States,2024-09-09,Premium,4181.90
2949,Liam Ahmed,liam.ahmed.2949@example.com,France,2024-05-08,Basic,0.00
2950,Oliver Singh,oliver.singh.2950@example.com,United States,2024-06-05,Basic,121.26
2951,Sofia Rossi,sofia.rossi.2951@example.com,India,2024-05-23,Standard,982.83
2952,Daniel Khan,daniel.khan.2952@example.com,Germany,2024-09-28,Premium,2591.06
2953,Sofia Thompson,sofia.thompson.2953@example.com,Canada,2024-10-12,Basic,0.00
2954,Lucas Chen,lucas.chen.2954@example.com,Australia,2024-12-22,Basic,171.54
2955,Olivia Ahmed,olivia.ahmed.2955@example.com,Australia,2024-02-02,Standard,899.59
2956,Leo Garcia,leo.garcia.2956@example.com,Japan,2024-11-12,Premium,3810.82
2957,Mateo Khan,mateo.khan.2957@example.com,Canada,2024-02-20,Basic,0.00
2958,Leo Patel,leo.patel.2958@example.com,United Arab Emirates,2024-08-13,Basic,70.25
2959,Zoe Rossi,zoe.rossi.2959@example.com,Australia,2024-12-23,Standard,543.24
2960,Omar Thompson,omar.thompson.2960@example.com,Singapore,2025-01-02,Premium,3213.74
2961,Ethan Wilson,ethan.wilson.2961@example.com,Australia,2024-06-29,Basic,0.00
2962,Daniel Thompson,daniel.thompson.2962@example.com,Japan,2024-12-19,Basic,256.31
2963,Chloe Clarke,chloe.clarke.2963@example.com,France,2024-11-05,Standard,646.95
2964,Hugo Wilson,hugo.wilson.2964@example.com,United Kingdom,2024-05-23,Premium,1586.81
2965,Liam Wilson,liam.wilson.2965@example.com,India,2024-09-16,Basic,0.00
2966,Isabella Anderson,isabella.anderson.2966@example.com,India,2024-03-31,Basic,279.16
2967,Ethan Nakamura,ethan.nakamura.2967@example.com,France,2025-01-04,Standard,293.93
2968,Liam Kim,liam.kim.2968@example.com,India,2025-01-26,Premium,4728.62
2969,Sofia Thompson,sofia.thompson.2969@example.com,Japan,2024-12-04,Basic,0.00
2970,Leo Anderson,leo.anderson.2970@example.com,United States,2024-06-28,Basic,60.09
2971,Mia Ahmed,mia.ahmed.2971@example.com,Australia,2024-08-28,Standard,448.60
2972,Noah Nguyen,noah.nguyen.2972@example.com,France,2024-06-13,Premium,2649.33
2973,Daniel Santos,daniel.santos.2973@example.com,India,2024-08-19,Basic,0.00
2974,Nora Taylor,nora.taylor.2974@example.com,India,2024-06-13,Basic,14.23
2975,Noah Patel,noah.patel.2975@example.com,Japan,2024-05-23,Standard,404.01
2976,Isabella Singh,isabella.singh.2976@example.com,Germany,2024-09-17,Premium,5488.42
2977,Leo Anderson,leo.anderson.2977@example.com,United Arab Emirates,2024-04-26,Basic,0.00
2978,Oliver Khan,oliver.khan.2978@example.com,United Kingdom,2024-12-11,Basic,80.85
2979,Mateo Santos,mateo.santos.2979@example.com,Canada,2024-12-06,Standard,888.64
2980,Oliver Bennett,oliver.bennett.2980@example.com,United States,2024-08-13,Premium,5381.02
2981,Olivia Santos,olivia.santos.2981@example.com,France,2024-11-10,Basic,0.00
2982,Olivia Singh,olivia.singh.2982@example.com,Singapore,2024-05-18,Basic,46.82
2983,Omar Nguyen,omar.nguyen.2983@example.com,Australia,2024-04-21,Standard,985.77
2984,Oliver Dubois,oliver.dubois.2984@example.com,Australia,2024-06-28,Premium,3165.19
2985,Ethan Kim,ethan.kim.2985@example.com,France,2024-08-30,Basic,0.00
2986,Ava Nguyen,ava.nguyen.2986@example.com,Australia,2024-02-07,Basic,159.98
2987,Noah Bennett,noah.bennett.2987@example.com,Singapore,2024-03-24,Standard,832.22
2988,Aisha Dubois,aisha.dubois.2988@example.com,Japan,2024-02-22,Premium,4990.74
2989,Ethan Wilson,ethan.wilson.2989@example.com,Germany,2024-02-13,Basic,0.00
2990,Arjun Anderson,arjun.anderson.2990@example.com,United States,2024-06-19,Basic,271.42
2991,Samuel Williams,samuel.williams.2991@example.com,India,2025-01-01,Standard,764.00
2992,Chloe Chen,chloe.chen.2992@example.com,Germany,2024-03-15,Premium,2942.48
2993,Olivia Garcia,olivia.garcia.2993@example.com,Singapore,2025-01-26,Basic,0.00
2994,Samuel Taylor,samuel.taylor.2994@example.com,United States,2024-02-08,Basic,29.59
2995,Samuel Nguyen,samuel.nguyen.2995@example.com,United Arab Emirates,2024-04-18,Standard,954.39
2996,Liam Rossi,liam.rossi.2996@example.com,India,2024-05-10,Premium,2658.05
2997,Mateo Wilson,mateo.wilson.2997@example.com,France,2024-09-05,Basic,0.00
2998,Aisha Bennett,aisha.bennett.2998@example.com,Germany,2024-06-20,Basic,81.28
2999,Nora Khan,nora.khan.2999@example.com,United Kingdom,2024-06-15,Standard,334.34
3000,Zoe Rossi,zoe.rossi.3000@example.com,Japan,2024-08-11,Premium,4904.33
3001,Lucas Taylor,lucas.taylor.3001@example.com,United Kingdom,2024-05-24,Basic,0.00
3002,Leo Nguyen,leo.nguyen.3002@example.com,Germany,2024-10-05,Basic,153.60
3003,Lucas Nguyen,lucas.nguyen.3003@example.com,Singapore,2024-06-05,Standard,997.28
3004,Chloe Bennett,chloe.bennett.3004@example.com,Japan,2024-08-20,Premium,2825.86
3005,Omar Nguyen,omar.nguyen.3005@example.com,United Kingdom,2024-09-19,Basic,0.00
3006,Arjun Rossi,arjun.rossi.3006@example.com,United States,2024-08-22,Basic,68.28
3007,Arjun Nakamura,arjun.nakamura.3007@example.com,France,2024-10-02,Standard,793.31
3008,Hana Williams,hana.williams.3008@example.com,Germany,2024-07-20,Premium,6326.29
3009,Sofia Garcia,sofia.garcia.3009@example.com,United Kingdom,2024-11-14,Basic,0.00
3010,Ethan Khan,ethan.khan.3010@example.com,Japan,2024-11-30,Basic,91.66
3011,Arjun Garcia,arjun.garcia.3011@example.com,Canada,2024-08-25,Standard,592.75
3012,Mateo Thompson,mateo.thompson.3012@example.com,Singapore,2024-11-17,Premium,4823.46
3013,Arjun Singh,arjun.singh.3013@example.com,Japan,2024-06-09,Basic,0.00
3014,Leo Wilson,leo.wilson.3014@example.com,France,2024-04-18,Basic,294.71
3015,Noah Santos,noah.santos.3015@example.com,United Arab Emirates,2024-12-03,Standard,835.79
3016,Leo Bennett,leo.bennett.3016@example.com,Germany,2025-01-19,Premium,3156.91
3017,Ava Nguyen,ava.nguyen.3017@example.com,Japan,2024-11-06,Basic,0.00
3018,Hugo Santos,hugo.santos.3018@example.com,Australia,2024-07-14,Basic,102.22
3019,Nora Thompson,nora.thompson.3019@example.com,Singapore,2024-11-11,Standard,423.78
3020,Samuel Garcia,samuel.garcia.3020@example.com,United Kingdom,2024-09-05,Premium,3939.98
3021,Priya Garcia,priya.garcia.3021@example.com,India,2024-04-06,Basic,0.00
3022,Amelia Martin,amelia.martin.3022@example.com,Singapore,2024-04-03,Basic,149.88
3023,Ethan Khan,ethan.khan.3023@example.com,Japan,2024-03-30,Standard,630.25
3024,Noah Taylor,noah.taylor.3024@example.com,Japan,2024-04-28,Premium,2959.26
3025,Zoe Ahmed,zoe.ahmed.3025@example.com,Japan,2024-04-12,Basic,0.00
3026,Samuel Nguyen,samuel.nguyen.3026@example.com,India,2024-08-23,Basic,153.68
3027,Amelia Wilson,amelia.wilson.3027@example.com,United Kingdom,2024-09-10,Standard,998.22
3028,Lucas Patel,lucas.patel.3028@example.com,Singapore,2024-07-15,Premium,3427.45
3029,Mateo Kim,mateo.kim.3029@example.com,United Arab Emirates,2024-12-29,Basic,0.00
3030,Ethan Chen,ethan.chen.3030@example.com,Germany,2024-10-25,Basic,234.76
3031,Daniel Khan,daniel.khan.3031@example.com,United Arab Emirates,2024-08-09,Standard,764.03
3032,Aisha Clarke,aisha.clarke.3032@example.com,Germany,2024-09-29,Premium,2191.55
3033,Nora Khan,nora.khan.3033@example.com,France,2024-04-10,Basic,0.00
3034,Ethan Ahmed,ethan.ahmed.3034@example.com,Japan,2024-02-06,Basic,171.70
3035,Isabella Taylor,isabella.taylor.3035@example.com,Canada,2024-04-17,Standard,876.16
3036,Hugo Garcia,hugo.garcia.3036@example.com,United States,2024-07-09,Premium,3026.67
3037,Priya Khan,priya.khan.3037@example.com,Australia,2025-01-21,Basic,0.00
3038,Liam Nguyen,liam.nguyen.3038@example.com,Japan,2024-07-19,Basic,167.97
3039,Liam Singh,liam.singh.3039@example.com,United Arab Emirates,2024-09-27,Standard,978.85
3040,Mateo Martin,mateo.martin.3040@example.com,United Kingdom,2024-07-29,Premium,2899.07
3041,Zoe Nguyen,zoe.nguyen.3041@example.com,Australia,2024-07-26,Basic,0.00
3042,Zoe Bennett,zoe.bennett.3042@example.com,Australia,2024-06-20,Basic,51.16
3043,Lucas Taylor,lucas.taylor.3043@example.com,United Arab Emirates,2024-07-06,Standard,915.79
3044,Omar Clarke,omar.clarke.3044@example.com,India,2024-06-10,Premium,3288.80
3045,Oliver Nguyen,oliver.nguyen.3045@example.com,Australia,2024-03-11,Basic,0.00
3046,Hana Chen,hana.chen.3046@example.com,United Kingdom,2024-05-21,Basic,172.88
3047,Mia Martin,mia.martin.3047@example.com,Germany,2024-11-15,Standard,594.37
3048,Liam Chen,liam.chen.3048@example.com,Singapore,2024-11-27,Premium,3788.39
3049,Zoe Dubois,zoe.dubois.3049@example.com,France,2024-11-21,Basic,0.00
3050,Hana Clarke,hana.clarke.3050@example.com,Germany,2024-12-12,Basic,52.07
3051,Daniel Thompson,daniel.thompson.3051@example.com,Australia,2024-04-27,Standard,951.75
3052,Amelia Anderson,amelia.anderson.3052@example.com,Australia,2024-03-18,Premium,5228.19
3053,Mateo Chen,mateo.chen.3053@example.com,Canada,2024-04-25,Basic,0.00
3054,Hugo Bennett,hugo.bennett.3054@example.com,France,2024-03-11,Basic,111.88
3055,Noah Chen,noah.chen.3055@example.com,Singapore,2024-09-13,Standard,824.89
3056,Leo Thompson,leo.thompson.3056@example.com,France,2024-07-04,Premium,5459.56
3057,Aisha Williams,aisha.williams.3057@example.com,Australia,2024-11-13,Basic,0.00
3058,Chloe Dubois,chloe.dubois.3058@example.com,India,2025-01-27,Basic,52.07
3059,Hugo Kim,hugo.kim.3059@example.com,Germany,2024-10-25,Standard,600.38
3060,Isabella Ahmed,isabella.ahmed.3060@example.com,United Kingdom,2024-12-06,Premium,3537.95
3061,Ava Martin,ava.martin.3061@example.com,Germany,2025-01-30,Basic,0.00
3062,Sofia Taylor,sofia.taylor.3062@example.com,Singapore,2024-09-14,Basic,19.31
3063,Hugo Patel,hugo.patel.3063@example.com,United Kingdom,2024-11-12,Standard,557.96
3064,Leo Kim,leo.kim.3064@example.com,Canada,2024-02-13,Premium,2400.88
3065,Omar Nakamura,omar.nakamura.3065@example.com,France,2024-09-05,Basic,0.00
3066,Ava Clarke,ava.clarke.3066@example.com,Singapore,2024-05-08,Basic,61.07
3067,Chloe Kim,chloe.kim.3067@example.com,Canada,2024-02-06,Standard,875.93
3068,Ava Nakamura,ava.nakamura.3068@example.com,France,2024-10-27,Premium,5456.00
3069,Ava Bennett,ava.bennett.3069@example.com,United Arab Emirates,2024-07-08,Basic,0.00
3070,Isabella Williams,isabella.williams.3070@example.com,France,2024-06-09,Basic,173.88
3071,Aisha Bennett,aisha.bennett.3071@example.com,United Arab Emirates,2024-06-19,Standard,912.22
3072,Noah Patel,noah.patel.3072@example.com,Japan,2024-08-22,Premium,3652.95
3073,Noah Patel,noah.patel.3073@example.com,Germany,2024-12-17,Basic,0.00
3074,Noah Rossi,noah.rossi.3074@example.com,United States,2024-09-29,Basic,52.07
3075,Mateo Nakamura,mateo.nakamura.3075@example.com,Japan,2024-04-29,Standard,924.14
3076,Hugo Nguyen,hugo.nguyen.3076@example.com,United Kingdom,2024-02-20,Premium,4171.30
3077,Omar Bennett,omar.bennett.3077@example.com,United Arab Emirates,2024-04-19,Basic,0.00
3078,Priya Martin,priya.martin.3078@example.com,Canada,2024-03-14,Basic,182.66
3079,Leo Williams,leo.williams.3079@example.com,United States,2024-09-15,Standard,949.53
3080,Zoe Singh,zoe.singh.3080@example.com,France,2024-03-21,Premium,4221.01
3081,Oliver Patel,oliver.patel.3081@example.com,Australia,2025-01-01,Basic,0.00
3082,Mateo Bennett,mateo.bennett.3082@example.com,France,2025-01-10,Basic,60.09
3083,Isabella Martin,isabella.martin.3083@example.com,United Arab Emirates,2024-08-06,Standard,996.31
3084,Aisha Bennett,aisha.bennett.3084@example.com,India,2024-09-01,Premium,3605.88
3085,Daniel Singh,daniel.singh.3085@example.com,United Kingdom,2024-05-09,Basic,0.00
3086,Aisha Chen,aisha.chen.3086@example.com,Germany,2024-03-14,Basic,144.62
3087,Ethan Nakamura,ethan.nakamura.3087@example.com,United States,2024-06-21,Standard,850.23
3088,Mateo Khan,mateo.khan.3088@example.com,Singapore,2024-08-28,Premium,6588.17
3089,Ethan Bennett,ethan.bennett.3089@example.com,Germany,2024-06-20,Basic,0.00
3090,Oliver Kim,oliver.kim.3090@example.com,United Kingdom,2024-07-24,Basic,175.15
3091,Nora Rossi,nora.rossi.3091@example.com,United Kingdom,2024-11-16,Standard,939.76
3092,Nora Garcia,nora.garcia.3092@example.com,United Kingdom,2024-03-18,Premium,2306.87
3093,Ethan Garcia,ethan.garcia.3093@example.com,Canada,2024-07-12,Basic,0.00
3094,Hana Bennett,hana.bennett.3094@example.com,Canada,2024-02-06,Basic,171.54
3095,Ava Kim,ava.kim.3095@example.com,Japan,2024-03-13,Standard,770.55
3096,Samuel Anderson,samuel.anderson.3096@example.com,Germany,2025-01-14,Premium,3276.01
3097,Zoe Khan,zoe.khan.3097@example.com,Canada,2024-07-08,Basic,0.00
3098,Noah Dubois,noah.dubois.3098@example.com,Germany,2024-05-02,Basic,185.77
3099,Mia Chen,mia.chen.3099@example.com,United Arab Emirates,2024-07-11,Standard,956.65
3100,Leo Anderson,leo.anderson.3100@example.com,Australia,2024-06-19,Premium,3127.56
3101,Ava Martin,ava.martin.3101@example.com,Germany,2024-06-12,Basic,0.00
3102,Priya Nakamura,priya.nakamura.3102@example.com,Germany,2024-03-19,Basic,148.98
3103,Hugo Kim,hugo.kim.3103@example.com,United Arab Emirates,2024-08-05,Standard,888.45
3104,Omar Ahmed,omar.ahmed.3104@example.com,Japan,2024-12-20,Premium,5140.10
3105,Daniel Martin,daniel.martin.3105@example.com,United States,2024-11-26,Basic,0.00
3106,Chloe Chen,chloe.chen.3106@example.com,Singapore,2024-11-18,Basic,170.62
3107,Ava Taylor,ava.taylor.3107@example.com,France,2024-12-27,Standard,844.80
3108,Daniel Wilson,daniel.wilson.3108@example.com,Australia,2024-07-25,Premium,4271.97
3109,Priya Ahmed,priya.ahmed.3109@example.com,Singapore,2024-06-17,Basic,0.00
3110,Olivia Ahmed,olivia.ahmed.3110@example.com,Australia,2024-06-12,Basic,52.70
3111,Ava Nakamura,ava.nakamura.3111@example.com,Germany,2024-02-17,Standard,938.20
3112,Liam Ahmed,liam.ahmed.3112@example.com,Canada,2024-10-01,Premium,2287.71
3113,Sofia Nakamura,sofia.nakamura.3113@example.com,United Arab Emirates,2024-07-15,Basic,0.00
3114,Omar Rossi,omar.rossi.3114@example.com,India,2025-01-03,Basic,165.83
3115,Hana Singh,hana.singh.3115@example.com,France,2025-01-25,Standard,885.28
3116,Liam Kim,liam.kim.3116@example.com,United States,2024-04-22,Premium,3569.67
3117,Leo Thompson,leo.thompson.3117@example.com,France,2024-07-22,Basic,0.00
3118,Zoe Williams,zoe.williams.3118@example.com,Canada,2024-08-02,Basic,200.79
3119,Lucas Martin,,Japan,2024-11-06,Standard,979.35
3120,Ethan Bennett,ethan.bennett.3120@example.com,Japan,2024-12-12,Premium,8448.30
3121,Nora Rossi,nora.rossi.3121@example.com,United Arab Emirates,2025-01-21,Basic,0.00
3122,Leo Dubois,leo.dubois.3122@example.com,Japan,2024-06-04,Basic,71.93
3123,Mia Kim,mia.kim.3123@example.com,United Arab Emirates,2024-07-22,Standard,554.61
3124,Hugo Dubois,hugo.dubois.3124@example.com,Germany,2024-02-21,Premium,2908.16
3125,Arjun Ahmed,arjun.ahmed.3125@example.com,United Kingdom,2024-09-03,Basic,0.00
3126,Leo Patel,leo.patel.3126@example.com,United Arab Emirates,2024-08-24,Basic,213.20
3127,Hana Bennett,hana.bennett.3127@example.com,Canada,2024-10-20,Standard,315.22
3128,Ethan Wilson,ethan.wilson.3128@example.com,United Arab Emirates,2025-01-23,Premium,3572.42
3129,Aisha Khan,aisha.khan.3129@example.com,United Arab Emirates,2024-04-12,Basic,0.00
3130,Sofia Santos,sofia.santos.3130@example.com,United States,2024-03-18,Basic,62.57
3131,Lucas Chen,lucas.chen.3131@example.com,France,2024-09-22,Standard,536.51
3132,Chloe Martin,chloe.martin.3132@example.com,Japan,2024-02-01,Premium,2491.83
3133,Daniel Chen,daniel.chen.3133@example.com,Australia,2024-04-29,Basic,0.00
3134,Lucas Wilson,lucas.wilson.3134@example.com,United Kingdom,2024-05-05,Basic,251.04
3135,Arjun Khan,arjun.khan.3135@example.com,India,2024-03-18,Standard,841.42
3136,Samuel Anderson,samuel.anderson.3136@example.com,Canada,2025-01-16,Premium,2545.39
3137,Oliver Kim,oliver.kim.3137@example.com,United States,2024-10-02,Basic,0.00
3138,Ethan Kim,ethan.kim.3138@example.com,United Kingdom,2024-09-29,Basic,40.42
3139,Oliver Dubois,oliver.dubois.3139@example.com,Australia,2024-09-29,Standard,839.03
3140,Daniel Dubois,daniel.dubois.3140@example.com,Japan,2025-01-27,Premium,3907.83
3141,Arjun Williams,arjun.williams.3141@example.com,India,2024-04-06,Basic,0.00
3142,Isabella Chen,isabella.chen.3142@example.com,India,2024-07-17,Basic,47.88
3143,Lucas Taylor,lucas.taylor.3143@example.com,United Arab Emirates,2024-08-20,Standard,800.65
3144,Oliver Garcia,oliver.garcia.3144@example.com,France,2024-10-08,Premium,2068.89
3145,Daniel Rossi,daniel.rossi.3145@example.com,United States,2024-05-24,Basic,0.00
3146,Mateo Martin,mateo.martin.3146@example.com,Australia,2024-08-07,Basic,145.86
3147,Omar Santos,omar.santos.3147@example.com,Singapore,2024-02-01,Standard,995.63
3148,Mateo Clarke,mateo.clarke.3148@example.com,India,2024-03-11,Premium,2704.76
3149,Zoe Anderson,zoe.anderson.3149@example.com,Canada,2024-10-13,Basic,0.00
3150,Ava Singh,ava.singh.3150@example.com,Australia,2024-07-04,Basic,187.27
3151,Leo Garcia,leo.garcia.3151@example.com,France,2024-08-15,Standard,957.90
3152,Zoe Martin,zoe.martin.3152@example.com,India,2024-04-18,Premium,3780.12
3153,Lucas Wilson,lucas.wilson.3153@example.com,India,2025-01-11,Basic,0.00
3154,Hugo Singh,hugo.singh.3154@example.com,Germany,2024-09-03,Basic,111.88
3155,Ethan Martin,ethan.martin.3155@example.com,India,2025-01-15,Standard,837.84
3156,Aisha Williams,aisha.williams.3156@example.com,Japan,2024-03-14,Premium,2783.93
3157,Omar Williams,omar.williams.3157@example.com,India,2024-02-07,Basic,0.00
3158,Ethan Santos,ethan.santos.3158@example.com,Canada,2024-11-21,Basic,19.31
3159,Aisha Dubois,aisha.dubois.3159@example.com,Japan,2024-02-06,Standard,828.94
3160,Hugo Dubois,hugo.dubois.3160@example.com,India,2024-02-28,Premium,2360.31
3161,Lucas Taylor,lucas.taylor.3161@example.com,Germany,2024-12-21,Basic,0.00
3162,Liam Clarke,liam.clarke.3162@example.com,Japan,2024-10-15,Basic,99.00
3163,Omar Thompson,omar.thompson.3163@example.com,France,2024-10-31,Standard,944.97
3164,Omar Williams,omar.williams.3164@example.com,Canada,2024-09-05,Premium,3082.61
3165,Oliver Dubois,oliver.dubois.3165@example.com,United Kingdom,2024-04-17,Basic,0.00
3166,Amelia Santos,amelia.santos.3166@example.com,United Arab Emirates,2024-06-12,Basic,169.28
3167,Ava Ahmed,ava.ahmed.3167@example.com,United Arab Emirates,2024-09-20,Standard,856.50
3168,Leo Singh,leo.singh.3168@example.com,Japan,2024-06-24,Premium,1903.54
3169,Noah Williams,noah.williams.3169@example.com,Japan,2024-09-23,Basic,0.00
3170,Omar Singh,omar.singh.3170@example.com,United Arab Emirates,2025-01-17,Basic,140.95
3171,Omar Patel,,India,2024-07-22,Standard,964.05
3172,Daniel Wilson,daniel.wilson.3172@example.com,United States,2024-11-04,Premium,3040.07
3173,Mia Martin,mia.martin.3173@example.com,Germany,2024-08-01,Basic,0.00
3174,Leo Bennett,leo.bennett.3174@example.com,Japan,2024-07-16,Basic,155.59
3175,Lucas Singh,lucas.singh.3175@example.com,United Arab Emirates,2024-03-29,Standard,875.34
3176,Omar Singh,omar.singh.3176@example.com,Singapore,2024-08-21,Premium,3625.63
3177,Arjun Martin,arjun.martin.3177@example.com,United Kingdom,2024-10-31,Basic,0.00
3178,Liam Chen,liam.chen.3178@example.com,Canada,2024-12-21,Basic,42.89
3179,Hugo Taylor,hugo.taylor.3179@example.com,Germany,2024-07-26,Standard,925.66
3180,Nora Clarke,nora.clarke.3180@example.com,Australia,2024-10-26,Premium,2372.07
3181,Hana Nakamura,hana.nakamura.3181@example.com,United States,2024-03-11,Basic,0.00
3182,Isabella Kim,isabella.kim.3182@example.com,United States,2024-04-16,Basic,103.12
3183,Mateo Williams,mateo.williams.3183@example.com,India,2024-10-20,Standard,941.15
3184,Samuel Garcia,samuel.garcia.3184@example.com,France,2024-12-23,Premium,5404.41
3185,Samuel Wilson,samuel.wilson.3185@example.com,India,2024-08-24,Basic,0.00
3186,Amelia Martin,amelia.martin.3186@example.com,Germany,2024-12-31,Basic,153.77
3187,Samuel Garcia,samuel.garcia.3187@example.com,India,2024-03-31,Standard,971.03
3188,Ava Rossi,ava.rossi.3188@example.com,Germany,2024-07-05,Premium,7171.48
3189,Mateo Ahmed,mateo.ahmed.3189@example.com,Singapore,2024-06-04,Basic,0.00
3190,Priya Singh,priya.singh.3190@example.com,France,2024-11-20,Basic,147.46
3191,Hugo Khan,hugo.khan.3191@example.com,India,2024-06-20,Standard,866.19
3192,Samuel Martin,samuel.martin.3192@example.com,Germany,2024-10-14,Premium,2850.70
3193,Daniel Singh,daniel.singh.3193@example.com,United Arab Emirates,2024-08-23,Basic,0.00
3194,Ethan Wilson,ethan.wilson.3194@example.com,Germany,2024-02-03,Basic,50.32
3195,Leo Khan,leo.khan.3195@example.com,United States,2024-08-31,Standard,863.71
3196,Daniel Chen,daniel.chen.3196@example.com,Germany,2024-06-16,Premium,3442.32
3197,Nora Clarke,nora.clarke.3197@example.com,France,2024-03-21,Basic,0.00
3198,Arjun Anderson,arjun.anderson.3198@example.com,United States,2025-01-29,Basic,160.69
3199,Isabella Anderson,isabella.anderson.3199@example.com,United Kingdom,2024-12-10,Standard,642.32
3200,Lucas Clarke,lucas.clarke.3200@example.com,Japan,2024-11-28,Premium,6509.22
3201,Leo Clarke,leo.clarke.3201@example.com,France,2024-11-04,Basic,0.00
3202,Chloe Thompson,chloe.thompson.3202@example.com,Singapore,2024-02-07,Basic,36.69
3203,Isabella Santos,isabella.santos.3203@example.com,France,2024-07-27,Standard,972.96
3204,Nora Chen,nora.chen.3204@example.com,Japan,2024-10-13,Premium,3698.17
3205,Ava Nguyen,ava.nguyen.3205@example.com,Canada,2025-01-10,Basic,0.00
3206,Chloe Patel,chloe.patel.3206@example.com,India,2024-02-17,Basic,44.53
3207,Daniel Rossi,daniel.rossi.3207@example.com,United Kingdom,2024-12-20,Standard,850.86
3208,Hugo Nguyen,hugo.nguyen.3208@example.com,France,2024-03-14,Premium,1928.39
3209,Ava Ahmed,ava.ahmed.3209@example.com,France,2024-07-05,Basic,0.00
3210,Lucas Santos,lucas.santos.3210@example.com,Japan,2025-01-11,Basic,264.10
3211,Nora Bennett,nora.bennett.3211@example.com,Canada,2024-12-16,Standard,913.16
3212,Hana Martin,hana.martin.3212@example.com,United Arab Emirates,2024-07-30,Premium,2818.95
3213,Hana Taylor,hana.taylor.3213@example.com,India,2024-02-12,Basic,0.00
3214,Lucas Nguyen,lucas.nguyen.3214@example.com,Japan,2024-05-31,Basic,104.73
3215,Chloe Nguyen,chloe.nguyen.3215@example.com,Canada,2024-08-12,Standard,349.56
3216,Mateo Williams,mateo.williams.3216@example.com,United Kingdom,2024-08-21,Premium,5289.34
3217,Ava Khan,ava.khan.3217@example.com,United Kingdom,2024-11-19,Basic,0.00
3218,Lucas Martin,lucas.martin.3218@example.com,Canada,2024-08-24,Basic,111.88
3219,Oliver Taylor,oliver.taylor.3219@example.com,France,2024-05-22,Standard,890.43
3220,Leo Clarke,leo.clarke.3220@example.com,Germany,2024-07-13,Premium,3600.13
3221,Omar Williams,omar.williams.3221@example.com,France,2024-10-15,Basic,0.00
3222,Oliver Nguyen,oliver.nguyen.3222@example.com,India,2024-05-26,Basic,150.85
3223,Chloe Thompson,chloe.thompson.3223@example.com,Japan,2024-06-26,Standard,931.60
3224,Nora Martin,nora.martin.3224@example.com,Canada,2024-08-23,Premium,3947.78
3225,Lucas Bennett,lucas.bennett.3225@example.com,Singapore,2024-07-21,Basic,0.00
3226,Nora Martin,nora.martin.3226@example.com,United Kingdom,2024-08-15,Basic,39.58
3227,Hana Taylor,hana.taylor.3227@example.com,India,2024-08-29,Standard,962.61
3228,Ava Bennett,ava.bennett.3228@example.com,United Arab Emirates,2024-05-25,Premium,2568.25
3229,Sofia Clarke,sofia.clarke.3229@example.com,United Arab Emirates,2024-10-15,Basic,0.00
3230,Olivia Clarke,olivia.clarke.3230@example.com,United Arab Emirates,2024-08-28,Basic,97.81
3231,Amelia Santos,amelia.santos.3231@example.com,United Arab Emirates,2024-06-07,Standard,885.03
3232,Ethan Rossi,ethan.rossi.3232@example.com,Japan,2025-01-16,Premium,3116.59
3233,Olivia Kim,olivia.kim.3233@example.com,United States,2024-12-04,Basic,0.00
3234,Zoe Dubois,zoe.dubois.3234@example.com,Singapore,2024-10-19,Basic,250.08
3235,Ava Martin,ava.martin.3235@example.com,Japan,2024-08-07,Standard,949.65
3236,Samuel Anderson,samuel.anderson.3236@example.com,Canada,2024-09-29,Premium,2159.31
3237,Priya Khan,priya.khan.3237@example.com,France,2024-04-08,Basic,0.00
3238,Lucas Garcia,lucas.garcia.3238@example.com,United States,2024-05-16,Basic,274.79
3239,Hana Nakamura,hana.nakamura.3239@example.com,Japan,2024-06-05,Standard,984.40
3240,Daniel Clarke,daniel.clarke.3240@example.com,Japan,2024-06-03,Premium,2623.53
3241,Ethan Nakamura,ethan.nakamura.3241@example.com,Singapore,2024-12-25,Basic,0.00
3242,Liam Clarke,liam.clarke.3242@example.com,France,2024-04-22,Basic,165.83
3243,Arjun Nakamura,arjun.nakamura.3243@example.com,United Kingdom,2024-02-04,Standard,787.21
3244,Samuel Singh,samuel.singh.3244@example.com,India,2024-10-24,Premium,2708.44
3245,Hugo Dubois,hugo.dubois.3245@example.com,United Kingdom,2024-09-01,Basic,0.00
3246,Mia Nguyen,mia.nguyen.3246@example.com,United Kingdom,2024-12-07,Basic,52.07
3247,Zoe Nguyen,zoe.nguyen.3247@example.com,United States,2024-09-12,Standard,930.62
3248,Hugo Singh,hugo.singh.3248@example.com,Germany,2024-08-22,Premium,5357.31
3249,Samuel Singh,samuel.singh.3249@example.com,France,2024-08-23,Basic,0.00
3250,Priya Ahmed,priya.ahmed.3250@example.com,Japan,2024-09-07,Basic,145.38
3251,Liam Williams,liam.williams.3251@example.com,Canada,2024-06-14,Standard,882.89
3252,Hana Williams,hana.williams.3252@example.com,Canada,2024-08-06,Premium,3399.97
3253,Leo Santos,leo.santos.3253@example.com,Canada,2024-06-04,Basic,0.00
3254,Hugo Khan,hugo.khan.3254@example.com,Germany,2024-03-21,Basic,91.66
3255,Isabella Garcia,isabella.garcia.3255@example.com,Japan,2025-01-29,Standard,849.46
3256,Hugo Anderson,hugo.anderson.3256@example.com,Germany,2024-07-25,Premium,1169.90
3257,Lucas Nakamura,lucas.nakamura.3257@example.com,France,2024-09-18,Basic,0.00
3258,Priya Patel,priya.patel.3258@example.com,United Arab Emirates,2024-06-20,Basic,285.26
3259,Mateo Singh,mateo.singh.3259@example.com,Canada,2024-04-16,Standard,913.66
3260,Aisha Wilson,aisha.wilson.3260@example.com,United States,2024-05-24,Premium,4194.30
3261,Omar Rossi,omar.rossi.3261@example.com,France,2024-06-29,Basic,0.00
3262,Lucas Martin,lucas.martin.3262@example.com,United Arab Emirates,2024-12-21,Basic,262.69
3263,Lucas Thompson,lucas.thompson.3263@example.com,Japan,2025-01-10,Standard,987.99
3264,Lucas Chen,lucas.chen.3264@example.com,Canada,2024-04-16,Premium,1833.16
3265,Mateo Wilson,mateo.wilson.3265@example.com,India,2024-06-11,Basic,0.00
3266,Zoe Anderson,zoe.anderson.3266@example.com,United States,2024-05-19,Basic,94.43
3267,Hana Wilson,hana.wilson.3267@example.com,Canada,2024-11-26,Standard,720.44
3268,Amelia Patel,amelia.patel.3268@example.com,France,2024-10-18,Premium,1072.56
3269,Samuel Ahmed,samuel.ahmed.3269@example.com,India,2024-10-02,Basic,0.00
3270,Mateo Martin,mateo.martin.3270@example.com,France,2024-12-26,Basic,167.97
3271,Sofia Rossi,sofia.rossi.3271@example.com,Singapore,2024-07-10,Standard,990.15
3272,Aisha Kim,aisha.kim.3272@example.com,India,2024-10-06,Premium,2987.02
3273,Zoe Martin,zoe.martin.3273@example.com,Singapore,2024-10-04,Basic,0.00
3274,Ethan Thompson,ethan.thompson.3274@example.com,India,2024-02-08,Basic,186.63
3275,Daniel Garcia,daniel.garcia.3275@example.com,France,2024-05-26,Standard,640.75
3276,Lucas Khan,lucas.khan.3276@example.com,Australia,2024-04-17,Premium,2045.14
3277,Mia Clarke,mia.clarke.3277@example.com,United Kingdom,2024-12-29,Basic,0.00
3278,Ava Kim,ava.kim.3278@example.com,Japan,2024-09-23,Basic,175.15
3279,Hana Bennett,hana.bennett.3279@example.com,Singapore,2024-05-27,Standard,940.94
3280,Samuel Khan,samuel.khan.3280@example.com,France,2025-01-06,Premium,2780.11
3281,Noah Dubois,noah.dubois.3281@example.com,United Kingdom,2024-07-18,Basic,0.00
3282,Aisha Garcia,aisha.garcia.3282@example.com,Germany,2024-11-10,Basic,81.53
3283,Oliver Nguyen,oliver.nguyen.3283@example.com,United Kingdom,2024-02-29,Standard,943.00
3284,Nora Rossi,nora.rossi.3284@example.com,Singapore,2024-06-06,Premium,1973.70
3285,Arjun Patel,arjun.patel.3285@example.com,Canada,2025-01-19,Basic,0.00
3286,Zoe Anderson,zoe.anderson.3286@example.com,Australia,2025-01-19,Basic,155.59
3287,Priya Nakamura,priya.nakamura.3287@example.com,Canada,2024-02-21,Standard,960.31
3288,Mateo Patel,mateo.patel.3288@example.com,Singapore,2024-06-22,Premium,5138.44
3289,Olivia Khan,olivia.khan.3289@example.com,United Kingdom,2024-04-08,Basic,0.00
3290,Aisha Wilson,aisha.wilson.3290@example.com,United States,2024-05-17,Basic,84.90
3291,Arjun Anderson,arjun.anderson.3291@example.com,United Arab Emirates,2024-11-24,Standard,910.24
3292,Hugo Nakamura,hugo.nakamura.3292@example.com,United Kingdom,2024-11-01,Premium,1984.88
3293,Noah Santos,noah.santos.3293@example.com,United Kingdom,2024-05-11,Basic,0.00
3294,Hugo Williams,hugo.williams.3294@example.com,Japan,2024-03-14,Basic,85.44
3295,Hugo Khan,hugo.khan.3295@example.com,United Kingdom,2024-11-04,Standard,471.64
3296,Hana Khan,hana.khan.3296@example.com,United Arab Emirates,2024-10-07,Premium,3228.96
3297,Lucas Rossi,lucas.rossi.3297@example.com,United States,2024-11-24,Basic,0.00
3298,Leo Williams,leo.williams.3298@example.com,Japan,2024-12-26,Basic,68.28
3299,Ava Rossi,ava.rossi.3299@example.com,United Arab Emirates,2024-09-21,Standard,912.78
3300,Amelia Patel,amelia.patel.3300@example.com,India,2024-12-04,Premium,2771.88
3301,Mia Thompson,mia.thompson.3301@example.com,Canada,2024-07-18,Basic,0.00
3302,Aisha Thompson,aisha.thompson.3302@example.com,Singapore,2024-06-25,Basic,237.25
3303,Zoe Wilson,zoe.wilson.3303@example.com,Germany,2024-10-30,Standard,914.92
3304,Arjun Santos,arjun.santos.3304@example.com,Germany,2025-01-13,Premium,2354.37
3305,Oliver Ahmed,oliver.ahmed.3305@example.com,Germany,2024-12-17,Basic,0.00
3306,Nora Williams,nora.williams.3306@example.com,Canada,2024-10-07,Basic,175.96
3307,Amelia Santos,amelia.santos.3307@example.com,Singapore,2024-09-28,Standard,880.92
3308,Hugo Martin,hugo.martin.3308@example.com,Canada,2024-03-05,Premium,4444.77
3309,Leo Wilson,leo.wilson.3309@example.com,United Kingdom,2024-09-14,Basic,0.00
3310,Isabella Nguyen,isabella.nguyen.3310@example.com,Canada,2024-05-10,Basic,288.46
3311,Liam Anderson,liam.anderson.3311@example.com,Australia,2024-07-07,Standard,914.68
3312,Aisha Wilson,aisha.wilson.3312@example.com,France,2024-10-29,Premium,4359.86
3313,Hugo Williams,hugo.williams.3313@example.com,Germany,2024-12-09,Basic,0.00
3314,Ava Rossi,ava.rossi.3314@example.com,Canada,2024-07-15,Basic,251.34
3315,Ethan Khan,ethan.khan.3315@example.com,India,2024-04-28,Standard,550.28
3316,Ethan Clarke,ethan.clarke.3316@example.com,Canada,2024-07-16,Premium,6565.07
3317,Aisha Thompson,aisha.thompson.3317@example.com,United Arab Emirates,2024-09-01,Basic,0.00
3318,Samuel Patel,samuel.patel.3318@example.com,Australia,2024-06-14,Basic,292.70
3319,Hugo Wilson,hugo.wilson.3319@example.com,France,2024-04-15,Standard,957.41
3320,Lucas Santos,lucas.santos.3320@example.com,France,2024-07-11,Premium,3382.77
3321,Nora Wilson,nora.wilson.3321@example.com,India,2024-11-15,Basic,0.00
3322,Chloe Taylor,chloe.taylor.3322@example.com,United States,2024-08-25,Basic,178.85
3323,Noah Taylor,noah.taylor.3323@example.com,France,2024-12-27,Standard,538.58
3324,Sofia Nakamura,sofia.nakamura.3324@example.com,Germany,2024-02-10,Premium,1234.88
3325,Priya Khan,priya.khan.3325@example.com,Australia,2025-01-04,Basic,0.00
3326,Priya Patel,priya.patel.3326@example.com,Germany,2024-08-10,Basic,81.28
3327,Amelia Santos,amelia.santos.3327@example.com,India,2024-08-14,Standard,974.24
3328,Isabella Nguyen,,Singapore,2024-05-13,Premium,3187.37
3329,Ava Clarke,ava.clarke.3329@example.com,Singapore,2024-09-13,Basic,0.00
3330,Mia Williams,mia.williams.3330@example.com,United Kingdom,2024-06-04,Basic,163.66
3331,Ethan Santos,ethan.santos.3331@example.com,Japan,2024-11-30,Standard,926.69
3332,Hugo Singh,hugo.singh.3332@example.com,India,2025-01-18,Premium,2521.11
3333,Priya Thompson,priya.thompson.3333@example.com,Australia,2024-06-23,Basic,0.00
3334,Mateo Rossi,mateo.rossi.3334@example.com,India,2024-03-02,Basic,168.99
3335,Liam Singh,liam.singh.3335@example.com,France,2024-06-21,Standard,823.29
3336,Oliver Kim,oliver.kim.3336@example.com,Japan,2024-06-25,Premium,3503.91
3337,Liam Thompson,liam.thompson.3337@example.com,Canada,2024-03-09,Basic,0.00
3338,Isabella Taylor,isabella.taylor.3338@example.com,Canada,2024-04-18,Basic,215.69
3339,Hana Wilson,hana.wilson.3339@example.com,United Arab Emirates,2024-05-13,Standard,964.08
3340,Oliver Garcia,oliver.garcia.3340@example.com,Japan,2024-06-05,Premium,3640.78
3341,Isabella Rossi,isabella.rossi.3341@example.com,Singapore,2025-01-04,Basic,0.00
3342,Mia Nguyen,mia.nguyen.3342@example.com,Singapore,2024-06-29,Basic,30.28
3343,Priya Bennett,priya.bennett.3343@example.com,Canada,2024-03-06,Standard,981.73
3344,Priya Santos,priya.santos.3344@example.com,France,2024-09-16,Premium,1837.56
3345,Samuel Khan,samuel.khan.3345@example.com,Canada,2024-07-14,Basic,0.00
3346,Nora Anderson,nora.anderson.3346@example.com,Japan,2024-08-04,Basic,185.77
3347,Isabella Khan,isabella.khan.3347@example.com,Germany,2024-06-10,Standard,958.72
3348,Mateo Bennett,mateo.bennett.3348@example.com,Canada,2024-04-02,Premium,4602.49
3349,Zoe Taylor,zoe.taylor.3349@example.com,India,2024-08-21,Basic,0.00
3350,Hugo Singh,hugo.singh.3350@example.com,Singapore,2024-03-02,Basic,145.44
3351,Aisha Kim,aisha.kim.3351@example.com,United States,2024-11-16,Standard,818.94
3352,Leo Singh,leo.singh.3352@example.com,Singapore,2024-07-17,Premium,4809.39
3353,Oliver Thompson,oliver.thompson.3353@example.com,Germany,2024-11-21,Basic,0.00
3354,Isabella Garcia,isabella.garcia.3354@example.com,United Kingdom,2024-11-16,Basic,198.09
3355,Olivia Nguyen,olivia.nguyen.3355@example.com,United Kingdom,2024-10-30,Standard,943.86
3356,Ethan Ahmed,ethan.ahmed.3356@example.com,United Kingdom,2024-11-20,Premium,4944.17
3357,Nora Clarke,nora.clarke.3357@example.com,Australia,2024-03-09,Basic,0.00
3358,Daniel Taylor,daniel.taylor.3358@example.com,Germany,2024-09-26,Basic,240.14
3359,Nora Chen,nora.chen.3359@example.com,France,2024-03-09,Standard,758.56
3360,Ethan Rossi,ethan.rossi.3360@example.com,France,2024-09-20,Premium,2561.26
3361,Aisha Taylor,aisha.taylor.3361@example.com,United States,2024-08-24,Basic,0.00
3362,Hana Wilson,hana.wilson.3362@example.com,United States,2024-12-16,Basic,216.49
3363,Chloe Bennett,chloe.bennett.3363@example.com,United States,2024-05-26,Standard,883.10
3364,Isabella Taylor,isabella.taylor.3364@example.com,Canada,2024-06-12,Premium,4919.41
3365,Arjun Rossi,arjun.rossi.3365@example.com,France,2024-10-30,Basic,0.00
3366,Nora Khan,nora.khan.3366@example.com,United Arab Emirates,2024-07-31,Basic,58.94
3367,Priya Rossi,priya.rossi.3367@example.com,Canada,2024-05-07,Standard,577.68
3368,Sofia Khan,sofia.khan.3368@example.com,Germany,2024-05-03,Premium,1774.81
3369,Liam Bennett,liam.bennett.3369@example.com,Singapore,2024-12-05,Basic,0.00
3370,Noah Chen,noah.chen.3370@example.com,Singapore,2024-07-28,Basic,222.53
3371,Olivia Santos,olivia.santos.3371@example.com,France,2024-05-28,Standard,835.46
3372,Daniel Khan,daniel.khan.3372@example.com,Australia,2024-07-05,Premium,1744.15
3373,Ethan Taylor,ethan.taylor.3373@example.com,Germany,2024-05-30,Basic,0.00
3374,Ava Kim,ava.kim.3374@example.com,United States,2024-04-11,Basic,286.34
3375,Nora Williams,nora.williams.3375@example.com,India,2024-02-14,Standard,951.38
3376,Nora Khan,nora.khan.3376@example.com,India,2024-02-26,Premium,6270.93
3377,Nora Nakamura,nora.nakamura.3377@example.com,India,2024-05-12,Basic,0.00
3378,Ava Dubois,ava.dubois.3378@example.com,United Arab Emirates,2024-04-04,Basic,57.31
3379,Olivia Martin,olivia.martin.3379@example.com,Singapore,2024-11-23,Standard,708.92
3380,Samuel Ahmed,samuel.ahmed.3380@example.com,United Kingdom,2024-04-24,Premium,2988.08
3381,Ava Williams,ava.williams.3381@example.com,Japan,2024-12-06,Basic,0.00
3382,Omar Santos,omar.santos.3382@example.com,India,2024-05-08,Basic,77.61
3383,Ava Garcia,ava.garcia.3383@example.com,Singapore,2024-08-03,Standard,597.49
3384,Hugo Patel,hugo.patel.3384@example.com,Singapore,2024-03-29,Premium,2691.86
3385,Nora Bennett,nora.bennett.3385@example.com,United States,2024-08-13,Basic,0.00
3386,Leo Dubois,leo.dubois.3386@example.com,United Kingdom,2024-07-31,Basic,145.44
3387,Omar Wilson,omar.wilson.3387@example.com,United Kingdom,2024-09-10,Standard,901.92
3388,Zoe Wilson,zoe.wilson.3388@example.com,Australia,2025-01-25,Premium,3397.85
3389,Olivia Dubois,olivia.dubois.3389@example.com,Japan,2024-02-09,Basic,0.00
3390,Mia Santos,mia.santos.3390@example.com,United States,2024-04-13,Basic,237.50
3391,Arjun Martin,arjun.martin.3391@example.com,United Arab Emirates,2024-02-05,Standard,928.94
3392,Sofia Ahmed,sofia.ahmed.3392@example.com,Canada,2024-04-12,Premium,5009.61
3393,Priya Thompson,priya.thompson.3393@example.com,United States,2024-03-03,Basic,0.00
3394,Mateo Khan,mateo.khan.3394@example.com,Germany,2024-08-09,Basic,189.04
3395,Mateo Taylor,mateo.taylor.3395@example.com,Canada,2024-09-02,Standard,889.96
3396,Ethan Martin,ethan.martin.3396@example.com,Singapore,2024-04-18,Premium,4120.66
3397,Samuel Martin,samuel.martin.3397@example.com,France,2024-03-28,Basic,0.00
3398,Ethan Bennett,ethan.bennett.3398@example.com,Japan,2024-05-15,Basic,21.64
3399,Lucas Dubois,lucas.dubois.3399@example.com,France,2024-06-15,Standard,918.11
3400,Mateo Santos,mateo.santos.3400@example.com,United States,2024-02-14,Premium,2505.04
3401,Isabella Bennett,isabella.bennett.3401@example.com,Japan,2024-02-18,Basic,0.00
3402,Samuel Chen,samuel.chen.3402@example.com,India,2024-02-24,Basic,126.08
3403,Oliver Dubois,oliver.dubois.3403@example.com,United Arab Emirates,2024-10-26,Standard,886.99
3404,Ethan Martin,ethan.martin.3404@example.com,United Kingdom,2024-02-08,Premium,3526.98
3405,Omar Anderson,omar.anderson.3405@example.com,United Kingdom,2024-09-02,Basic,0.00
3406,Olivia Williams,olivia.williams.3406@example.com,Japan,2024-09-25,Basic,62.40
3407,Leo Nguyen,leo.nguyen.3407@example.com,Japan,2024-04-09,Standard,768.21
3408,Mateo Bennett,mateo.bennett.3408@example.com,Germany,2024-10-01,Premium,3817.21
3409,Hugo Patel,hugo.patel.3409@example.com,Canada,2024-07-15,Basic,0.00
3410,Daniel Nguyen,daniel.nguyen.3410@example.com,France,2024-12-11,Basic,166.97
3411,Daniel Williams,daniel.williams.3411@example.com,Japan,2024-10-10,Standard,859.89
3412,Samuel Rossi,samuel.rossi.3412@example.com,Australia,2024-04-05,Premium,5641.45
3413,Arjun Ahmed,arjun.ahmed.3413@example.com,Canada,2024-04-14,Basic,0.00
3414,Arjun Garcia,arjun.garcia.3414@example.com,United Kingdom,2024-08-25,Basic,213.76
3415,Lucas Clarke,lucas.clarke.3415@example.com,United Kingdom,2024-06-07,Standard,805.47
3416,Arjun Patel,arjun.patel.3416@example.com,Canada,2025-01-03,Premium,7792.86
3417,Lucas Santos,lucas.santos.3417@example.com,Japan,2025-01-08,Basic,0.00
3418,Hana Ahmed,hana.ahmed.3418@example.com,Singapore,2024-11-22,Basic,57.31
3419,Mia Chen,mia.chen.3419@example.com,France,2024-09-04,Standard,934.66
3420,Omar Chen,omar.chen.3420@example.com,United Arab Emirates,2024-02-18,Premium,3562.61
3421,Samuel Dubois,samuel.dubois.3421@example.com,United States,2024-05-12,Basic,0.00
3422,Ethan Bennett,ethan.bennett.3422@example.com,Canada,2024-12-21,Basic,291.45
3423,Noah Anderson,noah.anderson.3423@example.com,Canada,2024-08-22,Standard,888.32
3424,Isabella Bennett,isabella.bennett.3424@example.com,United Arab Emirates,2024-10-04,Premium,4068.91
3425,Hugo Kim,hugo.kim.3425@example.com,Australia,2024-12-18,Basic,0.00
3426,Hana Dubois,hana.dubois.3426@example.com,Japan,2024-05-20,Basic,137.72
3427,Nora Clarke,nora.clarke.3427@example.com,Germany,2024-11-06,Standard,946.43
3428,Nora Williams,nora.williams.3428@example.com,Germany,2025-01-01,Premium,2907.23
3429,Aisha Santos,aisha.santos.3429@example.com,France,2024-05-06,Basic,0.00
3430,Mia Santos,mia.santos.3430@example.com,Japan,2024-11-08,Basic,235.26
3431,Nora Williams,nora.williams.3431@example.com,France,2024-10-23,Standard,799.37
3432,Mia Garcia,mia.garcia.3432@example.com,France,2024-09-06,Premium,2373.49
3433,Zoe Bennett,zoe.bennett.3433@example.com,Singapore,2024-04-05,Basic,0.00
3434,Liam Anderson,liam.anderson.3434@example.com,Japan,2024-03-28,Basic,255.05
3435,Liam Nguyen,liam.nguyen.3435@example.com,Germany,2024-04-05,Standard,794.56
3436,Omar Wilson,omar.wilson.3436@example.com,Japan,2024-09-11,Premium,2491.04
3437,Oliver Garcia,oliver.garcia.3437@example.com,Singapore,2024-05-04,Basic,0.00
3438,Chloe Ahmed,chloe.ahmed.3438@example.com,Australia,2024-04-13,Basic,294.71
3439,Daniel Anderson,daniel.anderson.3439@example.com,United States,2024-05-12,Standard,798.69
3440,Samuel Kim,samuel.kim.3440@example.com,Singapore,2024-12-04,Premium,8734.67
3441,Sofia Rossi,sofia.rossi.3441@example.com,Singapore,2024-10-26,Basic,0.00
3442,Noah Nguyen,noah.nguyen.3442@example.com,France,2024-11-03,Basic,99.00
3443,Arjun Ahmed,arjun.ahmed.3443@example.com,Canada,2024-08-10,Standard,997.09
3444,Ethan Williams,ethan.williams.3444@example.com,Canada,2024-12-22,Premium,1709.86
3445,Zoe Clarke,zoe.clarke.3445@example.com,Australia,2024-04-18,Basic,0.00
3446,Oliver Clarke,oliver.clarke.3446@example.com,India,2024-05-14,Basic,194.37
3447,Mia Singh,mia.singh.3447@example.com,India,2024-07-01,Standard,524.02
3448,Chloe Ahmed,chloe.ahmed.3448@example.com,India,2024-10-01,Premium,5207.15
3449,Nora Santos,nora.santos.3449@example.com,Canada,2024-07-03,Basic,0.00
3450,Amelia Garcia,amelia.garcia.3450@example.com,Germany,2025-01-28,Basic,264.23
3451,Oliver Wilson,oliver.wilson.3451@example.com,Australia,2024-12-10,Standard,777.84
3452,Mateo Garcia,mateo.garcia.3452@example.com,United States,2024-08-29,Premium,7167.31
3453,Sofia Chen,sofia.chen.3453@example.com,Japan,2024-04-23,Basic,0.00
3454,Arjun Dubois,arjun.dubois.3454@example.com,Canada,2024-12-27,Basic,183.41
3455,Leo Dubois,leo.dubois.3455@example.com,United Arab Emirates,2024-05-10,Standard,852.64
3456,Arjun Kim,arjun.kim.3456@example.com,United Kingdom,2024-05-26,Premium,3362.55
3457,Mia Chen,mia.chen.3457@example.com,India,2024-04-04,Basic,0.00
3458,Samuel Rossi,samuel.rossi.3458@example.com,Canada,2024-05-16,Basic,253.99
3459,Nora Chen,nora.chen.3459@example.com,Germany,2024-07-17,Standard,959.73
3460,Amelia Williams,amelia.williams.3460@example.com,Singapore,2024-07-09,Premium,4608.59
3461,Aisha Williams,aisha.williams.3461@example.com,United Arab Emirates,2024-09-29,Basic,0.00
3462,Arjun Nakamura,arjun.nakamura.3462@example.com,Germany,2024-04-04,Basic,207.67
3463,Oliver Clarke,oliver.clarke.3463@example.com,Japan,2024-04-19,Standard,723.39
3464,Olivia Santos,olivia.santos.3464@example.com,Germany,2024-02-21,Premium,4715.90
3465,Chloe Patel,chloe.patel.3465@example.com,United Kingdom,2024-12-17,Basic,0.00
3466,Nora Taylor,nora.taylor.3466@example.com,United Arab Emirates,2024-04-27,Basic,155.83
3467,Priya Thompson,priya.thompson.3467@example.com,Germany,2024-05-26,Standard,908.82
3468,Aisha Williams,aisha.williams.3468@example.com,United Kingdom,2024-12-05,Premium,3157.63
3469,Mateo Kim,mateo.kim.3469@example.com,Australia,2025-01-06,Basic,0.00
3470,Hugo Taylor,hugo.taylor.3470@example.com,India,2024-03-01,Basic,48.40
3471,Zoe Williams,zoe.williams.3471@example.com,Germany,2024-06-21,Standard,792.46
3472,Mia Ahmed,mia.ahmed.3472@example.com,France,2024-09-02,Premium,2260.05
3473,Daniel Patel,daniel.patel.3473@example.com,France,2024-03-14,Basic,0.00
3474,Amelia Williams,amelia.williams.3474@example.com,Japan,2024-06-04,Basic,61.07
3475,Hana Thompson,hana.thompson.3475@example.com,Australia,2024-11-29,Standard,819.31
3476,Leo Patel,leo.patel.3476@example.com,United Kingdom,2025-01-28,Premium,3328.38
3477,Hugo Nguyen,hugo.nguyen.3477@example.com,United Arab Emirates,2024-11-16,Basic,0.00
3478,Chloe Clarke,chloe.clarke.3478@example.com,Singapore,2025-01-07,Basic,253.43
3479,Chloe Singh,chloe.singh.3479@example.com,United Arab Emirates,2024-03-27,Standard,822.12
3480,Hana Williams,hana.williams.3480@example.com,United Arab Emirates,2024-03-20,Premium,3160.21
3481,Liam Anderson,liam.anderson.3481@example.com,France,2024-11-24,Basic,0.00
3482,Daniel Clarke,daniel.clarke.3482@example.com,India,2024-08-20,Basic,52.70
3483,Priya Singh,priya.singh.3483@example.com,France,2024-12-28,Standard,694.49
3484,Nora Nakamura,nora.nakamura.3484@example.com,United Arab Emirates,2024-10-25,Premium,3087.60
3485,Noah Dubois,noah.dubois.3485@example.com,India,2025-01-08,Basic,0.00
3486,Amelia Khan,amelia.khan.3486@example.com,United Arab Emirates,2024-05-03,Basic,193.67
3487,Amelia Santos,amelia.santos.3487@example.com,United Kingdom,2024-06-29,Standard,994.02
3488,Leo Bennett,leo.bennett.3488@example.com,Japan,2024-06-09,Premium,4889.72
3489,Omar Kim,omar.kim.3489@example.com,France,2024-06-07,Basic,0.00
3490,Mia Nakamura,mia.nakamura.3490@example.com,United States,2024-07-16,Basic,57.21
3491,Nora Patel,nora.patel.3491@example.com,Canada,2024-05-18,Standard,971.25
3492,Oliver Nguyen,oliver.nguyen.3492@example.com,France,2024-08-24,Premium,2942.22
3493,Omar Martin,omar.martin.3493@example.com,Japan,2024-03-17,Basic,0.00
3494,Isabella Kim,isabella.kim.3494@example.com,United Arab Emirates,2024-11-02,Basic,177.38
3495,Samuel Anderson,samuel.anderson.3495@example.com,France,2024-07-06,Standard,788.68
3496,Liam Garcia,liam.garcia.3496@example.com,India,2024-07-10,Premium,2470.35
3497,Mateo Thompson,mateo.thompson.3497@example.com,Canada,2024-08-14,Basic,0.00
3498,Ava Patel,ava.patel.3498@example.com,Japan,2024-07-29,Basic,271.42
3499,Isabella Nakamura,isabella.nakamura.3499@example.com,France,2024-04-22,Standard,640.43
3500,Ethan Santos,ethan.santos.3500@example.com,United States,2024-03-29,Premium,4003.74
3501,Ava Rossi,ava.rossi.3501@example.com,Germany,2024-10-17,Basic,0.00
3502,Priya Nguyen,priya.nguyen.3502@example.com,Germany,2024-11-13,Basic,153.68
3503,Oliver Martin,oliver.martin.3503@example.com,India,2024-12-13,Standard,795.02
3504,Priya Garcia,priya.garcia.3504@example.com,Australia,2024-03-19,Premium,3611.30
3505,Olivia Clarke,olivia.clarke.3505@example.com,India,2024-06-14,Basic,0.00
3506,Sofia Santos,sofia.santos.3506@example.com,Singapore,2024-07-31,Basic,81.53
3507,Chloe Chen,chloe.chen.3507@example.com,India,2024-03-25,Standard,984.99
3508,Samuel Wilson,samuel.wilson.3508@example.com,United Arab Emirates,2024-11-18,Premium,2614.51
3509,Olivia Santos,olivia.santos.3509@example.com,Australia,2024-09-14,Basic,0.00
3510,Noah Anderson,noah.anderson.3510@example.com,Singapore,2024-04-20,Basic,262.69
3511,Daniel Patel,daniel.patel.3511@example.com,United States,2024-10-11,Standard,890.21
3512,Arjun Anderson,arjun.anderson.3512@example.com,Australia,2024-05-26,Premium,7131.86
3513,Nora Khan,nora.khan.3513@example.com,Canada,2024-02-07,Basic,0.00
3514,Lucas Anderson,lucas.anderson.3514@example.com,United States,2024-12-10,Basic,220.93
3515,Hugo Nakamura,hugo.nakamura.3515@example.com,India,2024-11-11,Standard,900.11
3516,Oliver Rossi,oliver.rossi.3516@example.com,Australia,2024-08-30,Premium,4410.27
3517,Ethan Ahmed,ethan.ahmed.3517@example.com,United Arab Emirates,2024-08-23,Basic,0.00
3518,Zoe Rossi,zoe.rossi.3518@example.com,India,2024-06-13,Basic,104.73
3519,Priya Kim,priya.kim.3519@example.com,Germany,2024-09-08,Standard,826.70
3520,Omar Kim,omar.kim.3520@example.com,Australia,2024-07-13,Premium,2628.08
3521,Oliver Kim,oliver.kim.3521@example.com,United Kingdom,2025-01-20,Basic,0.00
3522,Sofia Santos,sofia.santos.3522@example.com,Australia,2024-11-02,Basic,215.69
3523,Hana Chen,hana.chen.3523@example.com,United Kingdom,2024-10-17,Standard,915.91
3524,Priya Thompson,priya.thompson.3524@example.com,Singapore,2024-07-10,Premium,5686.58
3525,Liam Clarke,liam.clarke.3525@example.com,Australia,2024-07-28,Basic,0.00
3526,Priya Nguyen,priya.nguyen.3526@example.com,Australia,2024-09-26,Basic,274.79
3527,Mia Rossi,mia.rossi.3527@example.com,United States,2024-09-23,Standard,792.53
3528,Mateo Nakamura,mateo.nakamura.3528@example.com,Japan,2024-11-29,Premium,1985.97
3529,Leo Garcia,leo.garcia.3529@example.com,Canada,2024-02-12,Basic,0.00
3530,Oliver Nakamura,oliver.nakamura.3530@example.com,Singapore,2024-12-29,Basic,74.13
3531,Noah Kim,noah.kim.3531@example.com,Japan,2025-01-27,Standard,918.34
3532,Sofia Garcia,sofia.garcia.3532@example.com,France,2024-03-05,Premium,4092.19
3533,Samuel Patel,samuel.patel.3533@example.com,United Arab Emirates,2024-06-09,Basic,0.00
3534,Samuel Bennett,samuel.bennett.3534@example.com,United Arab Emirates,2024-10-09,Basic,80.85
3535,Leo Chen,leo.chen.3535@example.com,India,2024-05-21,Standard,716.95
3536,Daniel Nakamura,daniel.nakamura.3536@example.com,Germany,2024-11-02,Premium,3782.08
3537,Priya Wilson,priya.wilson.3537@example.com,France,2024-05-30,Basic,0.00
3538,Hana Ahmed,hana.ahmed.3538@example.com,India,2024-04-14,Basic,23.38
3539,Oliver Rossi,oliver.rossi.3539@example.com,France,2024-02-04,Standard,802.86
3540,Mateo Singh,mateo.singh.3540@example.com,France,2024-11-27,Premium,7598.39
3541,Liam Garcia,liam.garcia.3541@example.com,United Arab Emirates,2024-03-04,Basic,0.00
3542,Aisha Taylor,aisha.taylor.3542@example.com,Canada,2024-05-10,Basic,278.19
3543,Arjun Clarke,arjun.clarke.3543@example.com,Canada,2024-05-03,Standard,945.85
3544,Amelia Thompson,amelia.thompson.3544@example.com,United Kingdom,2024-07-19,Premium,2719.04
3545,Olivia Williams,olivia.williams.3545@example.com,India,2024-11-20,Basic,0.00
3546,Priya Dubois,priya.dubois.3546@example.com,India,2024-08-14,Basic,57.21
3547,Priya Thompson,priya.thompson.3547@example.com,Canada,2024-07-25,Standard,698.67
3548,Ethan Williams,ethan.williams.3548@example.com,Germany,2024-07-31,Premium,5400.04
3549,Ethan Taylor,ethan.taylor.3549@example.com,Germany,2024-10-13,Basic,0.00
3550,Olivia Martin,olivia.martin.3550@example.com,Germany,2024-08-24,Basic,135.96
3551,Ava Anderson,ava.anderson.3551@example.com,France,2024-12-28,Standard,782.02
3552,Zoe Garcia,zoe.garcia.3552@example.com,France,2024-09-19,Premium,5071.60
3553,Liam Ahmed,liam.ahmed.3553@example.com,Germany,2024-02-11,Basic,0.00
3554,Mateo Singh,mateo.singh.3554@example.com,Singapore,2024-03-02,Basic,256.31
3555,Daniel Kim,daniel.kim.3555@example.com,United Kingdom,2024-04-27,Standard,996.80
3556,Amelia Ahmed,amelia.ahmed.3556@example.com,United States,2024-02-03,Premium,2280.87
3557,Isabella Dubois,isabella.dubois.3557@example.com,Germany,2024-02-15,Basic,0.00
3558,Hana Rossi,hana.rossi.3558@example.com,France,2024-03-07,Basic,249.88
3559,Ethan Khan,ethan.khan.3559@example.com,United Arab Emirates,2024-10-13,Standard,909.14
3560,Ethan Nguyen,ethan.nguyen.3560@example.com,Australia,2024-07-26,Premium,3387.77
3561,Liam Chen,liam.chen.3561@example.com,United Arab Emirates,2024-08-10,Basic,0.00
3562,Hana Martin,hana.martin.3562@example.com,Japan,2025-01-27,Basic,294.37
3563,Ethan Ahmed,ethan.ahmed.3563@example.com,Canada,2024-09-15,Standard,997.24
3564,Amelia Clarke,amelia.clarke.3564@example.com,United States,2024-11-02,Premium,1890.60
3565,Liam Wilson,liam.wilson.3565@example.com,Germany,2024-03-27,Basic,0.00
3566,Omar Martin,omar.martin.3566@example.com,United Arab Emirates,2024-10-23,Basic,267.87
3567,Ethan Williams,ethan.williams.3567@example.com,Japan,2024-05-09,Standard,900.32
3568,Mateo Chen,mateo.chen.3568@example.com,United Arab Emirates,2024-07-22,Premium,2757.20
3569,Nora Nguyen,nora.nguyen.3569@example.com,India,2024-09-17,Basic,0.00
3570,Liam Nguyen,liam.nguyen.3570@example.com,United Kingdom,2024-07-23,Basic,163.00
3571,Arjun Kim,arjun.kim.3571@example.com,Canada,2024-06-02,Standard,936.45
3572,Hugo Khan,hugo.khan.3572@example.com,India,2024-02-22,Premium,2553.39
3573,Omar Singh,omar.singh.3573@example.com,Japan,2025-01-03,Basic,0.00
3574,Priya Rossi,priya.rossi.3574@example.com,United Kingdom,2024-10-24,Basic,50.32
3575,Olivia Santos,olivia.santos.3575@example.com,Singapore,2024-11-15,Standard,998.60
3576,Hana Nguyen,hana.nguyen.3576@example.com,Singapore,2024-08-20,Premium,3616.34
3577,Oliver Khan,oliver.khan.3577@example.com,Germany,2024-07-14,Basic,0.00
3578,Sofia Nakamura,sofia.nakamura.3578@example.com,Australia,2024-06-29,Basic,284.04
3579,Zoe Taylor,zoe.taylor.3579@example.com,India,2024-09-10,Standard,740.28
3580,Chloe Garcia,chloe.garcia.3580@example.com,Japan,2024-02-13,Premium,3706.75
3581,Hugo Williams,hugo.williams.3581@example.com,France,2024-11-14,Basic,0.00
3582,Hugo Clarke,hugo.clarke.3582@example.com,India,2024-07-06,Basic,272.61
3583,Hugo Wilson,hugo.wilson.3583@example.com,United States,2024-10-28,Standard,978.65
3584,Noah Khan,noah.khan.3584@example.com,United Kingdom,2024-07-07,Premium,2876.61
3585,Hana Rossi,hana.rossi.3585@example.com,Singapore,2024-04-29,Basic,0.00
3586,Zoe Santos,zoe.santos.3586@example.com,United States,2024-10-31,Basic,217.10
3587,Amelia Singh,amelia.singh.3587@example.com,Germany,2024-08-16,Standard,976.27
3588,Ava Kim,ava.kim.3588@example.com,Singapore,2024-02-27,Premium,2537.59
3589,Daniel Taylor,daniel.taylor.3589@example.com,Singapore,2024-10-26,Basic,0.00
3590,Ethan Ahmed,ethan.ahmed.3590@example.com,France,2025-01-14,Basic,226.25
3591,Priya Singh,priya.singh.3591@example.com,Australia,2024-03-22,Standard,740.43
3592,Nora Martin,nora.martin.3592@example.com,Australia,2025-01-30,Premium,3095.82
3593,Isabella Garcia,isabella.garcia.3593@example.com,Australia,2024-10-11,Basic,0.00
3594,Ava Rossi,ava.rossi.3594@example.com,United Arab Emirates,2024-02-08,Basic,112.63
3595,Noah Dubois,noah.dubois.3595@example.com,Australia,2025-01-18,Standard,655.60
3596,Liam Wilson,liam.wilson.3596@example.com,United States,2024-06-03,Premium,5649.72
3597,Daniel Santos,daniel.santos.3597@example.com,Canada,2024-08-18,Basic,0.00
3598,Arjun Kim,arjun.kim.3598@example.com,India,2024-02-23,Basic,60.09
3599,Sofia Chen,sofia.chen.3599@example.com,United Arab Emirates,2024-06-06,Standard,813.20
3600,Mateo Patel,mateo.patel.3600@example.com,India,2025-01-14,Premium,2058.50
3601,Hana Wilson,hana.wilson.3601@example.com,Australia,2024-12-31,Basic,0.00
3602,Samuel Patel,samuel.patel.3602@example.com,India,2025-01-19,Basic,175.81
3603,Amelia Taylor,amelia.taylor.3603@example.com,India,2024-08-12,Standard,292.35
3604,Mia Khan,mia.khan.3604@example.com,Japan,2024-06-09,Premium,4198.59
3605,Mateo Bennett,mateo.bennett.3605@example.com,India,2024-02-22,Basic,0.00
3606,Priya Nakamura,priya.nakamura.3606@example.com,Canada,2025-01-05,Basic,186.54
3607,Priya Anderson,priya.anderson.3607@example.com,United Kingdom,2024-12-23,Standard,776.91
3608,Liam Williams,liam.williams.3608@example.com,Canada,2024-10-08,Premium,3193.06
3609,Olivia Martin,olivia.martin.3609@example.com,Singapore,2024-07-17,Basic,0.00
3610,Ethan Patel,ethan.patel.3610@example.com,India,2024-06-25,Basic,258.12
3611,Oliver Wilson,oliver.wilson.3611@example.com,Germany,2024-11-18,Standard,344.37
3612,Mia Williams,mia.williams.3612@example.com,United Kingdom,2024-08-21,Premium,2798.02
3613,Ava Garcia,ava.garcia.3613@example.com,Singapore,2024-10-12,Basic,0.00
3614,Ava Chen,ava.chen.3614@example.com,Singapore,2024-02-19,Basic,171.35
3615,Hugo Thompson,hugo.thompson.3615@example.com,United Kingdom,2024-03-29,Standard,745.81
3616,Arjun Singh,arjun.singh.3616@example.com,India,2024-05-05,Premium,4625.40
3617,Olivia Garcia,olivia.garcia.3617@example.com,Australia,2024-09-11,Basic,0.00
3618,Mateo Kim,mateo.kim.3618@example.com,Japan,2024-04-14,Basic,262.69
3619,Nora Clarke,nora.clarke.3619@example.com,United States,2025-01-05,Standard,965.11
3620,Aisha Khan,aisha.khan.3620@example.com,Australia,2024-07-12,Premium,4866.00
3621,Noah Rossi,noah.rossi.3621@example.com,United States,2024-04-19,Basic,0.00
3622,Isabella Patel,isabella.patel.3622@example.com,Canada,2024-07-29,Basic,213.09
3623,Nora Khan,nora.khan.3623@example.com,United States,2024-08-19,Standard,983.84
3624,Chloe Chen,chloe.chen.3624@example.com,Germany,2024-10-16,Premium,4228.91
3625,Olivia Anderson,olivia.anderson.3625@example.com,Canada,2024-12-18,Basic,0.00
3626,Ava Santos,ava.santos.3626@example.com,Japan,2024-02-13,Basic,194.37
3627,Nora Garcia,,Australia,2024-12-05,Standard,761.17
3628,Aisha Wilson,aisha.wilson.3628@example.com,Singapore,2024-04-23,Premium,4614.27
3629,Sofia Nguyen,sofia.nguyen.3629@example.com,France,2024-03-01,Basic,0.00
3630,Liam Garcia,liam.garcia.3630@example.com,India,2024-10-23,Basic,171.37
3631,Oliver Bennett,oliver.bennett.3631@example.com,United Arab Emirates,2024-04-27,Standard,864.35
3632,Samuel Santos,samuel.santos.3632@example.com,France,2024-02-20,Premium,4877.98
3633,Sofia Williams,sofia.williams.3633@example.com,Australia,2024-02-04,Basic,0.00
3634,Chloe Bennett,chloe.bennett.3634@example.com,United Arab Emirates,2024-03-01,Basic,18.87
3635,Chloe Rossi,chloe.rossi.3635@example.com,United Kingdom,2024-05-25,Standard,614.33
3636,Zoe Singh,zoe.singh.3636@example.com,United Arab Emirates,2024-11-06,Premium,5594.00
3637,Olivia Bennett,olivia.bennett.3637@example.com,Japan,2024-11-19,Basic,0.00
3638,Zoe Dubois,zoe.dubois.3638@example.com,Germany,2025-01-17,Basic,281.72
3639,Mateo Dubois,mateo.dubois.3639@example.com,Japan,2024-06-01,Standard,793.64
3640,Daniel Thompson,daniel.thompson.3640@example.com,United Arab Emirates,2024-06-08,Premium,5762.29
3641,Omar Nakamura,omar.nakamura.3641@example.com,Japan,2024-04-19,Basic,0.00
3642,Nora Nguyen,nora.nguyen.3642@example.com,France,2024-05-25,Basic,155.64
3643,Sofia Wilson,sofia.wilson.3643@example.com,Canada,2024-08-17,Standard,978.76
3644,Mia Martin,mia.martin.3644@example.com,France,2024-02-11,Premium,5470.82
3645,Leo Wilson,leo.wilson.3645@example.com,Canada,2024-02-22,Basic,0.00
3646,Nora Taylor,nora.taylor.3646@example.com,Singapore,2024-05-27,Basic,153.68
3647,Chloe Chen,chloe.chen.3647@example.com,France,2024-05-17,Standard,771.23
3648,Chloe Taylor,chloe.taylor.3648@example.com,India,2024-09-23,Premium,1831.63
3649,Samuel Nakamura,samuel.nakamura.3649@example.com,Japan,2024-08-17,Basic,0.00
3650,Nora Kim,nora.kim.3650@example.com,France,2024-07-16,Basic,120.63
3651,Daniel Dubois,daniel.dubois.3651@example.com,Canada,2024-10-29,Standard,954.73
3652,Ava Anderson,ava.anderson.3652@example.com,Australia,2025-01-30,Premium,3835.63
3653,Ava Rossi,ava.rossi.3653@example.com,Australia,2025-01-03,Basic,0.00
3654,Mateo Kim,mateo.kim.3654@example.com,Japan,2024-11-07,Basic,166.97
3655,Leo Kim,leo.kim.3655@example.com,Germany,2024-05-20,Standard,907.46
3656,Chloe Chen,chloe.chen.3656@example.com,Japan,2024-03-27,Premium,4521.60
3657,Oliver Nakamura,oliver.nakamura.3657@example.com,Germany,2024-12-16,Basic,0.00
3658,Leo Singh,leo.singh.3658@example.com,Australia,2024-05-22,Basic,117.64
3659,Isabella Nguyen,isabella.nguyen.3659@example.com,Canada,2025-01-03,Standard,992.83
3660,Chloe Ahmed,chloe.ahmed.3660@example.com,India,2024-05-03,Premium,2325.60
3661,Nora Bennett,nora.bennett.3661@example.com,Australia,2024-08-16,Basic,0.00
3662,Hana Martin,hana.martin.3662@example.com,Germany,2025-01-14,Basic,46.36
3663,Hana Chen,hana.chen.3663@example.com,India,2024-11-21,Standard,690.20
3664,Ava Chen,ava.chen.3664@example.com,India,2024-07-12,Premium,6535.69
3665,Nora Anderson,nora.anderson.3665@example.com,Canada,2024-10-07,Basic,0.00
3666,Isabella Clarke,isabella.clarke.3666@example.com,United Arab Emirates,2024-10-29,Basic,68.53
3667,Samuel Singh,samuel.singh.3667@example.com,United Kingdom,2024-03-05,Standard,961.18
3668,Olivia Bennett,olivia.bennett.3668@example.com,United States,2024-02-28,Premium,4034.28
3669,Isabella Garcia,isabella.garcia.3669@example.com,France,2024-08-01,Basic,0.00
3670,Ava Chen,ava.chen.3670@example.com,Australia,2024-07-07,Basic,154.97
3671,Olivia Kim,olivia.kim.3671@example.com,United Arab Emirates,2024-07-11,Standard,481.84
3672,Hana Nakamura,hana.nakamura.3672@example.com,Japan,2024-07-23,Premium,3100.51
3673,Priya Martin,priya.martin.3673@example.com,Germany,2024-07-05,Basic,0.00
3674,Liam Nguyen,liam.nguyen.3674@example.com,Canada,2024-04-18,Basic,26.04
3675,Ethan Taylor,,United Kingdom,2024-10-30,Standard,896.02
3676,Mateo Taylor,mateo.taylor.3676@example.com,Canada,2024-11-14,Premium,2396.03
3677,Oliver Thompson,oliver.thompson.3677@example.com,Germany,2025-01-19,Basic,0.00
3678,Arjun Williams,arjun.williams.3678@example.com,Canada,2024-09-15,Basic,18.87
3679,Liam Singh,liam.singh.3679@example.com,Canada,2024-08-14,Standard,535.08
3680,Hugo Dubois,hugo.dubois.3680@example.com,Japan,2024-04-28,Premium,5566.30
3681,Amelia Rossi,amelia.rossi.3681@example.com,France,2024-09-13,Basic,0.00
3682,Hana Rossi,hana.rossi.3682@example.com,Canada,2024-09-17,Basic,23.38
3683,Amelia Thompson,amelia.thompson.3683@example.com,United Arab Emirates,2024-07-26,Standard,984.16
3684,Isabella Garcia,isabella.garcia.3684@example.com,France,2024-03-07,Premium,3074.15
3685,Ethan Chen,ethan.chen.3685@example.com,United Arab Emirates,2024-07-03,Basic,0.00
3686,Daniel Dubois,daniel.dubois.3686@example.com,Canada,2024-03-28,Basic,134.07
3687,Daniel Khan,daniel.khan.3687@example.com,France,2024-06-29,Standard,951.41
3688,Priya Garcia,priya.garcia.3688@example.com,France,2024-12-05,Premium,6191.03
3689,Hugo Bennett,hugo.bennett.3689@example.com,United Arab Emirates,2024-11-29,Basic,0.00
3690,Leo Martin,leo.martin.3690@example.com,France,2024-06-09,Basic,172.88
3691,Ava Ahmed,ava.ahmed.3691@example.com,Germany,2024-10-24,Standard,955.54
3692,Amelia Thompson,amelia.thompson.3692@example.com,France,2024-04-26,Premium,3223.22
3693,Noah Anderson,noah.anderson.3693@example.com,Germany,2024-06-14,Basic,0.00
3694,Nora Taylor,nora.taylor.3694@example.com,France,2024-02-21,Basic,170.59
3695,Mia Nakamura,mia.nakamura.3695@example.com,United Kingdom,2024-07-20,Standard,879.64
3696,Oliver Singh,oliver.singh.3696@example.com,Canada,2024-12-16,Premium,5046.67
3697,Amelia Rossi,amelia.rossi.3697@example.com,United States,2024-07-04,Basic,0.00
3698,Chloe Khan,chloe.khan.3698@example.com,Japan,2024-08-13,Basic,246.15
3699,Chloe Singh,chloe.singh.3699@example.com,Germany,2025-01-22,Standard,870.18
3700,Chloe Santos,chloe.santos.3700@example.com,France,2024-10-20,Premium,3016.14
3701,Leo Taylor,leo.taylor.3701@example.com,France,2024-04-08,Basic,0.00
3702,Omar Patel,omar.patel.3702@example.com,Singapore,2024-05-09,Basic,60.25
3703,Hugo Wilson,hugo.wilson.3703@example.com,Germany,2024-03-14,Standard,888.36
3704,Nora Garcia,nora.garcia.3704@example.com,France,2024-10-18,Premium,3638.93
3705,Liam Bennett,liam.bennett.3705@example.com,Canada,2024-03-26,Basic,0.00
3706,Arjun Garcia,arjun.garcia.3706@example.com,Canada,2024-08-10,Basic,282.60
3707,Olivia Chen,olivia.chen.3707@example.com,United Arab Emirates,2024-06-01,Standard,863.27
3708,Olivia Garcia,olivia.garcia.3708@example.com,United States,2024-02-07,Premium,4883.50
3709,Samuel Santos,samuel.santos.3709@example.com,United Arab Emirates,2024-03-08,Basic,0.00
3710,Sofia Rossi,sofia.rossi.3710@example.com,Japan,2024-12-20,Basic,91.95
3711,Isabella Williams,isabella.williams.3711@example.com,United Arab Emirates,2024-04-03,Standard,815.08
3712,Noah Chen,noah.chen.3712@example.com,Australia,2024-03-13,Premium,2821.26
3713,Ethan Garcia,ethan.garcia.3713@example.com,United Kingdom,2024-02-02,Basic,0.00
3714,Leo Anderson,leo.anderson.3714@example.com,Australia,2024-02-26,Basic,164.24
3715,Priya Garcia,priya.garcia.3715@example.com,India,2024-07-14,Standard,974.07
3716,Zoe Ahmed,zoe.ahmed.3716@example.com,Australia,2024-10-01,Premium,4095.69
3717,Ava Thompson,ava.thompson.3717@example.com,United Arab Emirates,2025-01-27,Basic,0.00
3718,Ethan Thompson,ethan.thompson.3718@example.com,Germany,2025-01-12,Basic,219.97
3719,Hana Singh,hana.singh.3719@example.com,Japan,2024-05-05,Standard,226.99
3720,Aisha Bennett,aisha.bennett.3720@example.com,United Kingdom,2024-05-01,Premium,4956.00
3721,Ava Patel,ava.patel.3721@example.com,Canada,2024-11-04,Basic,0.00
3722,Hana Khan,hana.khan.3722@example.com,United Kingdom,2025-01-25,Basic,110.25
3723,Olivia Khan,olivia.khan.3723@example.com,Canada,2024-07-14,Standard,910.74
3724,Arjun Martin,arjun.martin.3724@example.com,India,2024-12-22,Premium,3743.07
3725,Hana Wilson,hana.wilson.3725@example.com,United Arab Emirates,2024-08-30,Basic,0.00
3726,Aisha Wilson,aisha.wilson.3726@example.com,Australia,2024-09-06,Basic,260.67
3727,Mia Kim,mia.kim.3727@example.com,Australia,2024-10-29,Standard,836.88
3728,Amelia Patel,amelia.patel.3728@example.com,Germany,2024-04-23,Premium,2556.33
3729,Olivia Singh,olivia.singh.3729@example.com,United Kingdom,2024-10-10,Basic,0.00
3730,Omar Singh,omar.singh.3730@example.com,United Arab Emirates,2024-09-08,Basic,52.70
3731,Olivia Nakamura,olivia.nakamura.3731@example.com,United States,2025-01-11,Standard,930.34
3732,Olivia Santos,olivia.santos.3732@example.com,United Arab Emirates,2024-08-04,Premium,6044.32
3733,Priya Clarke,priya.clarke.3733@example.com,United Kingdom,2024-11-18,Basic,0.00
3734,Mia Santos,mia.santos.3734@example.com,Japan,2024-08-02,Basic,174.77
3735,Samuel Thompson,samuel.thompson.3735@example.com,France,2024-10-13,Standard,545.68
3736,Lucas Thompson,lucas.thompson.3736@example.com,France,2024-11-06,Premium,4093.82
3737,Samuel Khan,samuel.khan.3737@example.com,Australia,2024-11-27,Basic,0.00
3738,Ethan Singh,ethan.singh.3738@example.com,France,2024-08-28,Basic,101.87
3739,Nora Nakamura,nora.nakamura.3739@example.com,France,2024-08-25,Standard,989.73
3740,Nora Nakamura,nora.nakamura.3740@example.com,Japan,2024-04-19,Premium,3886.60
3741,Sofia Dubois,sofia.dubois.3741@example.com,India,2024-02-13,Basic,0.00
3742,Sofia Santos,sofia.santos.3742@example.com,India,2024-12-20,Basic,238.11
3743,Sofia Dubois,sofia.dubois.3743@example.com,France,2024-02-08,Standard,807.58
3744,Leo Martin,leo.martin.3744@example.com,Canada,2024-11-30,Premium,3130.21
3745,Ethan Khan,ethan.khan.3745@example.com,United Kingdom,2024-02-09,Basic,0.00
3746,Chloe Thompson,chloe.thompson.3746@example.com,Canada,2024-06-18,Basic,51.12
3747,Isabella Khan,isabella.khan.3747@example.com,United States,2024-10-12,Standard,935.07
3748,Chloe Martin,chloe.martin.3748@example.com,Germany,2024-11-08,Premium,3146.29
3749,Mia Anderson,mia.anderson.3749@example.com,Australia,2024-10-07,Basic,0.00
3750,Mateo Thompson,mateo.thompson.3750@example.com,India,2024-09-10,Basic,177.38
3751,Ethan Thompson,ethan.thompson.3751@example.com,United States,2024-07-30,Standard,676.87
3752,Liam Garcia,liam.garcia.3752@example.com,France,2025-01-27,Premium,3673.61
3753,Hugo Clarke,hugo.clarke.3753@example.com,Germany,2024-04-13,Basic,0.00
3754,Arjun Ahmed,arjun.ahmed.3754@example.com,Japan,2024-05-21,Basic,102.22
3755,Leo Thompson,leo.thompson.3755@example.com,United States,2024-07-07,Standard,978.27
3756,Zoe Martin,zoe.martin.3756@example.com,France,2024-12-19,Premium,4014.29
3757,Lucas Clarke,lucas.clarke.3757@example.com,India,2024-12-10,Basic,0.00
3758,Liam Clarke,liam.clarke.3758@example.com,Canada,2024-10-29,Basic,175.96
3759,Lucas Santos,lucas.santos.3759@example.com,France,2025-01-18,Standard,361.47
3760,Sofia Kim,sofia.kim.3760@example.com,United Arab Emirates,2024-09-30,Premium,5440.31
3761,Olivia Bennett,olivia.bennett.3761@example.com,Japan,2024-08-08,Basic,0.00
3762,Leo Anderson,leo.anderson.3762@example.com,Australia,2024-07-17,Basic,81.92
3763,Priya Anderson,priya.anderson.3763@example.com,France,2024-12-21,Standard,340.99
3764,Hugo Patel,hugo.patel.3764@example.com,Singapore,2024-07-24,Premium,2530.19
3765,Hana Santos,hana.santos.3765@example.com,Australia,2024-04-06,Basic,0.00
3766,Isabella Rossi,isabella.rossi.3766@example.com,Australia,2025-01-28,Basic,155.59
3767,Hana Clarke,hana.clarke.3767@example.com,Australia,2024-06-07,Standard,410.23
3768,Hugo Rossi,hugo.rossi.3768@example.com,Japan,2024-02-10,Premium,3297.05
3769,Isabella Ahmed,isabella.ahmed.3769@example.com,United Kingdom,2024-08-15,Basic,0.00
3770,Sofia Clarke,sofia.clarke.3770@example.com,France,2024-03-13,Basic,259.97
3771,Aisha Thompson,aisha.thompson.3771@example.com,Japan,2024-12-05,Standard,924.03
3772,Samuel Patel,samuel.patel.3772@example.com,United Kingdom,2024-09-18,Premium,2808.78
3773,Chloe Khan,chloe.khan.3773@example.com,Germany,2025-01-30,Basic,0.00
3774,Sofia Kim,sofia.kim.3774@example.com,United States,2024-09-30,Basic,74.13
3775,Arjun Anderson,arjun.anderson.3775@example.com,United States,2024-07-17,Standard,711.23
3776,Omar Clarke,omar.clarke.3776@example.com,Japan,2024-11-14,Premium,2947.73
3777,Sofia Patel,sofia.patel.3777@example.com,France,2024-10-06,Basic,0.00
3778,Isabella Clarke,isabella.clarke.3778@example.com,Singapore,2024-05-13,Basic,81.28
3779,Zoe Khan,zoe.khan.3779@example.com,United Arab Emirates,2024-12-06,Standard,466.00
3780,Liam Wilson,liam.wilson.3780@example.com,United States,2024-05-10,Premium,1269.98
3781,Aisha Ahmed,aisha.ahmed.3781@example.com,Germany,2024-06-07,Basic,0.00
3782,Chloe Taylor,chloe.taylor.3782@example.com,United States,2024-07-02,Basic,163.66
3783,Mia Khan,mia.khan.3783@example.com,Canada,2024-07-01,Standard,949.99
3784,Amelia Bennett,amelia.bennett.3784@example.com,India,2024-03-12,Premium,4941.90
3785,Omar Nakamura,omar.nakamura.3785@example.com,Canada,2024-09-16,Basic,0.00
3786,Zoe Dubois,zoe.dubois.3786@example.com,Singapore,2024-04-21,Basic,99.00
3787,Mateo Nakamura,mateo.nakamura.3787@example.com,France,2024-03-27,Standard,882.57
3788,Mia Nakamura,mia.nakamura.3788@example.com,Germany,2024-05-12,Premium,2699.70
3789,Priya Clarke,priya.clarke.3789@example.com,Japan,2024-06-25,Basic,0.00
3790,Ethan Rossi,ethan.rossi.3790@example.com,Canada,2024-07-15,Basic,169.28
3791,Amelia Williams,amelia.williams.3791@example.com,United States,2024-07-17,Standard,960.63
3792,Oliver Thompson,oliver.thompson.3792@example.com,France,2024-04-13,Premium,3149.02
3793,Isabella Dubois,isabella.dubois.3793@example.com,Singapore,2024-02-14,Basic,0.00
3794,Zoe Taylor,zoe.taylor.3794@example.com,France,2024-08-21,Basic,192.32
3795,Ethan Santos,ethan.santos.3795@example.com,United Arab Emirates,2024-02-18,Standard,869.03
3796,Zoe Wilson,zoe.wilson.3796@example.com,France,2024-11-16,Premium,2344.40
3797,Hana Singh,hana.singh.3797@example.com,Singapore,2024-02-29,Basic,0.00
3798,Samuel Chen,samuel.chen.3798@example.com,Japan,2024-03-04,Basic,254.10
3799,Olivia Chen,olivia.chen.3799@example.com,Canada,2024-03-24,Standard,917.03
3800,Aisha Martin,aisha.martin.3800@example.com,Australia,2024-03-19,Premium,4825.93
3801,Omar Kim,omar.kim.3801@example.com,France,2024-03-13,Basic,0.00
3802,Leo Santos,leo.santos.3802@example.com,United Kingdom,2024-10-10,Basic,135.46
3803,Chloe Nguyen,chloe.nguyen.3803@example.com,United States,2024-10-26,Standard,890.37
3804,Leo Dubois,leo.dubois.3804@example.com,Canada,2024-11-07,Premium,3499.67
3805,Olivia Khan,olivia.khan.3805@example.com,Japan,2024-04-22,Basic,0.00
3806,Liam Patel,liam.patel.3806@example.com,Australia,2024-06-02,Basic,68.53
3807,Noah Nguyen,noah.nguyen.3807@example.com,United States,2024-02-27,Standard,955.50
3808,Zoe Anderson,zoe.anderson.3808@example.com,Japan,2024-02-22,Premium,5243.50
3809,Noah Anderson,noah.anderson.3809@example.com,Australia,2024-04-19,Basic,0.00
3810,Sofia Ahmed,sofia.ahmed.3810@example.com,France,2024-07-15,Basic,187.27
3811,Chloe Dubois,chloe.dubois.3811@example.com,United States,2024-10-19,Standard,993.86
3812,Lucas Thompson,lucas.thompson.3812@example.com,United States,2025-01-08,Premium,4470.11
3813,Priya Taylor,priya.taylor.3813@example.com,Singapore,2024-03-06,Basic,0.00
3814,Noah Khan,noah.khan.3814@example.com,United Arab Emirates,2024-02-19,Basic,197.84
3815,Ava Anderson,ava.anderson.3815@example.com,United Arab Emirates,2024-10-09,Standard,954.86
3816,Amelia Kim,amelia.kim.3816@example.com,United Kingdom,2024-11-24,Premium,2033.20
3817,Omar Ahmed,omar.ahmed.3817@example.com,Canada,2024-08-22,Basic,0.00
3818,Ava Chen,ava.chen.3818@example.com,Singapore,2024-02-04,Basic,193.43
3819,Zoe Clarke,zoe.clarke.3819@example.com,Germany,2024-06-16,Standard,936.23
3820,Oliver Kim,oliver.kim.3820@example.com,Singapore,2024-08-17,Premium,4581.86
3821,Ethan Khan,ethan.khan.3821@example.com,United Arab Emirates,2024-06-11,Basic,0.00
3822,Isabella Khan,isabella.khan.3822@example.com,France,2024-06-13,Basic,74.13
3823,Chloe Williams,,Germany,2024-09-19,Standard,488.64
3824,Amelia Nakamura,amelia.nakamura.3824@example.com,United Arab Emirates,2024-12-30,Premium,4380.08
3825,Daniel Ahmed,daniel.ahmed.3825@example.com,India,2024-05-15,Basic,0.00
3826,Ethan Williams,ethan.williams.3826@example.com,United States,2024-08-17,Basic,288.16
3827,Liam Khan,liam.khan.3827@example.com,Australia,2024-11-18,Standard,969.06
3828,Samuel Wilson,samuel.wilson.3828@example.com,Australia,2024-11-30,Premium,2832.96
3829,Lucas Kim,lucas.kim.3829@example.com,Japan,2024-02-28,Basic,0.00
3830,Zoe Anderson,zoe.anderson.3830@example.com,United Arab Emirates,2024-06-09,Basic,129.33
3831,Ava Ahmed,ava.ahmed.3831@example.com,United States,2024-07-08,Standard,514.17
3832,Amelia Khan,amelia.khan.3832@example.com,Canada,2024-07-20,Premium,2519.96
3833,Ava Thompson,ava.thompson.3833@example.com,India,2024-07-17,Basic,0.00
3834,Nora Dubois,nora.dubois.3834@example.com,United Arab Emirates,2024-04-25,Basic,14.23
3835,Hugo Thompson,hugo.thompson.3835@example.com,Singapore,2024-12-02,Standard,955.81
3836,Lucas Anderson,lucas.anderson.3836@example.com,United Kingdom,2024-12-12,Premium,3390.12
3837,Liam Bennett,liam.bennett.3837@example.com,United States,2024-12-14,Basic,0.00
3838,Noah Bennett,noah.bennett.3838@example.com,Germany,2024-02-01,Basic,18.70
3839,Lucas Nakamura,lucas.nakamura.3839@example.com,India,2024-11-17,Standard,883.65
3840,Ethan Williams,ethan.williams.3840@example.com,United States,2024-08-07,Premium,3944.92
3841,Ava Khan,ava.khan.3841@example.com,India,2024-08-09,Basic,0.00
3842,Olivia Patel,olivia.patel.3842@example.com,India,2024-12-31,Basic,157.85
3843,Amelia Wilson,amelia.wilson.3843@example.com,United States,2024-04-02,Standard,728.23
3844,Lucas Chen,lucas.chen.3844@example.com,Germany,2024-09-21,Premium,2967.69
3845,Ava Williams,ava.williams.3845@example.com,United States,2024-10-01,Basic,0.00
3846,Ethan Bennett,ethan.bennett.3846@example.com,United Kingdom,2024-03-16,Basic,80.77
3847,Samuel Anderson,samuel.anderson.3847@example.com,Japan,2024-11-23,Standard,950.60
3848,Priya Nguyen,priya.nguyen.3848@example.com,Germany,2024-06-18,Premium,1835.56
3849,Amelia Rossi,amelia.rossi.3849@example.com,Japan,2024-03-04,Basic,0.00
3850,Samuel Chen,samuel.chen.3850@example.com,Australia,2024-03-05,Basic,46.36
3851,Chloe Dubois,chloe.dubois.3851@example.com,United States,2024-02-20,Standard,923.43
3852,Hugo Taylor,hugo.taylor.3852@example.com,Japan,2024-08-30,Premium,3812.82
3853,Ethan Bennett,ethan.bennett.3853@example.com,United Arab Emirates,2024-02-23,Basic,0.00
3854,Daniel Garcia,daniel.garcia.3854@example.com,Germany,2025-01-29,Basic,279.16
3855,Lucas Thompson,lucas.thompson.3855@example.com,Australia,2024-06-16,Standard,805.74
3856,Amelia Patel,amelia.patel.3856@example.com,Australia,2024-05-31,Premium,4365.59
3857,Priya Nakamura,priya.nakamura.3857@example.com,United States,2024-12-29,Basic,0.00
3858,Noah Rossi,noah.rossi.3858@example.com,India,2024-11-13,Basic,251.13
3859,Priya Thompson,priya.thompson.3859@example.com,Australia,2024-02-25,Standard,798.30
3860,Lucas Kim,lucas.kim.3860@example.com,United Kingdom,2024-12-03,Premium,6269.25
3861,Omar Nakamura,omar.nakamura.3861@example.com,Japan,2024-11-05,Basic,0.00
3862,Ethan Kim,ethan.kim.3862@example.com,France,2024-11-09,Basic,280.71
3863,Oliver Chen,oliver.chen.3863@example.com,France,2024-12-24,Standard,979.11
3864,Omar Taylor,omar.taylor.3864@example.com,Canada,2024-11-24,Premium,4351.31
3865,Chloe Kim,chloe.kim.3865@example.com,Japan,2024-07-27,Basic,0.00
3866,Lucas Chen,lucas.chen.3866@example.com,Japan,2025-01-11,Basic,227.46
3867,Oliver Taylor,oliver.taylor.3867@example.com,France,2024-09-09,Standard,997.00
3868,Olivia Clarke,olivia.clarke.3868@example.com,Germany,2024-04-11,Premium,3335.97
3869,Isabella Kim,isabella.kim.3869@example.com,Japan,2024-09-18,Basic,0.00
3870,Oliver Martin,oliver.martin.3870@example.com,United States,2024-07-25,Basic,73.08
3871,Aisha Chen,aisha.chen.3871@example.com,United Arab Emirates,2024-07-24,Standard,897.34
3872,Oliver Martin,oliver.martin.3872@example.com,United Arab Emirates,2024-04-12,Premium,6505.50
3873,Ava Dubois,ava.dubois.3873@example.com,United Kingdom,2024-09-02,Basic,0.00
3874,Liam Ahmed,liam.ahmed.3874@example.com,Singapore,2024-02-22,Basic,147.46
3875,Aisha Williams,aisha.williams.3875@example.com,United Arab Emirates,2024-02-03,Standard,679.35
3876,Mia Nguyen,mia.nguyen.3876@example.com,Canada,2024-05-27,Premium,5391.81
3877,Daniel Santos,daniel.santos.3877@example.com,Japan,2024-03-31,Basic,0.00
3878,Isabella Kim,isabella.kim.3878@example.com,Singapore,2024-08-21,Basic,280.71
3879,Aisha Dubois,aisha.dubois.3879@example.com,Australia,2024-11-22,Standard,792.51
3880,Omar Taylor,omar.taylor.3880@example.com,United Kingdom,2024-05-26,Premium,3015.56
3881,Zoe Nakamura,zoe.nakamura.3881@example.com,Canada,2025-01-21,Basic,0.00
3882,Ava Bennett,ava.bennett.3882@example.com,Singapore,2024-03-27,Basic,215.69
3883,Hugo Chen,hugo.chen.3883@example.com,United Kingdom,2025-01-21,Standard,855.44
3884,Lucas Anderson,lucas.anderson.3884@example.com,India,2024-07-05,Premium,2662.26
3885,Ava Nguyen,ava.nguyen.3885@example.com,United Kingdom,2024-05-08,Basic,0.00
3886,Amelia Bennett,amelia.bennett.3886@example.com,United States,2024-07-01,Basic,183.00
3887,Liam Khan,liam.khan.3887@example.com,Canada,2025-01-14,Standard,334.98
3888,Olivia Garcia,olivia.garcia.3888@example.com,Germany,2024-09-19,Premium,3309.96
3889,Liam Taylor,liam.taylor.3889@example.com,France,2025-01-04,Basic,0.00
3890,Chloe Bennett,chloe.bennett.3890@example.com,United Arab Emirates,2024-07-03,Basic,177.38
3891,Isabella Dubois,isabella.dubois.3891@example.com,France,2024-05-17,Standard,902.97
3892,Lucas Taylor,lucas.taylor.3892@example.com,United Arab Emirates,2024-11-28,Premium,1806.94
3893,Hugo Clarke,hugo.clarke.3893@example.com,United Arab Emirates,2024-02-22,Basic,0.00
3894,Daniel Thompson,daniel.thompson.3894@example.com,United States,2024-10-13,Basic,117.64
3895,Isabella Kim,isabella.kim.3895@example.com,United States,2024-06-10,Standard,830.52
3896,Priya Thompson,priya.thompson.3896@example.com,India,2024-11-02,Premium,6211.68
3897,Liam Taylor,liam.taylor.3897@example.com,United Arab Emirates,2024-12-14,Basic,0.00
3898,Omar Thompson,omar.thompson.3898@example.com,United States,2024-08-13,Basic,148.98
3899,Noah Thompson,noah.thompson.3899@example.com,United Kingdom,2024-10-01,Standard,584.37
3900,Mia Nguyen,mia.nguyen.3900@example.com,United Kingdom,2024-03-14,Premium,2000.27
3901,Arjun Williams,arjun.williams.3901@example.com,Japan,2024-08-13,Basic,0.00
3902,Samuel Santos,,Australia,2024-12-06,Basic,313.88
3903,Hugo Singh,hugo.singh.3903@example.com,France,2024-07-08,Standard,952.53
3904,Oliver Nakamura,oliver.nakamura.3904@example.com,Australia,2024-12-11,Premium,6541.87
3905,Leo Williams,leo.williams.3905@example.com,United States,2025-01-16,Basic,0.00
3906,Sofia Rossi,sofia.rossi.3906@example.com,United States,2024-10-17,Basic,18.49
3907,Nora Garcia,nora.garcia.3907@example.com,Singapore,2024-05-03,Standard,856.29
3908,Nora Patel,nora.patel.3908@example.com,United Arab Emirates,2024-08-17,Premium,7210.58
3909,Oliver Singh,oliver.singh.3909@example.com,Germany,2024-11-26,Basic,0.00
3910,Liam Ahmed,liam.ahmed.3910@example.com,Japan,2024-04-30,Basic,160.74
3911,Nora Wilson,nora.wilson.3911@example.com,Canada,2024-02-21,Standard,838.46
3912,Lucas Clarke,lucas.clarke.3912@example.com,France,2024-09-06,Premium,4695.24
3913,Liam Chen,liam.chen.3913@example.com,United Kingdom,2024-05-12,Basic,0.00
3914,Hugo Thompson,hugo.thompson.3914@example.com,Australia,2024-02-03,Basic,270.91
3915,Chloe Martin,chloe.martin.3915@example.com,India,2024-02-23,Standard,955.14
3916,Lucas Martin,lucas.martin.3916@example.com,Australia,2024-07-24,Premium,1055.76
3917,Daniel Rossi,daniel.rossi.3917@example.com,Japan,2024-05-28,Basic,0.00
3918,Priya Nakamura,priya.nakamura.3918@example.com,United Kingdom,2024-03-23,Basic,83.13
3919,Ethan Chen,ethan.chen.3919@example.com,Canada,2024-12-06,Standard,857.59
3920,Hana Bennett,hana.bennett.3920@example.com,Japan,2024-10-12,Premium,3460.77
3921,Omar Taylor,omar.taylor.3921@example.com,United States,2025-01-28,Basic,0.00
3922,Aisha Kim,aisha.kim.3922@example.com,Singapore,2024-03-26,Basic,246.15
3923,Leo Thompson,leo.thompson.3923@example.com,United States,2024-06-22,Standard,896.06
3924,Leo Nguyen,leo.nguyen.3924@example.com,India,2024-03-06,Premium,1921.05
3925,Olivia Garcia,olivia.garcia.3925@example.com,Germany,2025-01-06,Basic,0.00
3926,Omar Thompson,omar.thompson.3926@example.com,India,2024-10-17,Basic,30.86
3927,Arjun Chen,arjun.chen.3927@example.com,United Kingdom,2024-02-13,Standard,975.72
3928,Ethan Garcia,ethan.garcia.3928@example.com,United Arab Emirates,2024-05-06,Premium,1835.97
3929,Daniel Khan,daniel.khan.3929@example.com,Japan,2025-01-03,Basic,0.00
3930,Oliver Kim,oliver.kim.3930@example.com,Singapore,2024-06-14,Basic,129.96
3931,Hugo Garcia,hugo.garcia.3931@example.com,Canada,2024-11-25,Standard,393.49
3932,Leo Williams,leo.williams.3932@example.com,Singapore,2024-02-21,Premium,4209.66
3933,Arjun Khan,arjun.khan.3933@example.com,Canada,2024-07-03,Basic,0.00
3934,Sofia Dubois,sofia.dubois.3934@example.com,United States,2024-08-09,Basic,111.29
3935,Noah Ahmed,noah.ahmed.3935@example.com,United States,2024-03-29,Standard,966.97
3936,Aisha Patel,aisha.patel.3936@example.com,United Arab Emirates,2024-10-29,Premium,3282.05
3937,Amelia Wilson,amelia.wilson.3937@example.com,Canada,2024-07-13,Basic,0.00
3938,Arjun Thompson,arjun.thompson.3938@example.com,Australia,2024-05-07,Basic,60.09
3939,Daniel Thompson,daniel.thompson.3939@example.com,Japan,2024-10-03,Standard,658.05
3940,Ava Williams,ava.williams.3940@example.com,Canada,2024-08-17,Premium,3379.34
3941,Oliver Nguyen,oliver.nguyen.3941@example.com,United Kingdom,2024-04-15,Basic,0.00
3942,Daniel Chen,daniel.chen.3942@example.com,Singapore,2024-04-15,Basic,68.53
3943,Olivia Thompson,olivia.thompson.3943@example.com,Singapore,2024-03-09,Standard,963.04
3944,Hana Martin,hana.martin.3944@example.com,Australia,2024-12-17,Premium,4084.73
3945,Leo Kim,leo.kim.3945@example.com,Australia,2024-06-14,Basic,0.00
3946,Leo Singh,leo.singh.3946@example.com,India,2024-02-22,Basic,86.02
3947,Isabella Dubois,isabella.dubois.3947@example.com,United States,2024-05-09,Standard,855.50
3948,Daniel Kim,daniel.kim.3948@example.com,India,2024-09-18,Premium,2233.27
3949,Mateo Anderson,mateo.anderson.3949@example.com,Canada,2024-10-03,Basic,0.00
3950,Mateo Ahmed,mateo.ahmed.3950@example.com,India,2024-12-27,Basic,154.02
3951,Zoe Martin,zoe.martin.3951@example.com,Australia,2024-12-03,Standard,771.49
3952,Aisha Wilson,aisha.wilson.3952@example.com,Japan,2024-03-10,Premium,5731.86
3953,Leo Clarke,leo.clarke.3953@example.com,United States,2024-09-01,Basic,0.00
3954,Olivia Nguyen,olivia.nguyen.3954@example.com,United Kingdom,2025-01-26,Basic,81.61
3955,Sofia Singh,sofia.singh.3955@example.com,France,2024-06-22,Standard,422.27
3956,Chloe Patel,chloe.patel.3956@example.com,Japan,2024-12-29,Premium,4663.23
3957,Isabella Wilson,isabella.wilson.3957@example.com,Singapore,2024-12-06,Basic,0.00
3958,Isabella Wilson,isabella.wilson.3958@example.com,Japan,2024-10-19,Basic,103.12
3959,Hugo Dubois,hugo.dubois.3959@example.com,United Arab Emirates,2025-01-21,Standard,915.28
3960,Oliver Clarke,oliver.clarke.3960@example.com,United Arab Emirates,2025-01-04,Premium,6613.30
3961,Hana Chen,hana.chen.3961@example.com,Japan,2024-07-22,Basic,0.00
3962,Olivia Thompson,olivia.thompson.3962@example.com,France,2024-10-30,Basic,256.47
3963,Aisha Clarke,aisha.clarke.3963@example.com,United Kingdom,2024-06-08,Standard,881.08
3964,Zoe Patel,zoe.patel.3964@example.com,Germany,2024-06-27,Premium,4517.06
3965,Mateo Ahmed,mateo.ahmed.3965@example.com,Australia,2024-07-10,Basic,0.00
3966,Isabella Anderson,isabella.anderson.3966@example.com,United Arab Emirates,2024-05-08,Basic,129.96
3967,Omar Wilson,omar.wilson.3967@example.com,Australia,2024-07-21,Standard,890.74
3968,Aisha Taylor,aisha.taylor.3968@example.com,Germany,2024-06-15,Premium,4784.18
3969,Mateo Taylor,mateo.taylor.3969@example.com,Australia,2024-12-10,Basic,0.00
3970,Sofia Wilson,sofia.wilson.3970@example.com,Australia,2025-01-17,Basic,264.69
3971,Daniel Kim,daniel.kim.3971@example.com,Singapore,2024-11-10,Standard,944.57
3972,Isabella Khan,isabella.khan.3972@example.com,Japan,2024-11-24,Premium,3994.91
3973,Aisha Martin,aisha.martin.3973@example.com,United Kingdom,2024-06-29,Basic,0.00
3974,Zoe Anderson,zoe.anderson.3974@example.com,Australia,2024-12-03,Basic,165.10
3975,Zoe Santos,zoe.santos.3975@example.com,Canada,2024-12-28,Standard,478.72
3976,Hugo Kim,hugo.kim.3976@example.com,Australia,2024-08-19,Premium,3530.29
3977,Hugo Patel,hugo.patel.3977@example.com,United Arab Emirates,2024-09-23,Basic,0.00
3978,Oliver Santos,oliver.santos.3978@example.com,Canada,2024-06-10,Basic,217.97
3979,Mateo Garcia,mateo.garcia.3979@example.com,Germany,2024-04-04,Standard,989.60
3980,Chloe Nguyen,chloe.nguyen.3980@example.com,India,2024-02-02,Premium,4919.52
3981,Olivia Khan,olivia.khan.3981@example.com,Germany,2024-10-11,Basic,0.00
3982,Nora Nguyen,nora.nguyen.3982@example.com,United Arab Emirates,2024-06-21,Basic,106.20
3983,Aisha Rossi,aisha.rossi.3983@example.com,India,2024-05-12,Standard,907.49
3984,Mia Singh,mia.singh.3984@example.com,India,2024-12-18,Premium,1568.30
3985,Hugo Clarke,hugo.clarke.3985@example.com,United Kingdom,2024-10-01,Basic,0.00
3986,Leo Dubois,leo.dubois.3986@example.com,France,2024-04-02,Basic,106.71
3987,Sofia Martin,sofia.martin.3987@example.com,United Kingdom,2024-08-04,Standard,262.75
3988,Noah Singh,noah.singh.3988@example.com,United Kingdom,2024-06-22,Premium,3892.55
3989,Liam Nguyen,liam.nguyen.3989@example.com,Singapore,2024-06-17,Basic,0.00
3990,Sofia Williams,sofia.williams.3990@example.com,India,2024-05-15,Basic,68.28
3991,Noah Rossi,noah.rossi.3991@example.com,United States,2024-02-06,Standard,485.93
3992,Liam Santos,liam.santos.3992@example.com,United Arab Emirates,2024-06-21,Premium,3182.84
3993,Lucas Taylor,lucas.taylor.3993@example.com,Australia,2024-05-29,Basic,0.00
3994,Arjun Clarke,arjun.clarke.3994@example.com,United Arab Emirates,2024-11-19,Basic,11.22
3995,Mia Nguyen,mia.nguyen.3995@example.com,France,2024-06-01,Standard,971.19
3996,Sofia Bennett,sofia.bennett.3996@example.com,Singapore,2024-11-26,Premium,6664.74
3997,Isabella Anderson,isabella.anderson.3997@example.com,Canada,2024-08-15,Basic,0.00
3998,Ava Nguyen,ava.nguyen.3998@example.com,United Arab Emirates,2024-02-09,Basic,263.15
3999,Ethan Garcia,ethan.garcia.3999@example.com,United Arab Emirates,2024-12-11,Standard,970.50
4000,Mia Thompson,mia.thompson.4000@example.com,United Kingdom,2024-03-20,Premium,2254.31
4001,Arjun Taylor,arjun.taylor.4001@example.com,Australia,2024-06-03,Basic,0.00
4002,Nora Clarke,nora.clarke.4002@example.com,Canada,2024-04-29,Basic,155.83
4003,Arjun Patel,arjun.patel.4003@example.com,United Kingdom,2024-02-02,Standard,838.76
4004,Arjun Wilson,arjun.wilson.4004@example.com,India,2024-11-23,Premium,5996.00
4005,Mateo Dubois,mateo.dubois.4005@example.com,Japan,2024-05-20,Basic,0.00
4006,Arjun Williams,arjun.williams.4006@example.com,United Kingdom,2024-08-28,Basic,220.93
4007,Priya Nakamura,priya.nakamura.4007@example.com,Japan,2024-04-17,Standard,986.20
4008,Samuel Dubois,samuel.dubois.4008@example.com,United Arab Emirates,2024-08-13,Premium,2289.01
4009,Amelia Nguyen,amelia.nguyen.4009@example.com,Germany,2024-05-16,Basic,0.00
4010,Daniel Thompson,daniel.thompson.4010@example.com,India,2024-10-26,Basic,164.24
4011,Isabella Santos,isabella.santos.4011@example.com,United States,2024-10-13,Standard,739.92
4012,Aisha Clarke,aisha.clarke.4012@example.com,India,2024-09-14,Premium,1938.14
4013,Mateo Khan,mateo.khan.4013@example.com,France,2024-04-14,Basic,0.00
4014,Priya Garcia,priya.garcia.4014@example.com,United Arab Emirates,2025-01-23,Basic,138.10
4015,Daniel Dubois,daniel.dubois.4015@example.com,Canada,2024-08-25,Standard,628.85
4016,Ava Khan,ava.khan.4016@example.com,France,2024-07-30,Premium,2873.42
4017,Chloe Patel,chloe.patel.4017@example.com,Australia,2024-06-28,Basic,0.00
4018,Arjun Dubois,arjun.dubois.4018@example.com,United Arab Emirates,2024-09-28,Basic,163.83
4019,Amelia Rossi,amelia.rossi.4019@example.com,Australia,2024-12-27,Standard,926.62
4020,Priya Garcia,priya.garcia.4020@example.com,Japan,2024-02-12,Premium,2102.32
4021,Chloe Rossi,chloe.rossi.4021@example.com,France,2024-08-03,Basic,0.00
4022,Chloe Bennett,chloe.bennett.4022@example.com,Japan,2024-09-11,Basic,278.19
4023,Samuel Nakamura,samuel.nakamura.4023@example.com,India,2024-03-17,Standard,988.05
4024,Leo Patel,leo.patel.4024@example.com,France,2024-05-28,Premium,3018.50
4025,Mia Kim,mia.kim.4025@example.com,Germany,2024-10-03,Basic,0.00
4026,Ethan Martin,ethan.martin.4026@example.com,Australia,2024-11-26,Basic,277.60
4027,Zoe Ahmed,zoe.ahmed.4027@example.com,United Arab Emirates,2024-10-29,Standard,896.19
4028,Ava Singh,ava.singh.4028@example.com,India,2024-08-05,Premium,5249.73
4029,Noah Anderson,noah.anderson.4029@example.com,United Kingdom,2025-01-28,Basic,0.00
4030,Ethan Garcia,ethan.garcia.4030@example.com,United Arab Emirates,2025-01-22,Basic,256.31
4031,Oliver Singh,oliver.singh.4031@example.com,Germany,2024-03-12,Standard,918.03
4032,Aisha Patel,aisha.patel.4032@example.com,Japan,2024-04-17,Premium,3393.44
4033,Lucas Chen,lucas.chen.4033@example.com,India,2024-06-22,Basic,0.00
4034,Ethan Anderson,ethan.anderson.4034@example.com,India,2024-07-09,Basic,18.49
4035,Ethan Ahmed,ethan.ahmed.4035@example.com,United Kingdom,2024-05-29,Standard,946.04
4036,Olivia Clarke,olivia.clarke.4036@example.com,United States,2024-11-20,Premium,2585.67
4037,Zoe Martin,zoe.martin.4037@example.com,Germany,2024-11-07,Basic,0.00
4038,Hugo Taylor,hugo.taylor.4038@example.com,Canada,2024-05-31,Basic,157.25
4039,Amelia Khan,amelia.khan.4039@example.com,United Arab Emirates,2025-01-30,Standard,933.07
4040,Olivia Garcia,olivia.garcia.4040@example.com,United Kingdom,2024-06-17,Premium,3856.58
4041,Ethan Nguyen,ethan.nguyen.4041@example.com,United Kingdom,2024-09-24,Basic,0.00
4042,Oliver Kim,oliver.kim.4042@example.com,Canada,2024-04-19,Basic,19.44
4043,Oliver Martin,oliver.martin.4043@example.com,Australia,2024-02-05,Standard,793.86
4044,Isabella Martin,isabella.martin.4044@example.com,Germany,2024-10-20,Premium,2713.02
4045,Amelia Ahmed,amelia.ahmed.4045@example.com,Singapore,2024-03-01,Basic,0.00
4046,Chloe Chen,chloe.chen.4046@example.com,Canada,2024-02-25,Basic,46.36
4047,Hugo Chen,hugo.chen.4047@example.com,Canada,2024-06-03,Standard,796.04
4048,Mateo Kim,mateo.kim.4048@example.com,United Arab Emirates,2024-06-22,Premium,3976.31
4049,Nora Anderson,nora.anderson.4049@example.com,Japan,2024-04-30,Basic,0.00
4050,Priya Williams,priya.williams.4050@example.com,Australia,2024-04-23,Basic,28.77
4051,Zoe Clarke,zoe.clarke.4051@example.com,United States,2024-03-06,Standard,997.19
4052,Chloe Chen,chloe.chen.4052@example.com,United States,2024-06-27,Premium,2708.12
4053,Nora Ahmed,nora.ahmed.4053@example.com,Japan,2025-01-12,Basic,0.00
4054,Chloe Nguyen,chloe.nguyen.4054@example.com,Singapore,2024-08-25,Basic,263.86
4055,Aisha Nakamura,aisha.nakamura.4055@example.com,Singapore,2024-07-31,Standard,941.56
4056,Mateo Rossi,mateo.rossi.4056@example.com,India,2024-06-08,Premium,2440.81
4057,Aisha Taylor,aisha.taylor.4057@example.com,Canada,2024-10-15,Basic,0.00
4058,Hugo Chen,hugo.chen.4058@example.com,United States,2024-05-16,Basic,230.89
4059,Olivia Clarke,olivia.clarke.4059@example.com,France,2024-07-02,Standard,913.21
4060,Liam Clarke,liam.clarke.4060@example.com,India,2024-08-14,Premium,2494.16
4061,Chloe Wilson,,France,2024-02-13,Basic,0.00
4062,Isabella Thompson,isabella.thompson.4062@example.com,Australia,2024-02-09,Basic,184.83
4063,Ava Taylor,ava.taylor.4063@example.com,Canada,2024-09-18,Standard,651.61
4064,Hana Chen,hana.chen.4064@example.com,Germany,2024-08-21,Premium,3440.70
4065,Arjun Chen,arjun.chen.4065@example.com,United States,2024-05-27,Basic,0.00
4066,Nora Patel,nora.patel.4066@example.com,Japan,2024-08-23,Basic,295.36
4067,Nora Nakamura,nora.nakamura.4067@example.com,France,2024-05-15,Standard,856.01
4068,Nora Chen,nora.chen.4068@example.com,India,2024-02-27,Premium,1634.01
4069,Arjun Chen,arjun.chen.4069@example.com,United Kingdom,2024-07-01,Basic,0.00
4070,Omar Singh,omar.singh.4070@example.com,France,2024-09-26,Basic,284.45
4071,Chloe Taylor,chloe.taylor.4071@example.com,United Kingdom,2024-12-03,Standard,965.98
4072,Lucas Kim,lucas.kim.4072@example.com,Singapore,2024-11-09,Premium,1799.43
4073,Hugo Singh,hugo.singh.4073@example.com,Japan,2024-03-06,Basic,0.00
4074,Omar Santos,omar.santos.4074@example.com,Australia,2024-07-08,Basic,107.41
4075,Aisha Martin,aisha.martin.4075@example.com,United States,2024-03-23,Standard,912.11
4076,Sofia Nguyen,sofia.nguyen.4076@example.com,Germany,2024-03-02,Premium,3417.98
4077,Amelia Ahmed,amelia.ahmed.4077@example.com,Australia,2024-12-19,Basic,0.00
4078,Aisha Kim,aisha.kim.4078@example.com,United States,2024-09-17,Basic,144.62
4079,Chloe Santos,chloe.santos.4079@example.com,United Arab Emirates,2024-09-23,Standard,819.29
4080,Omar Clarke,omar.clarke.4080@example.com,France,2024-06-25,Premium,8640.09
4081,Omar Singh,omar.singh.4081@example.com,Singapore,2024-11-26,Basic,0.00
4082,Liam Nakamura,liam.nakamura.4082@example.com,Japan,2024-09-09,Basic,287.06
4083,Aisha Singh,aisha.singh.4083@example.com,Singapore,2024-11-16,Standard,870.17
4084,Aisha Garcia,aisha.garcia.4084@example.com,Canada,2024-08-12,Premium,4801.50
4085,Isabella Nakamura,isabella.nakamura.4085@example.com,Germany,2024-04-14,Basic,0.00
4086,Sofia Khan,sofia.khan.4086@example.com,United Kingdom,2024-12-12,Basic,181.43
4087,Chloe Patel,chloe.patel.4087@example.com,India,2024-05-23,Standard,830.72
4088,Noah Singh,noah.singh.4088@example.com,Germany,2024-02-07,Premium,4098.31
4089,Sofia Khan,sofia.khan.4089@example.com,India,2024-11-18,Basic,0.00
4090,Ava Taylor,ava.taylor.4090@example.com,Canada,2024-09-06,Basic,175.15
4091,Oliver Rossi,oliver.rossi.4091@example.com,Germany,2024-05-18,Standard,759.23
4092,Amelia Garcia,amelia.garcia.4092@example.com,Canada,2024-02-20,Premium,1589.04
4093,Mia Thompson,mia.thompson.4093@example.com,United Kingdom,2024-05-23,Basic,0.00
4094,Nora Martin,nora.martin.4094@example.com,Japan,2024-03-30,Basic,276.79
4095,Olivia Nakamura,olivia.nakamura.4095@example.com,France,2024-12-12,Standard,994.71
4096,Samuel Kim,samuel.kim.4096@example.com,Japan,2024-06-12,Premium,4441.11
4097,Hana Nguyen,hana.nguyen.4097@example.com,Singapore,2024-07-19,Basic,0.00
4098,Zoe Santos,zoe.santos.4098@example.com,Singapore,2024-04-20,Basic,239.62
4099,Daniel Rossi,daniel.rossi.4099@example.com,Singapore,2025-01-15,Standard,921.66
4100,Mia Clarke,mia.clarke.4100@example.com,Australia,2024-05-26,Premium,5821.60
4101,Amelia Taylor,amelia.taylor.4101@example.com,Japan,2024-06-19,Basic,0.00
4102,Isabella Ahmed,isabella.ahmed.4102@example.com,Germany,2024-10-13,Basic,10.02
4103,Samuel Dubois,samuel.dubois.4103@example.com,United States,2024-11-29,Standard,678.55
4104,Lucas Patel,lucas.patel.4104@example.com,United Kingdom,2024-04-16,Premium,4936.31
4105,Oliver Anderson,oliver.anderson.4105@example.com,Australia,2024-06-07,Basic,0.00
4106,Nora Chen,nora.chen.4106@example.com,United Kingdom,2025-01-23,Basic,256.47
4107,Oliver Ahmed,oliver.ahmed.4107@example.com,France,2024-08-30,Standard,921.63
4108,Samuel Dubois,samuel.dubois.4108@example.com,India,2024-11-17,Premium,3614.01
4109,Isabella Wilson,isabella.wilson.4109@example.com,United Kingdom,2024-06-04,Basic,0.00
4110,Ethan Clarke,ethan.clarke.4110@example.com,Japan,2025-01-05,Basic,55.54
4111,Olivia Santos,olivia.santos.4111@example.com,United States,2024-09-11,Standard,902.97
4112,Chloe Taylor,chloe.taylor.4112@example.com,Canada,2024-08-31,Premium,4350.74
4113,Hugo Bennett,hugo.bennett.4113@example.com,France,2024-08-08,Basic,0.00
4114,Liam Wilson,liam.wilson.4114@example.com,Australia,2024-10-07,Basic,85.67
4115,Hugo Dubois,hugo.dubois.4115@example.com,United Arab Emirates,2024-05-20,Standard,894.58
4116,Chloe Taylor,chloe.taylor.4116@example.com,Australia,2024-06-26,Premium,2892.64
4117,Arjun Clarke,arjun.clarke.4117@example.com,Canada,2024-07-22,Basic,0.00
4118,Ethan Clarke,ethan.clarke.4118@example.com,France,2024-11-30,Basic,288.31
4119,Chloe Garcia,chloe.garcia.4119@example.com,United Kingdom,2024-03-14,Standard,888.54
4120,Olivia Bennett,olivia.bennett.4120@example.com,Canada,2024-11-03,Premium,3284.90
4121,Leo Thompson,leo.thompson.4121@example.com,United Kingdom,2025-01-23,Basic,0.00
4122,Zoe Chen,zoe.chen.4122@example.com,United States,2024-02-02,Basic,163.25
4123,Hugo Martin,hugo.martin.4123@example.com,United States,2024-04-09,Standard,999.05
4124,Lucas Kim,lucas.kim.4124@example.com,France,2025-01-07,Premium,4850.88
4125,Hana Garcia,hana.garcia.4125@example.com,United States,2024-04-25,Basic,0.00
4126,Lucas Santos,lucas.santos.4126@example.com,United Kingdom,2024-02-20,Basic,207.54
4127,Hana Garcia,hana.garcia.4127@example.com,United States,2024-12-11,Standard,842.26
4128,Amelia Khan,amelia.khan.4128@example.com,Canada,2024-08-19,Premium,3220.08
4129,Hugo Williams,hugo.williams.4129@example.com,Germany,2024-11-30,Basic,0.00
4130,Lucas Clarke,lucas.clarke.4130@example.com,Singapore,2024-03-08,Basic,288.31
4131,Mateo Wilson,mateo.wilson.4131@example.com,Canada,2024-03-05,Standard,994.35
4132,Nora Clarke,nora.clarke.4132@example.com,Germany,2024-04-21,Premium,4184.66
4133,Zoe Ahmed,zoe.ahmed.4133@example.com,United Kingdom,2024-10-12,Basic,0.00
4134,Mateo Anderson,mateo.anderson.4134@example.com,Germany,2024-02-17,Basic,39.58
4135,Chloe Santos,chloe.santos.4135@example.com,Canada,2025-01-21,Standard,814.89
4136,Hugo Nakamura,hugo.nakamura.4136@example.com,France,2024-10-18,Premium,3436.71
4137,Lucas Wilson,lucas.wilson.4137@example.com,India,2024-09-02,Basic,0.00
4138,Arjun Wilson,arjun.wilson.4138@example.com,France,2024-05-18,Basic,288.46
4139,Arjun Nakamura,arjun.nakamura.4139@example.com,Canada,2025-01-26,Standard,935.44
4140,Sofia Singh,sofia.singh.4140@example.com,United Kingdom,2024-03-02,Premium,3530.09
4141,Hana Williams,hana.williams.4141@example.com,Canada,2024-03-27,Basic,0.00
4142,Nora Chen,nora.chen.4142@example.com,Canada,2024-03-09,Basic,181.71
4143,Lucas Santos,lucas.santos.4143@example.com,France,2024-11-23,Standard,979.45
4144,Arjun Thompson,arjun.thompson.4144@example.com,India,2024-08-28,Premium,4586.47
4145,Liam Nguyen,liam.nguyen.4145@example.com,United Arab Emirates,2024-07-04,Basic,0.00
4146,Priya Khan,priya.khan.4146@example.com,Japan,2025-01-01,Basic,164.24
4147,Noah Kim,noah.kim.4147@example.com,Canada,2024-08-19,Standard,849.00
4148,Ava Kim,ava.kim.4148@example.com,United Kingdom,2024-02-26,Premium,5391.94
4149,Noah Patel,noah.patel.4149@example.com,India,2024-05-06,Basic,0.00
4150,Hugo Nakamura,hugo.nakamura.4150@example.com,India,2025-01-29,Basic,153.60
4151,Isabella Nakamura,isabella.nakamura.4151@example.com,Canada,2024-07-17,Standard,685.37
4152,Samuel Taylor,samuel.taylor.4152@example.com,France,2024-11-17,Premium,2905.19
4153,Priya Martin,priya.martin.4153@example.com,United States,2024-04-25,Basic,0.00
4154,Mia Taylor,mia.taylor.4154@example.com,United Kingdom,2024-10-07,Basic,277.60
4155,Isabella Chen,isabella.chen.4155@example.com,United States,2024-04-12,Standard,828.51
4156,Arjun Ahmed,arjun.ahmed.4156@example.com,United Arab Emirates,2024-10-11,Premium,5316.67
4157,Mia Khan,mia.khan.4157@example.com,Canada,2024-09-01,Basic,0.00
4158,Noah Bennett,noah.bennett.4158@example.com,France,2025-01-30,Basic,61.07
4159,Isabella Clarke,isabella.clarke.4159@example.com,France,2024-07-22,Standard,974.16
4160,Amelia Williams,amelia.williams.4160@example.com,Japan,2024-10-14,Premium,3435.10
4161,Ava Khan,ava.khan.4161@example.com,Canada,2024-07-20,Basic,0.00
4162,Daniel Ahmed,daniel.ahmed.4162@example.com,Germany,2024-10-29,Basic,115.93
4163,Chloe Ahmed,chloe.ahmed.4163@example.com,United Arab Emirates,2024-12-10,Standard,972.20
4164,Mateo Khan,mateo.khan.4164@example.com,India,2024-02-21,Premium,4407.20
4165,Nora Rossi,nora.rossi.4165@example.com,Singapore,2024-06-28,Basic,0.00
4166,Oliver Nakamura,oliver.nakamura.4166@example.com,United States,2024-06-25,Basic,28.77
4167,Isabella Bennett,isabella.bennett.4167@example.com,India,2024-11-28,Standard,973.26
4168,Zoe Garcia,zoe.garcia.4168@example.com,Japan,2024-09-01,Premium,5796.08
4169,Nora Clarke,nora.clarke.4169@example.com,United Arab Emirates,2024-05-29,Basic,0.00
4170,Isabella Rossi,isabella.rossi.4170@example.com,Australia,2024-09-18,Basic,257.67
4171,Mia Wilson,mia.wilson.4171@example.com,United States,2024-05-28,Standard,778.27
4172,Daniel Rossi,daniel.rossi.4172@example.com,Germany,2024-08-21,Premium,5948.14
4173,Mia Bennett,mia.bennett.4173@example.com,Singapore,2024-05-28,Basic,0.00
4174,Noah Anderson,noah.anderson.4174@example.com,Japan,2024-06-02,Basic,175.81
4175,Chloe Bennett,chloe.bennett.4175@example.com,India,2024-02-25,Standard,829.09
4176,Olivia Patel,olivia.patel.4176@example.com,Singapore,2024-11-06,Premium,5162.41
4177,Leo Bennett,leo.bennett.4177@example.com,Singapore,2024-12-24,Basic,0.00
4178,Lucas Clarke,lucas.clarke.4178@example.com,United States,2024-10-12,Basic,253.43
4179,Hana Khan,hana.khan.4179@example.com,Singapore,2025-01-04,Standard,997.40
4180,Oliver Wilson,oliver.wilson.4180@example.com,United Kingdom,2024-05-31,Premium,2427.85
4181,Chloe Nguyen,chloe.nguyen.4181@example.com,France,2024-05-01,Basic,0.00
4182,Oliver Khan,oliver.khan.4182@example.com,United States,2025-01-16,Basic,274.48
4183,Leo Garcia,leo.garcia.4183@example.com,France,2024-12-28,Standard,826.07
4184,Arjun Thompson,arjun.thompson.4184@example.com,United States,2024-03-22,Premium,6447.46
4185,Sofia Patel,sofia.patel.4185@example.com,Canada,2025-01-02,Basic,0.00
4186,Lucas Patel,lucas.patel.4186@example.com,India,2024-04-23,Basic,74.13
4187,Leo Khan,leo.khan.4187@example.com,Canada,2024-08-04,Standard,838.44
4188,Liam Wilson,liam.wilson.4188@example.com,Germany,2024-11-04,Premium,4196.74
4189,Priya Nguyen,priya.nguyen.4189@example.com,United Kingdom,2024-03-11,Basic,0.00
4190,Sofia Williams,sofia.williams.4190@example.com,United States,2024-06-02,Basic,220.68
4191,Olivia Patel,olivia.patel.4191@example.com,Canada,2024-03-30,Standard,634.75
4192,Nora Santos,nora.santos.4192@example.com,United Kingdom,2024-10-14,Premium,2001.93
4193,Oliver Nakamura,oliver.nakamura.4193@example.com,Singapore,2024-04-03,Basic,0.00
4194,Hugo Clarke,hugo.clarke.4194@example.com,Germany,2024-03-14,Basic,44.31
4195,Omar Garcia,omar.garcia.4195@example.com,France,2024-05-01,Standard,772.07
4196,Chloe Khan,chloe.khan.4196@example.com,Singapore,2024-06-08,Premium,3574.20
4197,Samuel Bennett,samuel.bennett.4197@example.com,United Arab Emirates,2024-03-16,Basic,0.00
4198,Olivia Martin,olivia.martin.4198@example.com,Canada,2024-07-25,Basic,254.03
4199,Ethan Ahmed,ethan.ahmed.4199@example.com,Singapore,2024-05-10,Standard,689.38
4200,Hugo Kim,hugo.kim.4200@example.com,United States,2024-07-24,Premium,4137.72
4201,Chloe Taylor,chloe.taylor.4201@example.com,United Kingdom,2024-10-20,Basic,0.00
4202,Chloe Khan,chloe.khan.4202@example.com,Canada,2024-05-08,Basic,88.87
4203,Mateo Thompson,mateo.thompson.4203@example.com,United Arab Emirates,2025-01-23,Standard,921.47
4204,Olivia Anderson,olivia.anderson.4204@example.com,Japan,2024-11-12,Premium,4459.59
4205,Nora Dubois,nora.dubois.4205@example.com,France,2024-12-25,Basic,0.00
4206,Omar Khan,omar.khan.4206@example.com,United States,2024-02-19,Basic,233.87
4207,Nora Khan,nora.khan.4207@example.com,United States,2024-11-19,Standard,971.50
4208,Omar Bennett,omar.bennett.4208@example.com,France,2024-12-29,Premium,3143.78
4209,Isabella Taylor,isabella.taylor.4209@example.com,United States,2024-07-11,Basic,0.00
4210,Nora Garcia,nora.garcia.4210@example.com,Canada,2024-03-21,Basic,288.31
4211,Mateo Ahmed,mateo.ahmed.4211@example.com,Singapore,2024-03-31,Standard,893.57
4212,Hana Chen,hana.chen.4212@example.com,Japan,2024-10-11,Premium,2885.28
4213,Oliver Nguyen,oliver.nguyen.4213@example.com,France,2024-04-02,Basic,0.00
4214,Mateo Singh,mateo.singh.4214@example.com,France,2024-06-05,Basic,172.88
4215,Lucas Nguyen,lucas.nguyen.4215@example.com,India,2024-06-30,Standard,591.08
4216,Noah Williams,noah.williams.4216@example.com,United States,2024-07-03,Premium,2182.06
4217,Daniel Chen,daniel.chen.4217@example.com,Germany,2024-08-13,Basic,0.00
4218,Sofia Patel,sofia.patel.4218@example.com,France,2024-08-29,Basic,184.83
4219,Olivia Ahmed,olivia.ahmed.4219@example.com,France,2024-03-10,Standard,793.49
4220,Hugo Wilson,hugo.wilson.4220@example.com,Germany,2024-08-27,Premium,2174.86
4221,Amelia Bennett,amelia.bennett.4221@example.com,Germany,2024-07-17,Basic,0.00
4222,Ethan Garcia,ethan.garcia.4222@example.com,Canada,2024-10-26,Basic,145.44
4223,Mateo Clarke,mateo.clarke.4223@example.com,United Kingdom,2024-08-04,Standard,976.20
4224,Liam Williams,liam.williams.4224@example.com,Germany,2024-07-20,Premium,4638.14
4225,Isabella Williams,isabella.williams.4225@example.com,Canada,2024-11-22,Basic,0.00
4226,Ava Rossi,ava.rossi.4226@example.com,United Kingdom,2024-05-29,Basic,183.41
4227,Noah Patel,noah.patel.4227@example.com,Germany,2024-11-08,Standard,978.82
4228,Oliver Garcia,oliver.garcia.4228@example.com,Singapore,2024-11-22,Premium,3718.39
4229,Priya Nguyen,priya.nguyen.4229@example.com,Germany,2024-11-09,Basic,0.00
4230,Daniel Wilson,daniel.wilson.4230@example.com,United Kingdom,2024-08-25,Basic,18.49
4231,Noah Wilson,noah.wilson.4231@example.com,India,2024-03-19,Standard,944.42
4232,Daniel Santos,daniel.santos.4232@example.com,Germany,2024-02-27,Premium,6820.72
4233,Sofia Garcia,sofia.garcia.4233@example.com,United Kingdom,2024-11-28,Basic,0.00
4234,Amelia Williams,amelia.williams.4234@example.com,Japan,2024-02-22,Basic,261.83
4235,Hugo Kim,hugo.kim.4235@example.com,India,2024-11-04,Standard,967.94
4236,Liam Patel,liam.patel.4236@example.com,Canada,2024-11-29,Premium,3263.88
4237,Oliver Anderson,oliver.anderson.4237@example.com,United Kingdom,2024-07-21,Basic,0.00
4238,Ethan Martin,ethan.martin.4238@example.com,United Arab Emirates,2025-01-24,Basic,53.28
4239,Liam Bennett,liam.bennett.4239@example.com,Japan,2024-05-22,Standard,804.20
4240,Samuel Chen,samuel.chen.4240@example.com,Canada,2025-01-15,Premium,1137.61
4241,Aisha Anderson,aisha.anderson.4241@example.com,India,2024-02-03,Basic,0.00
4242,Daniel Ahmed,daniel.ahmed.4242@example.com,Germany,2024-11-22,Basic,30.38
4243,Samuel Khan,samuel.khan.4243@example.com,Japan,2024-11-07,Standard,998.20
4244,Arjun Singh,arjun.singh.4244@example.com,India,2024-05-19,Premium,1329.37
4245,Mateo Dubois,mateo.dubois.4245@example.com,Australia,2024-10-28,Basic,0.00
4246,Lucas Kim,lucas.kim.4246@example.com,Canada,2024-08-26,Basic,167.97
4247,Hana Taylor,hana.taylor.4247@example.com,United Arab Emirates,2024-06-27,Standard,773.08
4248,Mia Anderson,mia.anderson.4248@example.com,United Arab Emirates,2024-04-04,Premium,3559.40
4249,Priya Taylor,priya.taylor.4249@example.com,Germany,2024-12-28,Basic,0.00
4250,Mateo Thompson,mateo.thompson.4250@example.com,United States,2024-03-30,Basic,276.79
4251,Chloe Rossi,chloe.rossi.4251@example.com,Australia,2024-06-09,Standard,984.67
4252,Priya Chen,priya.chen.4252@example.com,United Arab Emirates,2024-05-05,Premium,3728.10
4253,Zoe Rossi,zoe.rossi.4253@example.com,United Kingdom,2025-01-09,Basic,0.00
4254,Arjun Chen,arjun.chen.4254@example.com,United States,2024-05-29,Basic,194.37
4255,Arjun Singh,arjun.singh.4255@example.com,United Kingdom,2025-01-16,Standard,890.54
4256,Chloe Chen,chloe.chen.4256@example.com,Australia,2024-06-21,Premium,3055.64
4257,Liam Rossi,liam.rossi.4257@example.com,United States,2024-12-30,Basic,0.00
4258,Ava Williams,ava.williams.4258@example.com,United States,2024-08-30,Basic,187.27
4259,Liam Santos,liam.santos.4259@example.com,Australia,2024-09-16,Standard,832.85
4260,Sofia Chen,sofia.chen.4260@example.com,United Kingdom,2024-08-07,Premium,4661.67
4261,Isabella Taylor,isabella.taylor.4261@example.com,India,2025-01-03,Basic,0.00
4262,Aisha Patel,aisha.patel.4262@example.com,Japan,2025-01-05,Basic,264.69
4263,Ava Chen,ava.chen.4263@example.com,Australia,2024-08-18,Standard,839.38
4264,Omar Khan,omar.khan.4264@example.com,Australia,2024-10-08,Premium,4576.00
4265,Hugo Patel,hugo.patel.4265@example.com,India,2024-02-26,Basic,0.00
4266,Mia Bennett,mia.bennett.4266@example.com,India,2024-09-25,Basic,242.02
4267,Ethan Singh,ethan.singh.4267@example.com,United States,2024-09-22,Standard,871.18
4268,Aisha Wilson,aisha.wilson.4268@example.com,Australia,2024-08-30,Premium,4751.49
4269,Liam Wilson,liam.wilson.4269@example.com,Canada,2024-06-25,Basic,0.00
4270,Mia Martin,mia.martin.4270@example.com,India,2024-02-08,Basic,192.32
4271,Hugo Ahmed,hugo.ahmed.4271@example.com,United Kingdom,2024-11-27,Standard,819.41
4272,Nora Kim,nora.kim.4272@example.com,Germany,2024-12-26,Premium,5127.60
4273,Arjun Nakamura,arjun.nakamura.4273@example.com,Australia,2025-01-18,Basic,0.00
4274,Mia Thompson,mia.thompson.4274@example.com,India,2024-06-18,Basic,204.71
4275,Ethan Thompson,ethan.thompson.4275@example.com,Australia,2024-09-12,Standard,742.14
4276,Sofia Bennett,sofia.bennett.4276@example.com,Australia,2024-12-27,Premium,5752.04
4277,Hugo Dubois,hugo.dubois.4277@example.com,Australia,2024-11-09,Basic,0.00
4278,Aisha Chen,aisha.chen.4278@example.com,United Kingdom,2024-06-17,Basic,255.47
4279,Samuel Kim,samuel.kim.4279@example.com,Singapore,2024-06-10,Standard,959.66
4280,Priya Williams,priya.williams.4280@example.com,Germany,2025-01-03,Premium,2898.05
4281,Aisha Wilson,aisha.wilson.4281@example.com,India,2024-02-11,Basic,0.00
4282,Olivia Rossi,olivia.rossi.4282@example.com,United Kingdom,2024-06-03,Basic,65.12
4283,Lucas Patel,lucas.patel.4283@example.com,Australia,2025-01-08,Standard,963.39
4284,Oliver Clarke,oliver.clarke.4284@example.com,United Arab Emirates,2024-10-29,Premium,4446.21
4285,Ethan Thompson,ethan.thompson.4285@example.com,Singapore,2024-02-02,Basic,0.00
4286,Sofia Bennett,sofia.bennett.4286@example.com,France,2025-01-19,Basic,193.43
4287,Oliver Taylor,oliver.taylor.4287@example.com,United Arab Emirates,2024-07-24,Standard,843.11
4288,Amelia Thompson,amelia.thompson.4288@example.com,Australia,2024-05-06,Premium,3643.47
4289,Liam Wilson,liam.wilson.4289@example.com,India,2024-06-08,Basic,0.00
4290,Priya Patel,priya.patel.4290@example.com,United Arab Emirates,2024-05-13,Basic,64.44
4291,Zoe Dubois,zoe.dubois.4291@example.com,United Arab Emirates,2024-11-16,Standard,980.58
4292,Hana Kim,hana.kim.4292@example.com,United Kingdom,2024-08-13,Premium,2251.56
4293,Hugo Clarke,hugo.clarke.4293@example.com,Australia,2024-06-05,Basic,0.00
4294,Isabella Singh,isabella.singh.4294@example.com,France,2024-08-01,Basic,259.97
4295,Hugo Anderson,hugo.anderson.4295@example.com,Singapore,2024-07-20,Standard,820.79
4296,Hugo Anderson,hugo.anderson.4296@example.com,India,2024-11-14,Premium,4089.75
4297,Amelia Garcia,amelia.garcia.4297@example.com,United Kingdom,2024-11-16,Basic,0.00
4298,Sofia Anderson,sofia.anderson.4298@example.com,India,2024-02-23,Basic,27.17
4299,Ava Nakamura,ava.nakamura.4299@example.com,India,2024-10-31,Standard,939.35
4300,Samuel Garcia,samuel.garcia.4300@example.com,United Kingdom,2025-01-14,Premium,1757.77
4301,Oliver Nakamura,oliver.nakamura.4301@example.com,Canada,2024-05-24,Basic,0.00
4302,Samuel Khan,samuel.khan.4302@example.com,Australia,2024-08-08,Basic,74.50
4303,Liam Singh,liam.singh.4303@example.com,Germany,2024-02-06,Standard,956.59
4304,Hana Taylor,hana.taylor.4304@example.com,United Kingdom,2024-06-23,Premium,4394.73
4305,Zoe Rossi,zoe.rossi.4305@example.com,Japan,2024-05-18,Basic,0.00
4306,Olivia Santos,olivia.santos.4306@example.com,Australia,2024-12-10,Basic,135.96
4307,Liam Garcia,liam.garcia.4307@example.com,Germany,2024-12-03,Standard,766.22
4308,Oliver Anderson,oliver.anderson.4308@example.com,United States,2024-10-01,Premium,1905.34
4309,Priya Patel,priya.patel.4309@example.com,Singapore,2024-04-26,Basic,0.00
4310,Daniel Bennett,daniel.bennett.4310@example.com,Japan,2024-05-21,Basic,214.01
4311,Leo Santos,leo.santos.4311@example.com,United Kingdom,2024-03-17,Standard,669.60
4312,Aisha Rossi,aisha.rossi.4312@example.com,Australia,2024-11-21,Premium,6260.69
4313,Mia Bennett,mia.bennett.4313@example.com,India,2025-01-22,Basic,0.00
4314,Omar Kim,omar.kim.4314@example.com,Japan,2024-11-11,Basic,274.48
4315,Priya Martin,priya.martin.4315@example.com,United States,2024-03-21,Standard,913.79
4316,Zoe Rossi,zoe.rossi.4316@example.com,United States,2025-01-07,Premium,2450.90
4317,Mia Khan,mia.khan.4317@example.com,Canada,2024-04-21,Basic,0.00
4318,Arjun Singh,,Canada,2024-05-11,Basic,728.52
4319,Ava Khan,ava.khan.4319@example.com,Canada,2024-07-01,Standard,526.73
4320,Nora Singh,nora.singh.4320@example.com,Japan,2024-05-26,Premium,2519.63
4321,Mateo Chen,mateo.chen.4321@example.com,United States,2024-04-01,Basic,0.00
4322,Samuel Khan,samuel.khan.4322@example.com,France,2024-12-18,Basic,285.26
4323,Lucas Taylor,lucas.taylor.4323@example.com,Canada,2025-01-18,Standard,988.64
4324,Olivia Martin,olivia.martin.4324@example.com,Japan,2024-08-12,Premium,2325.62
4325,Amelia Martin,amelia.martin.4325@example.com,France,2024-02-18,Basic,0.00
4326,Oliver Martin,oliver.martin.4326@example.com,India,2024-03-27,Basic,145.86
4327,Olivia Martin,olivia.martin.4327@example.com,Australia,2024-03-09,Standard,860.29
4328,Sofia Taylor,sofia.taylor.4328@example.com,United Kingdom,2024-09-10,Premium,2932.24
4329,Arjun Martin,arjun.martin.4329@example.com,Germany,2024-10-24,Basic,0.00
4330,Priya Nguyen,priya.nguyen.4330@example.com,Singapore,2024-11-29,Basic,86.65
4331,Hana Santos,hana.santos.4331@example.com,Japan,2024-04-21,Standard,952.78
4332,Mateo Nguyen,mateo.nguyen.4332@example.com,United Arab Emirates,2024-05-21,Premium,4123.12
4333,Nora Taylor,nora.taylor.4333@example.com,Canada,2024-12-09,Basic,0.00
4334,Nora Patel,nora.patel.4334@example.com,France,2024-06-13,Basic,106.67
4335,Mateo Khan,mateo.khan.4335@example.com,United States,2024-05-11,Standard,958.16
4336,Chloe Wilson,chloe.wilson.4336@example.com,India,2024-11-01,Premium,4575.93
4337,Nora Garcia,nora.garcia.4337@example.com,United Arab Emirates,2024-03-31,Basic,0.00
4338,Priya Chen,priya.chen.4338@example.com,United States,2024-05-28,Basic,251.13
4339,Samuel Nguyen,samuel.nguyen.4339@example.com,United Kingdom,2024-11-13,Standard,892.62
4340,Hugo Dubois,hugo.dubois.4340@example.com,United Arab Emirates,2025-01-30,Premium,2639.01
4341,Samuel Chen,samuel.chen.4341@example.com,United States,2024-10-23,Basic,0.00
4342,Ethan Nguyen,ethan.nguyen.4342@example.com,Australia,2024-04-05,Basic,52.07
4343,Arjun Singh,,Singapore,2024-12-07,Standard,572.53
4344,Oliver Garcia,oliver.garcia.4344@example.com,Australia,2024-11-02,Premium,2667.39
4345,Oliver Garcia,oliver.garcia.4345@example.com,France,2024-10-26,Basic,0.00
4346,Oliver Garcia,oliver.garcia.4346@example.com,Germany,2024-06-13,Basic,183.91
4347,Isabella Nguyen,isabella.nguyen.4347@example.com,Canada,2024-05-02,Standard,973.19
4348,Noah Taylor,noah.taylor.4348@example.com,Japan,2024-05-16,Premium,3763.76
4349,Sofia Anderson,sofia.anderson.4349@example.com,United Kingdom,2024-10-23,Basic,0.00
4350,Sofia Clarke,sofia.clarke.4350@example.com,Japan,2024-03-08,Basic,235.26
4351,Leo Nguyen,leo.nguyen.4351@example.com,United Kingdom,2024-07-14,Standard,293.48
4352,Nora Martin,nora.martin.4352@example.com,Germany,2024-07-22,Premium,2446.15
4353,Amelia Singh,amelia.singh.4353@example.com,United States,2024-02-14,Basic,0.00
4354,Daniel Bennett,daniel.bennett.4354@example.com,United States,2024-03-14,Basic,129.96
4355,Isabella Martin,isabella.martin.4355@example.com,United Arab Emirates,2024-03-13,Standard,918.98
4356,Olivia Khan,olivia.khan.4356@example.com,Japan,2024-03-22,Premium,2313.61
4357,Nora Nguyen,nora.nguyen.4357@example.com,France,2024-03-01,Basic,0.00
4358,Zoe Clarke,zoe.clarke.4358@example.com,United States,2024-04-17,Basic,214.01
4359,Omar Santos,omar.santos.4359@example.com,India,2025-01-10,Standard,693.41
4360,Liam Ahmed,liam.ahmed.4360@example.com,Germany,2024-06-29,Premium,2792.35
4361,Mia Martin,mia.martin.4361@example.com,United Kingdom,2024-11-06,Basic,0.00
4362,Sofia Clarke,sofia.clarke.4362@example.com,United Arab Emirates,2024-11-03,Basic,142.37
4363,Hugo Wilson,hugo.wilson.4363@example.com,Japan,2024-10-25,Standard,998.88
4364,Olivia Chen,olivia.chen.4364@example.com,Canada,2024-06-27,Premium,5470.43
4365,Aisha Clarke,aisha.clarke.4365@example.com,United States,2024-07-10,Basic,0.00
4366,Chloe Thompson,chloe.thompson.4366@example.com,United States,2024-10-17,Basic,81.92
4367,Leo Nakamura,leo.nakamura.4367@example.com,United States,2024-02-23,Standard,720.97
4368,Mateo Singh,mateo.singh.4368@example.com,United States,2025-01-04,Premium,3890.63
4369,Mia Anderson,mia.anderson.4369@example.com,India,2024-07-26,Basic,0.00
4370,Zoe Santos,zoe.santos.4370@example.com,United Kingdom,2024-08-04,Basic,52.39
4371,Samuel Ahmed,samuel.ahmed.4371@example.com,Germany,2024-10-29,Standard,883.65
4372,Sofia Dubois,sofia.dubois.4372@example.com,India,2024-11-15,Premium,4171.71
4373,Liam Anderson,liam.anderson.4373@example.com,India,2024-04-17,Basic,0.00
4374,Mia Ahmed,mia.ahmed.4374@example.com,Australia,2024-07-14,Basic,268.64
4375,Omar Singh,omar.singh.4375@example.com,France,2024-07-08,Standard,960.17
4376,Ethan Rossi,ethan.rossi.4376@example.com,India,2024-02-22,Premium,4587.57
4377,Oliver Singh,oliver.singh.4377@example.com,Japan,2024-02-28,Basic,0.00
4378,Leo Khan,leo.khan.4378@example.com,Australia,2024-08-29,Basic,50.32
4379,Mateo Clarke,mateo.clarke.4379@example.com,Singapore,2024-09-23,Standard,894.34
4380,Mateo Kim,mateo.kim.4380@example.com,United States,2024-12-16,Premium,3112.17
4381,Zoe Ahmed,zoe.ahmed.4381@example.com,Canada,2024-04-05,Basic,0.00
4382,Olivia Singh,olivia.singh.4382@example.com,Germany,2024-02-25,Basic,258.12
4383,Liam Dubois,liam.dubois.4383@example.com,Germany,2024-10-28,Standard,781.84
4384,Liam Nguyen,liam.nguyen.4384@example.com,Singapore,2024-02-03,Premium,8208.54
4385,Mia Patel,mia.patel.4385@example.com,Canada,2024-11-07,Basic,0.00
4386,Hugo Thompson,hugo.thompson.4386@example.com,Australia,2024-10-22,Basic,15.72
4387,Ava Dubois,ava.dubois.4387@example.com,Australia,2024-10-28,Standard,957.68
4388,Zoe Garcia,zoe.garcia.4388@example.com,India,2024-06-17,Premium,2447.62
4389,Arjun Chen,arjun.chen.4389@example.com,United Kingdom,2024-04-13,Basic,0.00
4390,Priya Dubois,priya.dubois.4390@example.com,United Arab Emirates,2025-01-13,Basic,75.55
4391,Lucas Martin,lucas.martin.4391@example.com,Singapore,2024-11-19,Standard,506.49
4392,Zoe Wilson,zoe.wilson.4392@example.com,India,2024-07-02,Premium,2544.45
4393,Ethan Bennett,ethan.bennett.4393@example.com,Australia,2024-09-02,Basic,0.00
4394,Priya Chen,priya.chen.4394@example.com,France,2024-10-28,Basic,210.76
4395,Leo Khan,leo.khan.4395@example.com,United Kingdom,2024-07-08,Standard,987.32
4396,Mia Garcia,mia.garcia.4396@example.com,Japan,2024-02-21,Premium,1067.56
4397,Chloe Wilson,chloe.wilson.4397@example.com,India,2024-04-21,Basic,0.00
4398,Omar Kim,omar.kim.4398@example.com,Germany,2024-02-22,Basic,100.63
4399,Ethan Dubois,ethan.dubois.4399@example.com,Australia,2025-01-11,Standard,965.22
4400,Omar Santos,omar.santos.4400@example.com,Singapore,2025-01-15,Premium,2713.15
4401,Ethan Wilson,ethan.wilson.4401@example.com,Australia,2024-02-12,Basic,0.00
4402,Daniel Garcia,daniel.garcia.4402@example.com,Japan,2024-08-12,Basic,294.37
4403,Lucas Taylor,lucas.taylor.4403@example.com,Germany,2024-06-28,Standard,956.26
4404,Aisha Rossi,aisha.rossi.4404@example.com,Singapore,2024-10-16,Premium,2531.28
4405,Amelia Anderson,amelia.anderson.4405@example.com,United Kingdom,2024-08-07,Basic,0.00
4406,Arjun Nguyen,arjun.nguyen.4406@example.com,Singapore,2024-10-23,Basic,73.08
4407,Ethan Patel,ethan.patel.4407@example.com,France,2024-04-09,Standard,953.57
4408,Nora Clarke,nora.clarke.4408@example.com,United States,2025-01-10,Premium,3173.43
4409,Priya Santos,priya.santos.4409@example.com,United States,2024-06-28,Basic,0.00
4410,Daniel Singh,daniel.singh.4410@example.com,Germany,2024-06-02,Basic,55.54
4411,Ava Khan,ava.khan.4411@example.com,Australia,2024-07-31,Standard,920.37
4412,Ava Ahmed,ava.ahmed.4412@example.com,Germany,2024-11-27,Premium,3965.49
4413,Isabella Williams,isabella.williams.4413@example.com,India,2024-05-24,Basic,0.00
4414,Sofia Williams,sofia.williams.4414@example.com,United Kingdom,2024-03-20,Basic,174.77
4415,Priya Clarke,priya.clarke.4415@example.com,Japan,2024-10-27,Standard,791.62
4416,Nora Williams,nora.williams.4416@example.com,Singapore,2024-02-25,Premium,7105.49
9264,Mateo Khan,mateo.khan.4417@example.com,Australia,2024-11-30,Premium,3647.83
4418,Olivia Khan,olivia.khan.4418@example.com,Japan,2024-05-21,Basic,91.95
4419,Sofia Dubois,sofia.dubois.4419@example.com,France,2024-05-26,Standard,926.29
4420,Noah Taylor,noah.taylor.4420@example.com,United States,2024-03-11,Premium,2263.94
4421,Olivia Clarke,olivia.clarke.4421@example.com,Singapore,2024-10-12,Basic,0.00
4422,Isabella Dubois,isabella.dubois.4422@example.com,United Kingdom,2024-09-24,Basic,145.86
4423,Aisha Taylor,aisha.taylor.4423@example.com,Singapore,2024-10-26,Standard,919.60
4424,Amelia Bennett,amelia.bennett.4424@example.com,Canada,2024-05-17,Premium,1311.92
4425,Amelia Bennett,amelia.bennett.4425@example.com,United Arab Emirates,2024-03-26,Basic,0.00
4426,Isabella Taylor,isabella.taylor.4426@example.com,United Kingdom,2024-11-08,Basic,226.25
4427,Sofia Clarke,sofia.clarke.4427@example.com,Singapore,2024-02-07,Standard,749.57
4428,Arjun Dubois,arjun.dubois.4428@example.com,France,2024-09-29,Premium,4380.33
4429,Zoe Thompson,zoe.thompson.4429@example.com,Germany,2024-06-25,Basic,0.00
4430,Mateo Williams,mateo.williams.4430@example.com,India,2024-02-02,Basic,193.06
4431,Mateo Khan,mateo.khan.4431@example.com,India,2024-08-07,Standard,945.68
4432,Mateo Kim,mateo.kim.4432@example.com,Canada,2024-03-01,Premium,3816.71
4433,Olivia Wilson,olivia.wilson.4433@example.com,United Arab Emirates,2024-03-08,Basic,0.00
4434,Liam Ahmed,liam.ahmed.4434@example.com,United Arab Emirates,2024-06-26,Basic,196.81
4435,Liam Nguyen,liam.nguyen.4435@example.com,Germany,2024-05-26,Standard,933.55
4436,Arjun Dubois,arjun.dubois.4436@example.com,Singapore,2024-10-02,Premium,5960.13
4437,Isabella Bennett,isabella.bennett.4437@example.com,United Arab Emirates,2024-04-12,Basic,0.00
4438,Leo Khan,leo.khan.4438@example.com,Canada,2024-04-21,Basic,195.56
4439,Ava Clarke,ava.clarke.4439@example.com,United Arab Emirates,2024-10-16,Standard,436.28
4440,Sofia Garcia,sofia.garcia.4440@example.com,Australia,2024-09-19,Premium,4452.28
4441,Mia Santos,mia.santos.4441@example.com,France,2024-09-02,Basic,0.00
4442,Olivia Garcia,olivia.garcia.4442@example.com,Germany,2024-02-19,Basic,144.68
4443,Priya Wilson,priya.wilson.4443@example.com,Canada,2024-10-24,Standard,989.93
4444,Oliver Taylor,oliver.taylor.4444@example.com,United States,2024-08-06,Premium,4465.16
4445,Zoe Bennett,zoe.bennett.4445@example.com,France,2024-06-01,Basic,0.00
4446,Hugo Dubois,hugo.dubois.4446@example.com,India,2024-09-10,Basic,229.35
4447,Samuel Singh,samuel.singh.4447@example.com,Singapore,2025-01-21,Standard,827.40
4448,Liam Williams,liam.williams.4448@example.com,Canada,2024-09-06,Premium,2133.09
4449,Amelia Singh,amelia.singh.4449@example.com,Australia,2024-02-29,Basic,0.00
4450,Aisha Khan,aisha.khan.4450@example.com,France,2024-08-18,Basic,274.79
4451,Chloe Clarke,chloe.clarke.4451@example.com,United Kingdom,2024-02-14,Standard,962.11
4452,Chloe Chen,chloe.chen.4452@example.com,Japan,2024-03-09,Premium,3081.18
4453,Isabella Khan,isabella.khan.4453@example.com,United Kingdom,2024-04-30,Basic,0.00
4454,Ava Patel,ava.patel.4454@example.com,France,2024-08-01,Basic,259.97
4455,Noah Taylor,noah.taylor.4455@example.com,Singapore,2024-11-08,Standard,861.92
4456,Ethan Taylor,ethan.taylor.4456@example.com,United Arab Emirates,2024-03-27,Premium,2569.74
4457,Hugo Thompson,hugo.thompson.4457@example.com,India,2024-11-14,Basic,0.00
4458,Zoe Chen,zoe.chen.4458@example.com,United Arab Emirates,2024-05-18,Basic,89.20
4459,Aisha Patel,aisha.patel.4459@example.com,Germany,2024-02-21,Standard,830.35
4460,Liam Anderson,liam.anderson.4460@example.com,Germany,2024-11-10,Premium,2824.58
4461,Amelia Ahmed,amelia.ahmed.4461@example.com,Japan,2024-05-10,Basic,0.00
4462,Isabella Wilson,isabella.wilson.4462@example.com,Australia,2024-10-02,Basic,136.21
4463,Daniel Nguyen,daniel.nguyen.4463@example.com,Singapore,2024-04-10,Standard,950.97
4464,Leo Singh,leo.singh.4464@example.com,Australia,2024-05-30,Premium,4957.38
4465,Zoe Kim,zoe.kim.4465@example.com,United Arab Emirates,2024-04-04,Basic,0.00
4466,Noah Williams,noah.williams.4466@example.com,France,2024-09-19,Basic,31.60
4467,Priya Bennett,priya.bennett.4467@example.com,United Arab Emirates,2024-02-25,Standard,956.82
4468,Aisha Kim,aisha.kim.4468@example.com,United Arab Emirates,2024-11-24,Premium,2418.99
4469,Priya Garcia,priya.garcia.4469@example.com,Germany,2024-06-26,Basic,0.00
4470,Hana Martin,hana.martin.4470@example.com,United States,2024-09-19,Basic,297.10
4471,Mia Rossi,mia.rossi.4471@example.com,Canada,2024-08-25,Standard,990.16
4472,Mateo Rossi,mateo.rossi.4472@example.com,United Arab Emirates,2024-12-17,Premium,1427.96
4473,Leo Clarke,leo.clarke.4473@example.com,United Arab Emirates,2024-08-11,Basic,0.00
4474,Daniel Wilson,daniel.wilson.4474@example.com,Singapore,2024-12-25,Basic,153.68
4475,Mateo Clarke,mateo.clarke.4475@example.com,Japan,2024-03-17,Standard,994.65
4476,Aisha Wilson,aisha.wilson.4476@example.com,Canada,2024-11-01,Premium,3487.26
4477,Omar Rossi,omar.rossi.4477@example.com,India,2024-12-23,Basic,0.00
4478,Hana Anderson,hana.anderson.4478@example.com,Canada,2024-07-19,Basic,158.03
4479,Hana Williams,hana.williams.4479@example.com,Germany,2024-02-11,Standard,985.00
4480,Aisha Wilson,aisha.wilson.4480@example.com,United Arab Emirates,2024-12-13,Premium,5200.38
4481,Ava Martin,ava.martin.4481@example.com,Australia,2024-03-27,Basic,0.00
4482,Ethan Anderson,ethan.anderson.4482@example.com,Germany,2024-04-13,Basic,238.11
4483,Leo Dubois,leo.dubois.4483@example.com,United Arab Emirates,2024-11-13,Standard,986.23
4484,Noah Taylor,noah.taylor.4484@example.com,United Arab Emirates,2025-01-24,Premium,4055.16
4485,Amelia Nguyen,amelia.nguyen.4485@example.com,Japan,2024-04-20,Basic,0.00
4486,Chloe Williams,chloe.williams.4486@example.com,Japan,2024-09-01,Basic,259.19
4487,Amelia Nakamura,amelia.nakamura.4487@example.com,Canada,2024-05-21,Standard,645.50
4488,Lucas Nguyen,lucas.nguyen.4488@example.com,Australia,2024-10-24,Premium,3604.09
4489,Mateo Anderson,mateo.anderson.4489@example.com,France,2025-01-09,Basic,0.00
4490,Daniel Clarke,daniel.clarke.4490@example.com,France,2024-12-29,Basic,175.15
4491,Arjun Ahmed,arjun.ahmed.4491@example.com,Canada,2025-01-02,Standard,982.21
4492,Oliver Bennett,oliver.bennett.4492@example.com,Germany,2024-02-02,Premium,1865.16
4493,Omar Taylor,omar.taylor.4493@example.com,United Kingdom,2024-04-13,Basic,0.00
4494,Priya Rossi,priya.rossi.4494@example.com,United Arab Emirates,2024-09-10,Basic,15.41
4495,Isabella Bennett,isabella.bennett.4495@example.com,Singapore,2024-04-16,Standard,984.08
4496,Chloe Rossi,chloe.rossi.4496@example.com,France,2024-11-05,Premium,1355.13
4497,Daniel Chen,daniel.chen.4497@example.com,India,2025-01-04,Basic,0.00
4498,Mia Garcia,mia.garcia.4498@example.com,Singapore,2024-08-14,Basic,64.44
4499,Hana Dubois,hana.dubois.4499@example.com,France,2024-08-27,Standard,760.17
4500,Zoe Garcia,zoe.garcia.4500@example.com,Australia,2024-02-08,Premium,4196.69
4501,Oliver Thompson,oliver.thompson.4501@example.com,India,2024-03-22,Basic,0.00
4502,Daniel Chen,daniel.chen.4502@example.com,Australia,2024-10-28,Basic,141.50
4503,Isabella Rossi,isabella.rossi.4503@example.com,France,2024-04-02,Standard,883.54
4504,Mia Khan,mia.khan.4504@example.com,Germany,2024-08-23,Premium,4057.49
4505,Oliver Chen,oliver.chen.4505@example.com,Australia,2024-11-27,Basic,0.00
4506,Lucas Ahmed,lucas.ahmed.4506@example.com,Germany,2024-12-17,Basic,19.31
4507,Noah Bennett,noah.bennett.4507@example.com,Canada,2024-10-02,Standard,871.14
4508,Arjun Bennett,arjun.bennett.4508@example.com,United States,2025-01-07,Premium,2778.04
4509,Aisha Taylor,aisha.taylor.4509@example.com,United Arab Emirates,2024-08-19,Basic,0.00
4510,Chloe Garcia,chloe.garcia.4510@example.com,United States,2024-03-31,Basic,9.48
4511,Chloe Ahmed,chloe.ahmed.4511@example.com,Australia,2024-03-10,Standard,994.06
4512,Olivia Khan,olivia.khan.4512@example.com,United Arab Emirates,2024-07-21,Premium,2488.09
4513,Amelia Singh,amelia.singh.4513@example.com,United Kingdom,2024-08-11,Basic,0.00
4514,Aisha Singh,aisha.singh.4514@example.com,United Arab Emirates,2024-12-28,Basic,106.67
4515,Mia Garcia,mia.garcia.4515@example.com,Germany,2024-12-19,Standard,732.07
4516,Mateo Garcia,mateo.garcia.4516@example.com,France,2024-02-28,Premium,3162.21
4517,Nora Taylor,nora.taylor.4517@example.com,Canada,2024-12-19,Basic,0.00
4518,Aisha Khan,aisha.khan.4518@example.com,United Arab Emirates,2024-09-14,Basic,234.79
4519,Zoe Taylor,zoe.taylor.4519@example.com,Canada,2024-02-26,Standard,834.10
4520,Samuel Kim,samuel.kim.4520@example.com,Australia,2024-12-23,Premium,7216.00
4521,Mia Patel,mia.patel.4521@example.com,United States,2024-10-11,Basic,0.00
4522,Nora Nakamura,nora.nakamura.4522@example.com,United Arab Emirates,2024-06-24,Basic,21.85
4523,Chloe Martin,chloe.martin.4523@example.com,United States,2024-09-17,Standard,943.33
4524,Sofia Dubois,sofia.dubois.4524@example.com,India,2025-01-09,Premium,4406.05
4525,Sofia Clarke,sofia.clarke.4525@example.com,Canada,2024-07-26,Basic,0.00
4526,Amelia Nguyen,amelia.nguyen.4526@example.com,United Kingdom,2024-10-09,Basic,97.69
4527,Samuel Thompson,samuel.thompson.4527@example.com,India,2024-02-25,Standard,791.30
4528,Ethan Rossi,ethan.rossi.4528@example.com,United Arab Emirates,2024-03-06,Premium,1853.18
4529,Mia Bennett,mia.bennett.4529@example.com,India,2024-10-26,Basic,0.00
4530,Daniel Nguyen,daniel.nguyen.4530@example.com,Germany,2024-03-06,Basic,149.84
4531,Ava Khan,ava.khan.4531@example.com,Australia,2024-09-20,Standard,914.98
4532,Arjun Garcia,arjun.garcia.4532@example.com,Canada,2024-07-10,Premium,4003.05
4533,Omar Martin,omar.martin.4533@example.com,Australia,2024-07-26,Basic,0.00
4534,Chloe Williams,chloe.williams.4534@example.com,Japan,2024-11-05,Basic,81.53
4535,Olivia Nakamura,olivia.nakamura.4535@example.com,United States,2024-05-15,Standard,851.91
4536,Ethan Williams,ethan.williams.4536@example.com,United Kingdom,2024-12-05,Premium,1578.12
4537,Ethan Bennett,ethan.bennett.4537@example.com,India,2024-03-29,Basic,0.00
4538,Arjun Taylor,arjun.taylor.4538@example.com,Australia,2024-10-20,Basic,292.93
4539,Daniel Santos,daniel.santos.4539@example.com,Canada,2024-09-27,Standard,866.73
4540,Hugo Nguyen,hugo.nguyen.4540@example.com,United Arab Emirates,2024-07-26,Premium,5017.64
4541,Chloe Williams,chloe.williams.4541@example.com,Australia,2024-05-22,Basic,0.00
4542,Nora Garcia,nora.garcia.4542@example.com,Singapore,2024-07-01,Basic,270.79
4543,Lucas Patel,lucas.patel.4543@example.com,United Arab Emirates,2024-02-26,Standard,857.69
4544,Samuel Martin,samuel.martin.4544@example.com,United Arab Emirates,2024-07-15,Premium,3252.63
4545,Noah Chen,noah.chen.4545@example.com,India,2024-06-30,Basic,0.00
4546,Aisha Singh,aisha.singh.4546@example.com,United Kingdom,2024-09-08,Basic,30.86
4547,Mia Wilson,mia.wilson.4547@example.com,United States,2024-06-01,Standard,847.87
4548,Nora Khan,nora.khan.4548@example.com,Germany,2024-03-24,Premium,2165.37
4549,Chloe Thompson,chloe.thompson.4549@example.com,Singapore,2024-03-27,Basic,0.00
4550,Sofia Nakamura,sofia.nakamura.4550@example.com,Japan,2025-01-07,Basic,51.78
4551,Aisha Martin,aisha.martin.4551@example.com,Canada,2024-03-10,Standard,865.15
4552,Amelia Martin,amelia.martin.4552@example.com,United Kingdom,2024-10-09,Premium,2631.88
4553,Hana Nguyen,hana.nguyen.4553@example.com,Canada,2024-03-24,Basic,0.00
4554,Zoe Khan,zoe.khan.4554@example.com,Germany,2024-10-23,Basic,29.08
4555,Leo Martin,leo.martin.4555@example.com,United Arab Emirates,2024-11-06,Standard,716.44
4556,Isabella Thompson,isabella.thompson.4556@example.com,United Arab Emirates,2024-09-12,Premium,4393.47
4557,Arjun Taylor,arjun.taylor.4557@example.com,Australia,2024-11-03,Basic,0.00
4558,Arjun Williams,arjun.williams.4558@example.com,Singapore,2024-05-01,Basic,37.76
4559,Oliver Santos,oliver.santos.4559@example.com,India,2024-02-15,Standard,995.50
4560,Isabella Anderson,isabella.anderson.4560@example.com,United Arab Emirates,2024-09-18,Premium,3603.46
4561,Samuel Bennett,samuel.bennett.4561@example.com,Japan,2025-01-25,Basic,0.00
4562,Hana Nguyen,hana.nguyen.4562@example.com,India,2024-08-25,Basic,94.16
4563,Daniel Williams,daniel.williams.4563@example.com,Japan,2024-10-02,Standard,851.13
4564,Priya Singh,priya.singh.4564@example.com,India,2024-10-12,Premium,4033.78
4565,Arjun Dubois,arjun.dubois.4565@example.com,Singapore,2024-04-16,Basic,0.00
4566,Amelia Kim,amelia.kim.4566@example.com,United States,2024-08-11,Basic,137.44
4567,Oliver Chen,oliver.chen.4567@example.com,United Kingdom,2025-01-03,Standard,895.74
4568,Ethan Martin,ethan.martin.4568@example.com,Australia,2024-12-19,Premium,5934.90
4569,Omar Santos,omar.santos.4569@example.com,Canada,2024-03-16,Basic,0.00
4570,Chloe Kim,chloe.kim.4570@example.com,United States,2024-07-21,Basic,154.02
4571,Oliver Nakamura,oliver.nakamura.4571@example.com,United Kingdom,2025-01-17,Standard,685.57
4572,Mia Dubois,mia.dubois.4572@example.com,United Arab Emirates,2024-04-17,Premium,3067.82
4573,Samuel Garcia,samuel.garcia.4573@example.com,Singapore,2024-12-30,Basic,0.00
4574,Ethan Garcia,ethan.garcia.4574@example.com,United Arab Emirates,2024-04-12,Basic,99.00
4575,Isabella Rossi,isabella.rossi.4575@example.com,India,2024-09-21,Standard,520.88
4576,Mateo Singh,mateo.singh.4576@example.com,Singapore,2024-11-29,Premium,5052.76
4577,Oliver Patel,oliver.patel.4577@example.com,Australia,2024-09-08,Basic,0.00
4578,Mateo Clarke,mateo.clarke.4578@example.com,Singapore,2024-06-27,Basic,29.27
4579,Oliver Bennett,oliver.bennett.4579@example.com,Canada,2024-04-05,Standard,765.16
4580,Noah Santos,noah.santos.4580@example.com,United States,2024-12-06,Premium,4633.61
4581,Priya Anderson,priya.anderson.4581@example.com,Singapore,2024-09-09,Basic,0.00
4582,Samuel Clarke,samuel.clarke.4582@example.com,Germany,2024-10-17,Basic,182.66
4583,Lucas Chen,lucas.chen.4583@example.com,Germany,2024-12-07,Standard,952.30
4584,Isabella Clarke,isabella.clarke.4584@example.com,Singapore,2024-11-10,Premium,2286.21
4585,Zoe Garcia,zoe.garcia.4585@example.com,United Kingdom,2024-06-25,Basic,0.00
4586,Omar Nakamura,omar.nakamura.4586@example.com,Singapore,2024-10-17,Basic,198.79
4587,Nora Singh,nora.singh.4587@example.com,Japan,2024-03-18,Standard,835.90
4588,Omar Martin,omar.martin.4588@example.com,Australia,2024-11-05,Premium,4398.07
4589,Chloe Nakamura,chloe.nakamura.4589@example.com,India,2024-10-02,Basic,0.00
4590,Ava Nguyen,ava.nguyen.4590@example.com,Canada,2024-02-14,Basic,268.79
4591,Mateo Nakamura,mateo.nakamura.4591@example.com,Germany,2024-08-13,Standard,984.86
4592,Olivia Clarke,olivia.clarke.4592@example.com,United Kingdom,2024-12-18,Premium,3218.90
4593,Daniel Nakamura,daniel.nakamura.4593@example.com,Japan,2024-12-09,Basic,0.00
4594,Oliver Thompson,oliver.thompson.4594@example.com,India,2024-11-04,Basic,82.36
4595,Sofia Clarke,sofia.clarke.4595@example.com,United Arab Emirates,2024-09-11,Standard,959.87
4596,Aisha Thompson,aisha.thompson.4596@example.com,Canada,2024-04-07,Premium,3006.03
4597,Isabella Ahmed,isabella.ahmed.4597@example.com,United Arab Emirates,2024-05-11,Basic,0.00
4598,Hugo Singh,hugo.singh.4598@example.com,Singapore,2024-07-12,Basic,14.92
4599,Daniel Ahmed,daniel.ahmed.4599@example.com,United States,2024-08-23,Standard,916.71
4600,Zoe Martin,zoe.martin.4600@example.com,Australia,2024-08-07,Premium,4856.61
4601,Noah Patel,noah.patel.4601@example.com,United States,2025-01-05,Basic,0.00
4602,Omar Dubois,omar.dubois.4602@example.com,India,2024-12-14,Basic,193.64
4603,Isabella Nakamura,isabella.nakamura.4603@example.com,United Arab Emirates,2024-02-20,Standard,689.94
4604,Amelia Williams,amelia.williams.4604@example.com,Canada,2024-06-23,Premium,2198.96
4605,Oliver Martin,oliver.martin.4605@example.com,France,2024-08-10,Basic,0.00
4606,Mia Patel,mia.patel.4606@example.com,Canada,2024-10-26,Basic,198.09
4607,Chloe Nakamura,chloe.nakamura.4607@example.com,United Arab Emirates,2024-08-20,Standard,812.87
4608,Ava Chen,ava.chen.4608@example.com,France,2024-12-10,Premium,4595.31
4609,Lucas Martin,lucas.martin.4609@example.com,Australia,2024-12-21,Basic,0.00
4610,Sofia Nguyen,sofia.nguyen.4610@example.com,United Arab Emirates,2024-06-17,Basic,33.05
4611,Chloe Anderson,chloe.anderson.4611@example.com,Australia,2024-11-06,Standard,840.40
4612,Hana Williams,hana.williams.4612@example.com,France,2024-08-26,Premium,2913.45
4613,Ethan Patel,ethan.patel.4613@example.com,United Kingdom,2025-01-16,Basic,0.00
4614,Daniel Santos,daniel.santos.4614@example.com,Canada,2024-10-30,Basic,250.08
4615,Isabella Thompson,isabella.thompson.4615@example.com,Canada,2024-07-25,Standard,958.41
4616,Chloe Martin,chloe.martin.4616@example.com,United Arab Emirates,2024-04-28,Premium,4972.83
4617,Chloe Rossi,chloe.rossi.4617@example.com,Australia,2025-01-21,Basic,0.00
4618,Arjun Santos,,Singapore,2024-12-08,Basic,109.25
4619,Daniel Kim,daniel.kim.4619@example.com,United Kingdom,2024-05-25,Standard,962.37
4620,Aisha Williams,aisha.williams.4620@example.com,Singapore,2025-01-29,Premium,2759.06
4621,Chloe Kim,chloe.kim.4621@example.com,France,2024-02-14,Basic,0.00
4622,Zoe Thompson,zoe.thompson.4622@example.com,Singapore,2024-06-14,Basic,52.41
4623,Chloe Nguyen,chloe.nguyen.4623@example.com,France,2024-02-09,Standard,933.73
4624,Mateo Santos,mateo.santos.4624@example.com,Japan,2025-01-14,Premium,1805.77
4625,Lucas Patel,lucas.patel.4625@example.com,Australia,2024-02-04,Basic,0.00
4626,Ava Wilson,ava.wilson.4626@example.com,United Arab Emirates,2024-04-02,Basic,23.38
4627,Daniel Ahmed,daniel.ahmed.4627@example.com,United Arab Emirates,2024-03-10,Standard,894.70
4628,Liam Thompson,liam.thompson.4628@example.com,United Arab Emirates,2024-10-05,Premium,1795.33
4629,Ethan Singh,ethan.singh.4629@example.com,Australia,2024-10-25,Basic,0.00
4630,Priya Santos,priya.santos.4630@example.com,United Arab Emirates,2024-05-31,Basic,157.85
4631,Mia Singh,mia.singh.4631@example.com,United Kingdom,2024-08-05,Standard,984.91
4632,Ava Dubois,ava.dubois.4632@example.com,Germany,2024-03-17,Premium,3750.40
4633,Isabella Wilson,isabella.wilson.4633@example.com,Japan,2024-03-27,Basic,0.00
4634,Isabella Santos,isabella.santos.4634@example.com,Australia,2024-03-26,Basic,145.38
4635,Ava Martin,ava.martin.4635@example.com,France,2024-12-14,Standard,924.82
4636,Ava Taylor,ava.taylor.4636@example.com,Japan,2024-10-26,Premium,3973.70
4637,Liam Anderson,liam.anderson.4637@example.com,India,2024-09-17,Basic,0.00
4638,Isabella Singh,isabella.singh.4638@example.com,United States,2024-12-14,Basic,137.72
4639,Mia Chen,mia.chen.4639@example.com,United Kingdom,2024-06-25,Standard,829.39
4640,Olivia Singh,olivia.singh.4640@example.com,France,2024-05-01,Premium,4711.83
4641,Nora Dubois,nora.dubois.4641@example.com,United Arab Emirates,2024-10-28,Basic,0.00
4642,Liam Rossi,liam.rossi.4642@example.com,Singapore,2024-09-30,Basic,114.21
4643,Oliver Singh,oliver.singh.4643@example.com,United Arab Emirates,2024-04-08,Standard,977.31
4644,Hugo Bennett,hugo.bennett.4644@example.com,Germany,2024-08-03,Premium,3021.03
4645,Sofia Anderson,sofia.anderson.4645@example.com,Singapore,2024-10-27,Basic,0.00
4646,Oliver Kim,oliver.kim.4646@example.com,India,2024-04-24,Basic,100.63
4647,Sofia Santos,sofia.santos.4647@example.com,Singapore,2024-09-07,Standard,883.43
4648,Leo Singh,leo.singh.4648@example.com,France,2024-11-25,Premium,4407.52
4649,Aisha Taylor,aisha.taylor.4649@example.com,Japan,2024-11-02,Basic,0.00
4650,Nora Patel,nora.patel.4650@example.com,Germany,2024-04-26,Basic,264.23
4651,Sofia Thompson,sofia.thompson.4651@example.com,France,2024-10-19,Standard,534.50
4652,Isabella Patel,isabella.patel.4652@example.com,Singapore,2024-12-20,Premium,3903.48
4653,Isabella Rossi,isabella.rossi.4653@example.com,India,2024-08-05,Basic,0.00
4654,Isabella Clarke,isabella.clarke.4654@example.com,Germany,2024-05-02,Basic,195.95
4655,Aisha Chen,aisha.chen.4655@example.com,Germany,2024-12-11,Standard,899.87
4656,Liam Garcia,liam.garcia.4656@example.com,India,2024-07-20,Premium,3564.29
4657,Amelia Chen,amelia.chen.4657@example.com,United States,2024-02-21,Basic,0.00
4658,Noah Chen,noah.chen.4658@example.com,Germany,2024-08-09,Basic,15.41
4659,Zoe Anderson,zoe.anderson.4659@example.com,United Arab Emirates,2024-12-28,Standard,818.82
4660,Arjun Garcia,arjun.garcia.4660@example.com,Australia,2024-04-08,Premium,2264.24
4661,Zoe Williams,,France,2024-07-12,Basic,0.00
4662,Olivia Khan,olivia.khan.4662@example.com,United States,2024-07-15,Basic,126.08
4663,Isabella Thompson,isabella.thompson.4663@example.com,United States,2024-10-25,Standard,591.70
4664,Ava Taylor,ava.taylor.4664@example.com,Singapore,2024-05-04,Premium,6687.72
4665,Daniel Williams,daniel.williams.4665@example.com,Germany,2024-07-05,Basic,0.00
4666,Lucas Ahmed,lucas.ahmed.4666@example.com,Singapore,2024-12-12,Basic,27.74
4667,Chloe Dubois,chloe.dubois.4667@example.com,United Arab Emirates,2024-12-14,Standard,846.10
4668,Priya Thompson,priya.thompson.4668@example.com,Canada,2024-10-13,Premium,6083.13
4669,Priya Anderson,priya.anderson.4669@example.com,India,2024-09-17,Basic,0.00
4670,Zoe Nakamura,zoe.nakamura.4670@example.com,Germany,2024-12-26,Basic,50.75
4671,Leo Chen,leo.chen.4671@example.com,United States,2024-04-07,Standard,674.39
4672,Omar Ahmed,omar.ahmed.4672@example.com,Canada,2024-08-07,Premium,6722.68
4673,Lucas Khan,lucas.khan.4673@example.com,United Kingdom,2024-10-27,Basic,0.00
4674,Ava Martin,ava.martin.4674@example.com,Singapore,2024-03-26,Basic,292.70
4675,Samuel Chen,samuel.chen.4675@example.com,Australia,2024-03-04,Standard,856.19
4676,Sofia Khan,sofia.khan.4676@example.com,United Arab Emirates,2024-04-14,Premium,3375.06
4677,Zoe Bennett,zoe.bennett.4677@example.com,Germany,2024-12-16,Basic,0.00
4678,Olivia Singh,olivia.singh.4678@example.com,India,2024-02-05,Basic,195.87
4679,Olivia Ahmed,olivia.ahmed.4679@example.com,Australia,2024-08-31,Standard,882.46
4680,Mia Thompson,mia.thompson.4680@example.com,Canada,2024-05-15,Premium,2475.15
4681,Priya Nguyen,priya.nguyen.4681@example.com,Japan,2024-07-26,Basic,0.00
4682,Amelia Nguyen,amelia.nguyen.4682@example.com,Canada,2024-09-29,Basic,104.22
4683,Chloe Ahmed,chloe.ahmed.4683@example.com,United Kingdom,2025-01-06,Standard,948.95
4684,Nora Martin,nora.martin.4684@example.com,Canada,2024-07-29,Premium,2830.11
4685,Hugo Nakamura,hugo.nakamura.4685@example.com,France,2024-06-13,Basic,0.00
4686,Samuel Kim,samuel.kim.4686@example.com,Singapore,2024-12-18,Basic,186.63
4687,Mia Thompson,mia.thompson.4687@example.com,Canada,2024-08-13,Standard,763.95
4688,Sofia Rossi,sofia.rossi.4688@example.com,United States,2024-07-16,Premium,6052.16
4689,Sofia Clarke,sofia.clarke.4689@example.com,United Kingdom,2024-10-19,Basic,0.00
4690,Daniel Nakamura,daniel.nakamura.4690@example.com,India,2025-01-02,Basic,190.87
4691,Oliver Anderson,oliver.anderson.4691@example.com,United Kingdom,2024-08-19,Standard,982.39
4692,Noah Nguyen,noah.nguyen.4692@example.com,Canada,2024-09-13,Premium,2359.08
4693,Liam Thompson,liam.thompson.4693@example.com,Canada,2024-03-04,Basic,0.00
4694,Nora Khan,nora.khan.4694@example.com,Australia,2024-09-14,Basic,153.68
4695,Priya Khan,priya.khan.4695@example.com,United Arab Emirates,2025-01-01,Standard,935.27
4696,Hana Martin,hana.martin.4696@example.com,United States,2024-07-16,Premium,2609.61
4697,Ethan Martin,ethan.martin.4697@example.com,Canada,2024-11-22,Basic,0.00
4698,Hana Clarke,hana.clarke.4698@example.com,Australia,2024-08-29,Basic,292.70
4699,Ethan Williams,ethan.williams.4699@example.com,India,2024-07-17,Standard,497.83
4700,Daniel Rossi,daniel.rossi.4700@example.com,United Kingdom,2024-12-24,Premium,6175.83
4701,Lucas Anderson,lucas.anderson.4701@example.com,Singapore,2024-11-08,Basic,0.00
4702,Sofia Anderson,sofia.anderson.4702@example.com,Canada,2024-07-16,Basic,197.84
4703,Zoe Kim,zoe.kim.4703@example.com,Australia,2024-11-22,Standard,832.71
4704,Oliver Khan,oliver.khan.4704@example.com,France,2024-11-11,Premium,3200.55
4705,Lucas Patel,lucas.patel.4705@example.com,India,2024-04-03,Basic,0.00
4706,Hugo Nakamura,hugo.nakamura.4706@example.com,Japan,2024-05-23,Basic,207.54
4707,Ethan Dubois,ethan.dubois.4707@example.com,Germany,2024-06-06,Standard,936.21
4708,Amelia Rossi,amelia.rossi.4708@example.com,France,2024-06-13,Premium,2528.96
4709,Mia Rossi,mia.rossi.4709@example.com,Japan,2024-12-09,Basic,0.00
4710,Priya Williams,priya.williams.4710@example.com,Canada,2024-09-16,Basic,152.94
4711,Mateo Rossi,mateo.rossi.4711@example.com,Japan,2024-02-02,Standard,975.64
4712,Ethan Rossi,ethan.rossi.4712@example.com,Canada,2024-09-13,Premium,4163.12
4713,Olivia Martin,olivia.martin.4713@example.com,United States,2024-07-19,Basic,0.00
4714,Arjun Clarke,arjun.clarke.4714@example.com,Japan,2024-10-27,Basic,157.67
4715,Hugo Williams,hugo.williams.4715@example.com,Australia,2024-10-09,Standard,989.88
4716,Priya Santos,priya.santos.4716@example.com,Canada,2024-11-23,Premium,2619.52
4717,Oliver Ahmed,oliver.ahmed.4717@example.com,Australia,2024-04-07,Basic,0.00
4718,Sofia Bennett,sofia.bennett.4718@example.com,United Kingdom,2024-04-09,Basic,200.79
4719,Omar Dubois,omar.dubois.4719@example.com,United States,2024-11-07,Standard,935.41
4720,Ava Martin,ava.martin.4720@example.com,United States,2024-02-23,Premium,1889.63
4721,Mia Nguyen,mia.nguyen.4721@example.com,Japan,2024-12-07,Basic,0.00
4722,Daniel Nakamura,daniel.nakamura.4722@example.com,Singapore,2024-10-15,Basic,86.65
4723,Aisha Rossi,aisha.rossi.4723@example.com,Japan,2024-07-28,Standard,926.74
4724,Daniel Khan,daniel.khan.4724@example.com,France,2025-01-07,Premium,4985.56
4725,Aisha Kim,aisha.kim.4725@example.com,Canada,2024-06-01,Basic,0.00
4726,Zoe Nguyen,zoe.nguyen.4726@example.com,India,2024-03-03,Basic,67.86
4727,Noah Khan,noah.khan.4727@example.com,United States,2024-06-22,Standard,759.05
4728,Lucas Anderson,lucas.anderson.4728@example.com,India,2024-12-27,Premium,2683.14
4729,Olivia Rossi,olivia.rossi.4729@example.com,United Arab Emirates,2024-07-14,Basic,0.00
4730,Liam Nakamura,liam.nakamura.4730@example.com,United Kingdom,2024-07-27,Basic,183.41
4731,Ethan Khan,ethan.khan.4731@example.com,United Arab Emirates,2024-03-19,Standard,369.34
4732,Amelia Chen,amelia.chen.4732@example.com,United Arab Emirates,2024-04-26,Premium,1887.92
4733,Samuel Rossi,samuel.rossi.4733@example.com,France,2025-01-05,Basic,0.00
4734,Amelia Garcia,amelia.garcia.4734@example.com,Germany,2024-05-12,Basic,97.69
4735,Hugo Patel,hugo.patel.4735@example.com,Singapore,2024-05-09,Standard,610.07
4736,Noah Clarke,noah.clarke.4736@example.com,Australia,2024-02-03,Premium,3613.09
4737,Hana Taylor,hana.taylor.4737@example.com,Japan,2024-03-14,Basic,0.00
4738,Ava Rossi,ava.rossi.4738@example.com,Japan,2024-03-19,Basic,151.32
4739,Mateo Williams,mateo.williams.4739@example.com,Canada,2024-08-22,Standard,968.65
4740,Noah Chen,noah.chen.4740@example.com,Canada,2024-03-31,Premium,6627.80
4741,Ava Martin,ava.martin.4741@example.com,United Kingdom,2025-01-17,Basic,0.00
4742,Priya Nakamura,priya.nakamura.4742@example.com,India,2024-09-26,Basic,243.09
4743,Daniel Chen,daniel.chen.4743@example.com,United States,2024-03-30,Standard,991.90
4744,Mateo Garcia,mateo.garcia.4744@example.com,United Kingdom,2024-03-29,Premium,8009.32
4745,Chloe Dubois,chloe.dubois.4745@example.com,United Kingdom,2024-04-07,Basic,0.00
4746,Ethan Singh,ethan.singh.4746@example.com,United Kingdom,2024-12-13,Basic,21.64
4747,Samuel Singh,samuel.singh.4747@example.com,Japan,2024-04-10,Standard,903.26
4748,Samuel Santos,samuel.santos.4748@example.com,Singapore,2024-09-12,Premium,3876.91
4749,Arjun Khan,arjun.khan.4749@example.com,United Arab Emirates,2024-05-20,Basic,0.00
4750,Noah Wilson,noah.wilson.4750@example.com,United Arab Emirates,2024-05-09,Basic,253.99
4751,Leo Dubois,leo.dubois.4751@example.com,France,2024-05-17,Standard,552.48
4752,Oliver Bennett,oliver.bennett.4752@example.com,Canada,2024-09-21,Premium,2931.50
4753,Zoe Wilson,zoe.wilson.4753@example.com,Singapore,2024-03-25,Basic,0.00
4754,Sofia Wilson,sofia.wilson.4754@example.com,Canada,2024-03-23,Basic,255.05
4755,Olivia Wilson,olivia.wilson.4755@example.com,United States,2024-11-12,Standard,968.43
4756,Daniel Dubois,daniel.dubois.4756@example.com,Singapore,2024-04-12,Premium,3278.25
4757,Isabella Bennett,isabella.bennett.4757@example.com,United Arab Emirates,2025-01-06,Basic,0.00
4758,Isabella Chen,isabella.chen.4758@example.com,Canada,2024-12-02,Basic,278.19
4759,Lucas Dubois,lucas.dubois.4759@example.com,Canada,2024-02-09,Standard,960.43
4760,Hana Khan,hana.khan.4760@example.com,France,2024-07-29,Premium,4283.03
4761,Samuel Dubois,samuel.dubois.4761@example.com,United Kingdom,2025-01-01,Basic,0.00
4762,Amelia Khan,amelia.khan.4762@example.com,United Arab Emirates,2024-12-02,Basic,15.72
4763,Omar Chen,omar.chen.4763@example.com,United Arab Emirates,2024-10-12,Standard,901.33
4764,Amelia Williams,amelia.williams.4764@example.com,Australia,2024-09-20,Premium,5718.59
4765,Liam Chen,liam.chen.4765@example.com,Germany,2024-05-08,Basic,0.00
4766,Leo Kim,leo.kim.4766@example.com,Singapore,2024-07-17,Basic,106.06
4767,Oliver Kim,oliver.kim.4767@example.com,India,2024-07-07,Standard,722.56
4768,Sofia Khan,sofia.khan.4768@example.com,United States,2024-06-12,Premium,2606.61
4769,Olivia Chen,olivia.chen.4769@example.com,United States,2024-04-13,Basic,0.00
4770,Hugo Singh,hugo.singh.4770@example.com,India,2024-04-04,Basic,81.61
4771,Omar Clarke,omar.clarke.4771@example.com,Canada,2024-10-03,Standard,925.66
4772,Arjun Nguyen,arjun.nguyen.4772@example.com,Japan,2024-06-22,Premium,3378.11
4773,Noah Martin,noah.martin.4773@example.com,United Arab Emirates,2024-12-14,Basic,0.00
4774,Noah Nakamura,noah.nakamura.4774@example.com,United Kingdom,2024-09-08,Basic,20.01
4775,Leo Rossi,leo.rossi.4775@example.com,United States,2024-08-30,Standard,929.33
4776,Arjun Chen,arjun.chen.4776@example.com,Canada,2024-06-24,Premium,1796.41
4777,Aisha Williams,aisha.williams.4777@example.com,France,2024-07-13,Basic,0.00
4778,Mia Martin,mia.martin.4778@example.com,United States,2024-05-24,Basic,295.73
4779,Priya Wilson,priya.wilson.4779@example.com,United States,2024-06-07,Standard,592.33
4780,Noah Williams,noah.williams.4780@example.com,United States,2024-12-12,Premium,3899.20
4781,Omar Dubois,omar.dubois.4781@example.com,Japan,2024-11-15,Basic,0.00
4782,Zoe Nakamura,zoe.nakamura.4782@example.com,France,2024-09-04,Basic,42.89
4783,Lucas Clarke,lucas.clarke.4783@example.com,United Kingdom,2024-08-08,Standard,632.47
4784,Nora Rossi,nora.rossi.4784@example.com,France,2024-08-09,Premium,4654.08
4785,Lucas Taylor,lucas.taylor.4785@example.com,Canada,2024-06-06,Basic,0.00
4786,Mia Thompson,mia.thompson.4786@example.com,United Kingdom,2024-04-11,Basic,94.16
4787,Mia Nakamura,mia.nakamura.4787@example.com,India,2024-02-02,Standard,929.17
4788,Liam Singh,liam.singh.4788@example.com,Singapore,2024-03-02,Premium,3980.33
4789,Liam Ahmed,liam.ahmed.4789@example.com,United Kingdom,2024-02-20,Basic,0.00
4790,Ava Bennett,ava.bennett.4790@example.com,India,2024-11-10,Basic,175.15
4791,Arjun Williams,arjun.williams.4791@example.com,Japan,2024-08-23,Standard,708.06
4792,Mia Garcia,mia.garcia.4792@example.com,Japan,2024-04-23,Premium,6462.51
4793,Leo Ahmed,leo.ahmed.4793@example.com,United States,2024-11-05,Basic,0.00
4794,Amelia Ahmed,amelia.ahmed.4794@example.com,United Kingdom,2025-01-09,Basic,13.12
4795,Omar Nakamura,omar.nakamura.4795@example.com,United Kingdom,2024-04-16,Standard,656.01
4796,Hana Bennett,hana.bennett.4796@example.com,United Kingdom,2024-07-25,Premium,2598.88
4797,Priya Singh,priya.singh.4797@example.com,Japan,2024-03-15,Basic,0.00
4798,Ava Ahmed,ava.ahmed.4798@example.com,United States,2024-08-28,Basic,127.65
4799,Nora Williams,nora.williams.4799@example.com,Australia,2024-02-28,Standard,979.28
4800,Nora Anderson,nora.anderson.4800@example.com,France,2024-03-12,Premium,2720.61
4801,Noah Wilson,noah.wilson.4801@example.com,France,2024-10-29,Basic,0.00
4802,Mia Thompson,mia.thompson.4802@example.com,Germany,2024-05-13,Basic,157.67
4803,Chloe Martin,chloe.martin.4803@example.com,United Kingdom,2025-01-26,Standard,973.05
4804,Ava Bennett,ava.bennett.4804@example.com,United States,2024-11-16,Premium,1498.66
4805,Leo Martin,leo.martin.4805@example.com,France,2024-10-30,Basic,0.00
4806,Aisha Kim,aisha.kim.4806@example.com,Japan,2024-09-06,Basic,109.76
4807,Priya Taylor,priya.taylor.4807@example.com,United Arab Emirates,2024-06-09,Standard,946.52
4808,Hugo Bennett,hugo.bennett.4808@example.com,Australia,2024-04-02,Premium,2393.34
4809,Oliver Bennett,oliver.bennett.4809@example.com,France,2024-05-12,Basic,0.00
4810,Daniel Khan,daniel.khan.4810@example.com,United Arab Emirates,2024-08-25,Basic,235.65
4811,Ethan Nakamura,ethan.nakamura.4811@example.com,Germany,2024-09-11,Standard,796.09
4812,Chloe Taylor,chloe.taylor.4812@example.com,Canada,2024-03-12,Premium,2524.00
4813,Omar Rossi,omar.rossi.4813@example.com,United Kingdom,2024-10-26,Basic,0.00
4814,Arjun Chen,arjun.chen.4814@example.com,Japan,2024-02-10,Basic,142.67
4815,Noah Singh,noah.singh.4815@example.com,Germany,2024-08-25,Standard,942.20
4816,Leo Taylor,leo.taylor.4816@example.com,United Kingdom,2024-07-09,Premium,2420.86
4817,Isabella Rossi,isabella.rossi.4817@example.com,United States,2024-03-06,Basic,0.00
4818,Liam Singh,liam.singh.4818@example.com,Japan,2024-11-28,Basic,117.64
4819,Hugo Nakamura,hugo.nakamura.4819@example.com,United Kingdom,2024-06-09,Standard,927.26
4820,Noah Bennett,noah.bennett.4820@example.com,Germany,2024-11-26,Premium,3060.94
4821,Arjun Nguyen,arjun.nguyen.4821@example.com,Singapore,2024-03-06,Basic,0.00
4822,Priya Rossi,priya.rossi.4822@example.com,Germany,2024-11-20,Basic,102.83
4823,Amelia Santos,amelia.santos.4823@example.com,Australia,2025-01-07,Standard,942.29
4824,Priya Garcia,priya.garcia.4824@example.com,France,2024-04-29,Premium,3383.43
4825,Noah Patel,noah.patel.4825@example.com,United Arab Emirates,2024-12-08,Basic,0.00
4826,Aisha Singh,aisha.singh.4826@example.com,United Arab Emirates,2024-07-02,Basic,67.86
4827,Zoe Clarke,zoe.clarke.4827@example.com,Japan,2024-08-21,Standard,379.03
4828,Mateo Ahmed,mateo.ahmed.4828@example.com,Japan,2024-12-24,Premium,6543.03
4829,Arjun Garcia,arjun.garcia.4829@example.com,Australia,2024-09-25,Basic,0.00
4830,Hana Nakamura,hana.nakamura.4830@example.com,United Kingdom,2024-08-31,Basic,57.31
4831,Chloe Clarke,chloe.clarke.4831@example.com,Singapore,2024-06-29,Standard,996.74
4832,Liam Taylor,liam.taylor.4832@example.com,India,2024-03-22,Premium,2025.31
4833,Sofia Khan,sofia.khan.4833@example.com,Japan,2024-06-26,Basic,0.00
4834,Noah Thompson,noah.thompson.4834@example.com,Japan,2024-11-19,Basic,268.79
4835,Mia Anderson,mia.anderson.4835@example.com,Australia,2024-04-30,Standard,973.82
4836,Isabella Taylor,isabella.taylor.4836@example.com,Canada,2024-05-18,Premium,3912.82
4837,Samuel Ahmed,samuel.ahmed.4837@example.com,United Arab Emirates,2024-12-01,Basic,0.00
4838,Lucas Rossi,lucas.rossi.4838@example.com,United Arab Emirates,2024-03-30,Basic,106.06
4839,Mateo Nakamura,mateo.nakamura.4839@example.com,United States,2024-03-06,Standard,990.19
4840,Priya Patel,priya.patel.4840@example.com,Canada,2024-09-08,Premium,3424.45
4841,Daniel Chen,daniel.chen.4841@example.com,United States,2024-05-20,Basic,0.00
4842,Nora Singh,nora.singh.4842@example.com,Singapore,2024-09-23,Basic,294.37
4843,Oliver Martin,oliver.martin.4843@example.com,United Kingdom,2024-03-17,Standard,949.56
4844,Leo Singh,leo.singh.4844@example.com,Canada,2025-01-04,Premium,4466.33
4845,Daniel Bennett,daniel.bennett.4845@example.com,Germany,2024-03-20,Basic,0.00
4846,Oliver Garcia,oliver.garcia.4846@example.com,Australia,2024-08-08,Basic,7.35
4847,Daniel Clarke,daniel.clarke.4847@example.com,United Arab Emirates,2024-10-20,Standard,773.27
4848,Mateo Ahmed,mateo.ahmed.4848@example.com,United Arab Emirates,2024-09-17,Premium,2763.53
4849,Sofia Williams,sofia.williams.4849@example.com,United Kingdom,2024-09-15,Basic,0.00
4850,Amelia Nguyen,amelia.nguyen.4850@example.com,Singapore,2024-12-17,Basic,213.76
4851,Hana Wilson,hana.wilson.4851@example.com,Singapore,2024-02-16,Standard,420.75
4852,Olivia Nguyen,olivia.nguyen.4852@example.com,India,2024-06-13,Premium,5249.77
4853,Lucas Nguyen,lucas.nguyen.4853@example.com,Canada,2024-04-23,Basic,0.00
4854,Liam Nakamura,liam.nakamura.4854@example.com,France,2024-10-25,Basic,279.16
4855,Aisha Anderson,aisha.anderson.4855@example.com,United Arab Emirates,2024-09-13,Standard,962.48
4856,Aisha Kim,aisha.kim.4856@example.com,Japan,2024-02-06,Premium,3802.39
4857,Oliver Martin,oliver.martin.4857@example.com,United States,2024-02-14,Basic,0.00
4858,Mia Nguyen,mia.nguyen.4858@example.com,United States,2024-09-02,Basic,267.87
4859,Hugo Santos,hugo.santos.4859@example.com,Japan,2025-01-07,Standard,987.90
4860,Olivia Martin,olivia.martin.4860@example.com,Australia,2024-08-13,Premium,3549.02
4861,Hana Garcia,hana.garcia.4861@example.com,Germany,2024-12-01,Basic,0.00
4862,Chloe Garcia,chloe.garcia.4862@example.com,United Kingdom,2024-04-21,Basic,18.70
4863,Aisha Thompson,aisha.thompson.4863@example.com,United Arab Emirates,2024-06-18,Standard,552.84
4864,Ethan Clarke,ethan.clarke.4864@example.com,India,2024-11-13,Premium,5872.38
4865,Aisha Chen,aisha.chen.4865@example.com,Japan,2024-08-19,Basic,0.00
4866,Hana Thompson,hana.thompson.4866@example.com,United States,2024-06-16,Basic,11.22
4867,Noah Rossi,noah.rossi.4867@example.com,France,2024-05-28,Standard,982.31
4868,Priya Williams,priya.williams.4868@example.com,Germany,2024-03-17,Premium,1589.94
4869,Hana Taylor,hana.taylor.4869@example.com,United Kingdom,2024-07-31,Basic,0.00
4870,Leo Singh,leo.singh.4870@example.com,Japan,2024-11-09,Basic,177.38
4871,Zoe Anderson,zoe.anderson.4871@example.com,Canada,2024-10-07,Standard,600.52
4872,Lucas Nguyen,lucas.nguyen.4872@example.com,Singapore,2024-05-25,Premium,4576.06
4873,Isabella Dubois,isabella.dubois.4873@example.com,France,2024-03-26,Basic,0.00
4874,Nora Rossi,nora.rossi.4874@example.com,India,2024-05-04,Basic,104.22
4875,Lucas Singh,lucas.singh.4875@example.com,United Arab Emirates,2024-09-03,Standard,965.27
4876,Priya Wilson,priya.wilson.4876@example.com,United Arab Emirates,2024-08-11,Premium,6854.21
4877,Chloe Nguyen,chloe.nguyen.4877@example.com,Australia,2024-06-15,Basic,0.00
4878,Mateo Taylor,mateo.taylor.4878@example.com,United States,2024-06-16,Basic,136.21
4879,Nora Ahmed,nora.ahmed.4879@example.com,Germany,2024-04-18,Standard,650.37
4880,Olivia Nakamura,olivia.nakamura.4880@example.com,United States,2024-04-19,Premium,4149.41
4881,Oliver Santos,oliver.santos.4881@example.com,United Kingdom,2024-08-16,Basic,0.00
4882,Sofia Martin,sofia.martin.4882@example.com,France,2024-11-23,Basic,274.16
4883,Arjun Taylor,arjun.taylor.4883@example.com,Germany,2024-11-04,Standard,655.86
4884,Oliver Chen,oliver.chen.4884@example.com,United States,2024-10-15,Premium,3586.40
4885,Hana Anderson,hana.anderson.4885@example.com,Germany,2024-10-31,Basic,0.00
4886,Chloe Nguyen,chloe.nguyen.4886@example.com,Singapore,2024-05-27,Basic,234.76
4887,Mateo Singh,mateo.singh.4887@example.com,India,2024-04-11,Standard,717.72
4888,Mia Dubois,mia.dubois.4888@example.com,Japan,2024-04-18,Premium,2223.08
4889,Aisha Nakamura,aisha.nakamura.4889@example.com,United Arab Emirates,2024-11-21,Basic,0.00
4890,Olivia Taylor,olivia.taylor.4890@example.com,United States,2024-12-16,Basic,161.54
4891,Olivia Garcia,olivia.garcia.4891@example.com,Germany,2024-03-09,Standard,846.52
4892,Ava Williams,ava.williams.4892@example.com,United Arab Emirates,2024-06-07,Premium,4229.10
4893,Omar Clarke,omar.clarke.4893@example.com,Canada,2024-05-15,Basic,0.00
4894,Priya Taylor,priya.taylor.4894@example.com,United Kingdom,2024-05-30,Basic,202.82
4895,Ava Thompson,ava.thompson.4895@example.com,India,2024-02-01,Standard,820.34
4896,Isabella Martin,isabella.martin.4896@example.com,Australia,2024-02-23,Premium,3853.00
4897,Mia Santos,mia.santos.4897@example.com,Singapore,2024-10-19,Basic,0.00
4898,Liam Dubois,liam.dubois.4898@example.com,France,2025-01-24,Basic,268.79
4899,Amelia Martin,amelia.martin.4899@example.com,France,2024-06-22,Standard,914.02
4900,Lucas Thompson,lucas.thompson.4900@example.com,Canada,2024-06-14,Premium,5265.59
4901,Liam Clarke,liam.clarke.4901@example.com,United Kingdom,2024-09-07,Basic,0.00
4902,Isabella Singh,isabella.singh.4902@example.com,Australia,2025-01-22,Basic,163.66
4903,Lucas Patel,lucas.patel.4903@example.com,United States,2024-11-17,Standard,643.61
4904,Leo Dubois,leo.dubois.4904@example.com,United Kingdom,2024-09-28,Premium,4320.26
4905,Samuel Thompson,samuel.thompson.4905@example.com,United Kingdom,2024-10-22,Basic,0.00
4906,Sofia Patel,sofia.patel.4906@example.com,United Arab Emirates,2024-11-02,Basic,57.31
4907,Hana Nguyen,hana.nguyen.4907@example.com,United States,2024-11-06,Standard,821.44
4908,Oliver Bennett,oliver.bennett.4908@example.com,India,2024-09-24,Premium,1103.46
4909,Oliver Chen,oliver.chen.4909@example.com,United Kingdom,2024-06-19,Basic,0.00
4910,Olivia Nakamura,olivia.nakamura.4910@example.com,Germany,2024-08-30,Basic,292.17
4911,Aisha Williams,aisha.williams.4911@example.com,Australia,2024-07-17,Standard,975.76
4912,Mateo Martin,mateo.martin.4912@example.com,India,2024-12-17,Premium,1653.50
4913,Chloe Patel,chloe.patel.4913@example.com,Singapore,2024-09-04,Basic,0.00
4914,Mateo Nguyen,mateo.nguyen.4914@example.com,United Arab Emirates,2024-06-07,Basic,245.90
4915,Priya Rossi,priya.rossi.4915@example.com,India,2025-01-22,Standard,893.50
4916,Mateo Nguyen,mateo.nguyen.4916@example.com,Japan,2024-07-09,Premium,3222.05
4917,Aisha Dubois,aisha.dubois.4917@example.com,United Arab Emirates,2024-07-09,Basic,0.00
4918,Priya Garcia,priya.garcia.4918@example.com,France,2024-07-24,Basic,46.82
4919,Hana Patel,hana.patel.4919@example.com,France,2025-01-03,Standard,963.04
4920,Noah Williams,noah.williams.4920@example.com,United Kingdom,2024-12-11,Premium,3506.81
4921,Sofia Clarke,sofia.clarke.4921@example.com,Canada,2024-03-01,Basic,0.00
4922,Daniel Thompson,daniel.thompson.4922@example.com,France,2024-06-06,Basic,75.55
4923,Priya Dubois,priya.dubois.4923@example.com,United States,2024-07-29,Standard,399.88
4924,Liam Garcia,liam.garcia.4924@example.com,Japan,2024-03-12,Premium,4128.52
4925,Leo Singh,leo.singh.4925@example.com,Australia,2024-12-02,Basic,0.00
4926,Oliver Nguyen,oliver.nguyen.4926@example.com,India,2024-05-17,Basic,256.31
4927,Leo Santos,leo.santos.4927@example.com,Australia,2024-08-29,Standard,913.85
4928,Priya Chen,priya.chen.4928@example.com,United Kingdom,2024-10-21,Premium,2906.60
4929,Hana Patel,hana.patel.4929@example.com,France,2024-08-09,Basic,0.00
4930,Mateo Singh,mateo.singh.4930@example.com,India,2024-10-06,Basic,181.87
4931,Amelia Singh,amelia.singh.4931@example.com,United States,2024-12-01,Standard,998.95
4932,Zoe Rossi,zoe.rossi.4932@example.com,Germany,2024-04-10,Premium,6329.27
4933,Lucas Ahmed,lucas.ahmed.4933@example.com,United Arab Emirates,2024-06-08,Basic,0.00
4934,Ethan Singh,ethan.singh.4934@example.com,Germany,2024-08-11,Basic,77.61
4935,Chloe Patel,chloe.patel.4935@example.com,Singapore,2024-12-11,Standard,835.34
4936,Leo Taylor,leo.taylor.4936@example.com,Japan,2024-08-29,Premium,5413.07
4937,Noah Santos,noah.santos.4937@example.com,India,2024-06-14,Basic,0.00
4938,Ethan Bennett,ethan.bennett.4938@example.com,Germany,2024-07-11,Basic,82.36
4939,Leo Kim,leo.kim.4939@example.com,Japan,2024-09-14,Standard,767.16
4940,Isabella Nguyen,isabella.nguyen.4940@example.com,United States,2024-11-19,Premium,5489.12
4941,Nora Wilson,nora.wilson.4941@example.com,France,2024-05-24,Basic,0.00
4942,Ava Ahmed,ava.ahmed.4942@example.com,United Arab Emirates,2024-02-15,Basic,185.85
4943,Leo Chen,leo.chen.4943@example.com,Australia,2024-08-08,Standard,591.32
4944,Mia Dubois,mia.dubois.4944@example.com,India,2024-04-07,Premium,2454.02
4945,Zoe Martin,zoe.martin.4945@example.com,India,2024-07-22,Basic,0.00
4946,Priya Wilson,priya.wilson.4946@example.com,United States,2024-03-27,Basic,191.91
4947,Chloe Santos,chloe.santos.4947@example.com,United Arab Emirates,2024-12-08,Standard,909.15
4948,Omar Anderson,omar.anderson.4948@example.com,United States,2024-02-05,Premium,3206.21
4949,Priya Taylor,priya.taylor.4949@example.com,Canada,2024-05-06,Basic,0.00
4950,Liam Martin,liam.martin.4950@example.com,Canada,2024-06-30,Basic,181.87
4951,Ethan Nakamura,ethan.nakamura.4951@example.com,India,2024-10-02,Standard,635.77
4952,Priya Thompson,priya.thompson.4952@example.com,Germany,2024-08-24,Premium,6270.76
4953,Sofia Santos,sofia.santos.4953@example.com,United Arab Emirates,2024-03-06,Basic,0.00
4954,Chloe Bennett,chloe.bennett.4954@example.com,United Kingdom,2024-03-12,Basic,163.66
4955,Ethan Patel,ethan.patel.4955@example.com,United Kingdom,2024-03-19,Standard,906.73
4956,Omar Ahmed,omar.ahmed.4956@example.com,Germany,2024-10-31,Premium,5305.80
4957,Aisha Dubois,aisha.dubois.4957@example.com,United States,2024-02-04,Basic,0.00
4958,Oliver Bennett,oliver.bennett.4958@example.com,United Kingdom,2024-09-30,Basic,263.86
4959,Hana Ahmed,,India,2024-10-04,Standard,863.15
4960,Priya Thompson,priya.thompson.4960@example.com,Singapore,2024-04-06,Premium,4429.62
4961,Ava Garcia,ava.garcia.4961@example.com,Canada,2024-11-22,Basic,0.00
4962,Mateo Kim,mateo.kim.4962@example.com,Japan,2024-02-07,Basic,190.87
4963,Mia Nakamura,mia.nakamura.4963@example.com,Canada,2024-08-28,Standard,929.73
4964,Mia Martin,mia.martin.4964@example.com,India,2024-03-10,Premium,3666.95
4965,Sofia Williams,sofia.williams.4965@example.com,Canada,2024-02-28,Basic,0.00
4966,Ava Ahmed,ava.ahmed.4966@example.com,Germany,2024-05-28,Basic,259.19
4967,Samuel Thompson,samuel.thompson.4967@example.com,France,2024-05-27,Standard,703.30
4968,Leo Kim,leo.kim.4968@example.com,United Arab Emirates,2024-08-16,Premium,5443.40
4969,Oliver Singh,oliver.singh.4969@example.com,Japan,2024-11-10,Basic,0.00
4970,Omar Martin,omar.martin.4970@example.com,France,2024-06-15,Basic,173.74
4971,Aisha Martin,aisha.martin.4971@example.com,Germany,2024-04-06,Standard,988.34
4972,Liam Nguyen,liam.nguyen.4972@example.com,Australia,2024-10-15,Premium,5032.61
4973,Isabella Patel,isabella.patel.4973@example.com,France,2024-06-17,Basic,0.00
4974,Noah Singh,noah.singh.4974@example.com,India,2024-06-10,Basic,154.02
4975,Lucas Kim,lucas.kim.4975@example.com,Germany,2024-12-30,Standard,880.11
4976,Nora Santos,nora.santos.4976@example.com,Canada,2024-05-11,Premium,4224.16
4977,Olivia Williams,olivia.williams.4977@example.com,Canada,2024-05-10,Basic,0.00
4978,Sofia Nakamura,sofia.nakamura.4978@example.com,Germany,2024-11-02,Basic,10.02
4979,Mateo Thompson,mateo.thompson.4979@example.com,United Arab Emirates,2024-03-15,Standard,705.63
4980,Nora Nakamura,nora.nakamura.4980@example.com,India,2024-05-16,Premium,2249.85
4981,Arjun Wilson,arjun.wilson.4981@example.com,Canada,2024-10-08,Basic,0.00
4982,Ethan Bennett,ethan.bennett.4982@example.com,Australia,2024-11-11,Basic,282.60
4983,Oliver Dubois,oliver.dubois.4983@example.com,Canada,2024-03-09,Standard,647.58
4984,Hugo Kim,hugo.kim.4984@example.com,United States,2025-01-01,Premium,3720.59
4985,Oliver Singh,oliver.singh.4985@example.com,United Kingdom,2024-12-07,Basic,0.00
4986,Chloe Anderson,chloe.anderson.4986@example.com,United States,2024-06-10,Basic,86.65
4987,Isabella Khan,isabella.khan.4987@example.com,United States,2024-08-16,Standard,923.91
4988,Mateo Anderson,mateo.anderson.4988@example.com,France,2024-11-06,Premium,1412.43
4989,Aisha Chen,aisha.chen.4989@example.com,Germany,2024-12-16,Basic,0.00
4990,Arjun Santos,arjun.santos.4990@example.com,Australia,2024-07-06,Basic,171.70
4991,Amelia Singh,,United Kingdom,2024-10-21,Standard,913.95
4992,Olivia Dubois,olivia.dubois.4992@example.com,Japan,2024-09-30,Premium,4347.03
4993,Aisha Wilson,aisha.wilson.4993@example.com,Singapore,2024-03-06,Basic,0.00
4994,Leo Kim,,Canada,2024-06-22,Basic,20.01
4995,Mia Patel,mia.patel.4995@example.com,France,2024-06-13,Standard,917.59
4996,Mia Taylor,mia.taylor.4996@example.com,United States,2024-10-30,Premium,3759.03
4997,Ava Nguyen,ava.nguyen.4997@example.com,France,2025-01-18,Basic,0.00
4998,Olivia Thompson,olivia.thompson.4998@example.com,United Arab Emirates,2024-12-14,Basic,235.26
4999,Ava Nakamura,ava.nakamura.4999@example.com,Singapore,2024-03-26,Standard,729.87
5000,Amelia Santos,amelia.santos.5000@example.com,Australia,2024-12-26,Premium,2204.76
5001,Mateo Williams,mateo.williams.5001@example.com,Canada,2024-11-01,Basic,0.00
5002,Nora Ahmed,nora.ahmed.5002@example.com,Singapore,2025-01-04,Basic,55.58
5003,Mia Nguyen,mia.nguyen.5003@example.com,India,2024-12-15,Standard,906.72
5004,Hana Rossi,hana.rossi.5004@example.com,India,2024-11-27,Premium,2233.76
5005,Aisha Ahmed,aisha.ahmed.5005@example.com,Canada,2025-01-19,Basic,0.00
5006,Mateo Singh,mateo.singh.5006@example.com,Germany,2024-07-11,Basic,213.09
5007,Hugo Rossi,hugo.rossi.5007@example.com,Canada,2024-10-03,Standard,980.43
5008,Liam Patel,liam.patel.5008@example.com,Japan,2025-01-14,Premium,2256.14
5009,Sofia Patel,sofia.patel.5009@example.com,India,2024-05-30,Basic,0.00
5010,Noah Garcia,noah.garcia.5010@example.com,United Arab Emirates,2024-11-03,Basic,28.77
5011,Samuel Dubois,samuel.dubois.5011@example.com,Germany,2024-04-30,Standard,800.60
5012,Mia Chen,mia.chen.5012@example.com,Australia,2024-11-12,Premium,4069.12
5013,Zoe Anderson,zoe.anderson.5013@example.com,United Arab Emirates,2024-09-18,Basic,0.00
5014,Ethan Ahmed,ethan.ahmed.5014@example.com,Australia,2024-06-01,Basic,167.97
5015,Hana Williams,hana.williams.5015@example.com,Canada,2024-03-29,Standard,979.20
5016,Zoe Nguyen,zoe.nguyen.5016@example.com,Japan,2024-02-16,Premium,4092.46
5017,Chloe Martin,chloe.martin.5017@example.com,United Arab Emirates,2024-05-18,Basic,0.00
5018,Ethan Ahmed,ethan.ahmed.5018@example.com,Singapore,2024-02-26,Basic,57.31
5019,Priya Rossi,priya.rossi.5019@example.com,Singapore,2024-05-19,Standard,969.79
5020,Ethan Chen,ethan.chen.5020@example.com,United Kingdom,2024-02-23,Premium,3223.50
5021,Liam Bennett,liam.bennett.5021@example.com,Canada,2024-05-28,Basic,0.00
5022,Ethan Bennett,ethan.bennett.5022@example.com,United States,2024-03-04,Basic,77.59
5023,Priya Ahmed,priya.ahmed.5023@example.com,India,2024-09-24,Standard,832.99
5024,Leo Dubois,leo.dubois.5024@example.com,United Kingdom,2024-02-24,Premium,3338.42
5025,Amelia Ahmed,amelia.ahmed.5025@example.com,United Arab Emirates,2025-01-09,Basic,0.00
5026,Oliver Thompson,oliver.thompson.5026@example.com,India,2024-04-03,Basic,144.68
5027,Amelia Nguyen,amelia.nguyen.5027@example.com,United Kingdom,2024-07-01,Standard,912.03
5028,Ava Kim,ava.kim.5028@example.com,India,2024-03-19,Premium,3452.33
5029,Lucas Singh,lucas.singh.5029@example.com,Australia,2024-11-10,Basic,0.00
5030,Lucas Santos,lucas.santos.5030@example.com,Australia,2024-12-25,Basic,144.62
5031,Olivia Rossi,olivia.rossi.5031@example.com,Singapore,2024-02-25,Standard,749.25
5032,Hugo Patel,hugo.patel.5032@example.com,India,2024-11-08,Premium,3218.54
5033,Zoe Chen,zoe.chen.5033@example.com,Australia,2024-07-11,Basic,0.00
5034,Lucas Taylor,lucas.taylor.5034@example.com,United Arab Emirates,2024-07-11,Basic,171.70
5035,Daniel Williams,daniel.williams.5035@example.com,United States,2024-02-02,Standard,899.61
5036,Ava Bennett,ava.bennett.5036@example.com,Japan,2024-08-25,Premium,2868.43
5037,Ethan Bennett,ethan.bennett.5037@example.com,France,2024-06-22,Basic,0.00
5038,Isabella Rossi,isabella.rossi.5038@example.com,India,2024-09-12,Basic,142.37
5039,Olivia Santos,olivia.santos.5039@example.com,United States,2025-01-18,Standard,998.54
5040,Noah Taylor,noah.taylor.5040@example.com,India,2025-01-08,Premium,2613.37
5041,Chloe Taylor,chloe.taylor.5041@example.com,Germany,2024-03-19,Basic,0.00
5042,Olivia Bennett,olivia.bennett.5042@example.com,India,2024-08-08,Basic,15.20
5043,Lucas Garcia,lucas.garcia.5043@example.com,United Kingdom,2025-01-26,Standard,930.98
5044,Arjun Wilson,arjun.wilson.5044@example.com,United States,2024-09-16,Premium,5322.54
5045,Oliver Santos,oliver.santos.5045@example.com,United Kingdom,2024-08-23,Basic,0.00
5046,Mateo Rossi,mateo.rossi.5046@example.com,Germany,2024-12-13,Basic,116.81
5047,Hugo Singh,hugo.singh.5047@example.com,Singapore,2024-12-11,Standard,859.48
5048,Amelia Kim,amelia.kim.5048@example.com,Singapore,2024-05-10,Premium,3623.79
5049,Leo Taylor,leo.taylor.5049@example.com,Singapore,2024-05-14,Basic,0.00
5050,Lucas Nguyen,lucas.nguyen.5050@example.com,Canada,2024-08-12,Basic,111.29
5051,Oliver Rossi,oliver.rossi.5051@example.com,United Arab Emirates,2024-12-15,Standard,980.42
5052,Chloe Martin,chloe.martin.5052@example.com,India,2024-12-07,Premium,6680.08
5053,Nora Bennett,nora.bennett.5053@example.com,Singapore,2024-05-30,Basic,0.00
5054,Oliver Taylor,oliver.taylor.5054@example.com,Singapore,2024-11-11,Basic,237.50
5055,Aisha Rossi,aisha.rossi.5055@example.com,United Kingdom,2024-09-29,Standard,960.47
5056,Aisha Thompson,aisha.thompson.5056@example.com,United Arab Emirates,2024-03-09,Premium,5069.80
5057,Omar Bennett,omar.bennett.5057@example.com,France,2024-11-29,Basic,0.00
5058,Leo Martin,leo.martin.5058@example.com,France,2024-09-20,Basic,121.26
5059,Olivia Rossi,olivia.rossi.5059@example.com,Japan,2024-08-12,Standard,582.96
5060,Amelia Clarke,amelia.clarke.5060@example.com,Australia,2024-04-05,Premium,2405.88
5061,Amelia Garcia,amelia.garcia.5061@example.com,Canada,2024-09-08,Basic,0.00
5062,Priya Kim,priya.kim.5062@example.com,Japan,2024-12-20,Basic,264.54
5063,Aisha Rossi,aisha.rossi.5063@example.com,Singapore,2024-05-06,Standard,964.96
5064,Chloe Bennett,chloe.bennett.5064@example.com,Germany,2024-03-12,Premium,3763.75
5065,Oliver Bennett,oliver.bennett.5065@example.com,United Arab Emirates,2024-08-07,Basic,0.00
5066,Sofia Garcia,sofia.garcia.5066@example.com,Japan,2024-08-03,Basic,294.71
5067,Isabella Ahmed,isabella.ahmed.5067@example.com,France,2024-04-01,Standard,963.62
5068,Nora Thompson,nora.thompson.5068@example.com,Japan,2024-06-28,Premium,3894.29
5069,Priya Garcia,priya.garcia.5069@example.com,Canada,2024-10-07,Basic,0.00
5070,Lucas Dubois,lucas.dubois.5070@example.com,United Arab Emirates,2024-05-05,Basic,68.53
5071,Olivia Williams,olivia.williams.5071@example.com,Singapore,2025-01-10,Standard,872.93
5072,Zoe Nguyen,zoe.nguyen.5072@example.com,Canada,2024-06-23,Premium,3363.23
5073,Olivia Clarke,olivia.clarke.5073@example.com,United Arab Emirates,2024-08-25,Basic,0.00
5074,Sofia Taylor,sofia.taylor.5074@example.com,Germany,2024-05-01,Basic,114.21
5075,Ethan Chen,ethan.chen.5075@example.com,United Arab Emirates,2024-10-02,Standard,899.90
5076,Isabella Ahmed,isabella.ahmed.5076@example.com,United Arab Emirates,2024-03-10,Premium,1676.90
5077,Nora Singh,nora.singh.5077@example.com,Germany,2024-08-06,Basic,0.00
5078,Mia Chen,mia.chen.5078@example.com,United Kingdom,2024-11-10,Basic,238.11
5079,Omar Wilson,omar.wilson.5079@example.com,France,2024-10-06,Standard,993.92
5080,Noah Santos,noah.santos.5080@example.com,India,2024-10-16,Premium,4625.44
5081,Sofia Bennett,sofia.bennett.5081@example.com,United Arab Emirates,2024-04-13,Basic,0.00
5082,Sofia Kim,sofia.kim.5082@example.com,Japan,2024-02-01,Basic,90.24
5083,Priya Rossi,priya.rossi.5083@example.com,United States,2024-02-26,Standard,729.21
5084,Olivia Dubois,olivia.dubois.5084@example.com,Australia,2025-01-26,Premium,4910.52
5085,Isabella Taylor,isabella.taylor.5085@example.com,Germany,2024-02-28,Basic,0.00
5086,Nora Martin,nora.martin.5086@example.com,Australia,2024-04-10,Basic,195.56
5087,Mia Thompson,mia.thompson.5087@example.com,Canada,2024-10-15,Standard,712.31
5088,Ethan Nguyen,ethan.nguyen.5088@example.com,United Arab Emirates,2024-07-17,Premium,9766.34
5089,Samuel Patel,samuel.patel.5089@example.com,United States,2024-03-01,Basic,0.00
5090,Olivia Thompson,olivia.thompson.5090@example.com,Singapore,2024-12-30,Basic,295.73
5091,Aisha Martin,aisha.martin.5091@example.com,Canada,2025-01-18,Standard,951.82
5092,Mia Nakamura,mia.nakamura.5092@example.com,Australia,2024-03-18,Premium,1907.77
5093,Sofia Taylor,sofia.taylor.5093@example.com,United Kingdom,2024-08-18,Basic,0.00
5094,Oliver Kim,oliver.kim.5094@example.com,United States,2024-10-04,Basic,101.87
5095,Olivia Singh,olivia.singh.5095@example.com,France,2024-11-14,Standard,820.34
5096,Zoe Singh,zoe.singh.5096@example.com,United Kingdom,2024-03-31,Premium,5747.62
5097,Hana Kim,hana.kim.5097@example.com,United States,2024-12-09,Basic,0.00
5098,Ethan Nakamura,ethan.nakamura.5098@example.com,United Kingdom,2025-01-02,Basic,116.81
5099,Olivia Santos,olivia.santos.5099@example.com,Canada,2024-09-06,Standard,669.41
5100,Olivia Singh,olivia.singh.5100@example.com,France,2024-05-27,Premium,3958.15
5101,Nora Singh,nora.singh.5101@example.com,United Arab Emirates,2024-04-10,Basic,0.00
5102,Ava Singh,ava.singh.5102@example.com,United States,2024-09-24,Basic,200.79
5103,Olivia Taylor,olivia.taylor.5103@example.com,United Arab Emirates,2024-07-10,Standard,960.87
5104,Daniel Bennett,daniel.bennett.5104@example.com,United States,2024-10-05,Premium,4019.18
5105,Mia Garcia,mia.garcia.5105@example.com,Singapore,2024-11-20,Basic,0.00
5106,Lucas Nguyen,lucas.nguyen.5106@example.com,France,2025-01-23,Basic,68.53
5107,Lucas Anderson,lucas.anderson.5107@example.com,Canada,2024-11-17,Standard,974.52
5108,Aisha Nakamura,aisha.nakamura.5108@example.com,India,2024-11-30,Premium,2409.04
5109,Oliver Rossi,oliver.rossi.5109@example.com,Australia,2024-08-30,Basic,0.00
5110,Omar Chen,omar.chen.5110@example.com,United Arab Emirates,2024-06-11,Basic,15.41
5111,Mia Thompson,mia.thompson.5111@example.com,United Kingdom,2024-08-30,Standard,986.48
5112,Samuel Garcia,samuel.garcia.5112@example.com,United Arab Emirates,2024-10-21,Premium,2678.61
5113,Sofia Thompson,sofia.thompson.5113@example.com,Australia,2024-07-09,Basic,0.00
5114,Oliver Garcia,oliver.garcia.5114@example.com,Australia,2024-03-08,Basic,217.24
5115,Noah Patel,noah.patel.5115@example.com,France,2024-02-24,Standard,940.69
5116,Sofia Kim,sofia.kim.5116@example.com,Singapore,2025-01-05,Premium,3048.14
5117,Mateo Dubois,mateo.dubois.5117@example.com,Australia,2025-01-16,Basic,0.00
5118,Ethan Garcia,ethan.garcia.5118@example.com,Japan,2024-07-01,Basic,118.23
5119,Ava Kim,ava.kim.5119@example.com,Japan,2024-06-11,Standard,974.00
5120,Aisha Anderson,aisha.anderson.5120@example.com,France,2024-04-18,Premium,4348.88
5121,Leo Ahmed,leo.ahmed.5121@example.com,United States,2024-08-26,Basic,0.00
5122,Mia Nguyen,mia.nguyen.5122@example.com,India,2024-02-20,Basic,292.70
5123,Samuel Taylor,samuel.taylor.5123@example.com,Japan,2024-05-10,Standard,852.25
5124,Hana Nguyen,hana.nguyen.5124@example.com,Australia,2024-06-08,Premium,6967.60
5125,Lucas Nguyen,lucas.nguyen.5125@example.com,Singapore,2024-05-10,Basic,0.00
5126,Oliver Wilson,oliver.wilson.5126@example.com,Canada,2024-07-12,Basic,245.72
5127,Arjun Dubois,arjun.dubois.5127@example.com,Germany,2024-08-26,Standard,916.85
5128,Sofia Nguyen,sofia.nguyen.5128@example.com,United States,2024-07-19,Premium,4664.19
5129,Isabella Singh,isabella.singh.5129@example.com,Japan,2024-09-15,Basic,0.00
5130,Mia Singh,mia.singh.5130@example.com,India,2024-08-03,Basic,129.33
5131,Nora Clarke,nora.clarke.5131@example.com,France,2024-07-30,Standard,805.51
5132,Olivia Kim,olivia.kim.5132@example.com,India,2024-04-22,Premium,4998.79
5133,Ava Rossi,ava.rossi.5133@example.com,Canada,2024-02-05,Basic,0.00
5134,Mateo Singh,mateo.singh.5134@example.com,Singapore,2024-07-20,Basic,234.79
5135,Isabella Williams,isabella.williams.5135@example.com,United States,2024-10-10,Standard,930.37
5136,Zoe Wilson,zoe.wilson.5136@example.com,United States,2025-01-07,Premium,4513.57
5137,Mateo Williams,mateo.williams.5137@example.com,Australia,2024-03-23,Basic,0.00
5138,Olivia Williams,olivia.williams.5138@example.com,Japan,2024-10-17,Basic,20.01
5139,Chloe Williams,chloe.williams.5139@example.com,United Arab Emirates,2025-01-17,Standard,425.09
5140,Amelia Chen,amelia.chen.5140@example.com,France,2024-07-01,Premium,2813.99
5141,Priya Nakamura,priya.nakamura.5141@example.com,India,2024-02-28,Basic,0.00
5142,Daniel Martin,daniel.martin.5142@example.com,Canada,2024-12-21,Basic,264.69
5143,Amelia Dubois,amelia.dubois.5143@example.com,United Arab Emirates,2024-08-08,Standard,872.38
5144,Arjun Santos,arjun.santos.5144@example.com,Germany,2025-01-23,Premium,3643.00
5145,Olivia Martin,olivia.martin.5145@example.com,United States,2024-03-14,Basic,0.00
5146,Daniel Chen,daniel.chen.5146@example.com,Canada,2024-09-12,Basic,26.52
5147,Isabella Rossi,isabella.rossi.5147@example.com,France,2024-03-02,Standard,952.37
5148,Amelia Martin,amelia.martin.5148@example.com,India,2025-01-24,Premium,2492.23
5149,Noah Garcia,noah.garcia.5149@example.com,France,2024-03-28,Basic,0.00
5150,Isabella Khan,isabella.khan.5150@example.com,Canada,2024-07-27,Basic,136.26
5151,Zoe Rossi,zoe.rossi.5151@example.com,Germany,2024-09-13,Standard,867.73
5152,Zoe Clarke,zoe.clarke.5152@example.com,France,2024-02-17,Premium,4047.62
5153,Nora Wilson,nora.wilson.5153@example.com,United States,2024-10-10,Basic,0.00
5154,Liam Nakamura,liam.nakamura.5154@example.com,Australia,2024-04-07,Basic,292.19
5155,Nora Clarke,nora.clarke.5155@example.com,Singapore,2024-02-26,Standard,776.28
5156,Omar Rossi,omar.rossi.5156@example.com,France,2024-12-26,Premium,3596.26
5157,Amelia Anderson,amelia.anderson.5157@example.com,United Kingdom,2024-02-25,Basic,0.00
5158,Amelia Dubois,amelia.dubois.5158@example.com,Germany,2025-01-12,Basic,235.26
5159,Mateo Khan,mateo.khan.5159@example.com,Germany,2024-02-07,Standard,982.13
5160,Ava Rossi,ava.rossi.5160@example.com,United Kingdom,2024-02-02,Premium,2980.01
5161,Mia Kim,mia.kim.5161@example.com,Canada,2024-02-17,Basic,0.00
5162,Ava Taylor,ava.taylor.5162@example.com,United States,2024-10-17,Basic,264.23
5163,Mateo Wilson,mateo.wilson.5163@example.com,United Kingdom,2024-03-08,Standard,989.44
5164,Oliver Wilson,oliver.wilson.5164@example.com,United Arab Emirates,2024-03-20,Premium,4792.60
5165,Arjun Santos,arjun.santos.5165@example.com,United Arab Emirates,2024-12-12,Basic,0.00
5166,Ethan Nguyen,ethan.nguyen.5166@example.com,France,2024-07-27,Basic,264.72
5167,Arjun Kim,arjun.kim.5167@example.com,United Arab Emirates,2024-07-24,Standard,991.32
5168,Sofia Singh,sofia.singh.5168@example.com,France,2024-08-17,Premium,5335.75
5169,Olivia Singh,olivia.singh.5169@example.com,United States,2024-08-27,Basic,0.00
5170,Hugo Rossi,hugo.rossi.5170@example.com,United Arab Emirates,2024-02-07,Basic,55.93
5171,Zoe Bennett,zoe.bennett.5171@example.com,India,2024-11-19,Standard,838.05
5172,Leo Nguyen,leo.nguyen.5172@example.com,United States,2024-03-09,Premium,6249.21
5173,Oliver Dubois,,Japan,2024-10-02,Basic,0.00
5174,Mia Singh,mia.singh.5174@example.com,Australia,2024-10-03,Basic,170.62
5175,Aisha Patel,aisha.patel.5175@example.com,Canada,2024-05-22,Standard,711.57
5176,Daniel Khan,daniel.khan.5176@example.com,United Arab Emirates,2024-06-27,Premium,3360.64
5177,Lucas Rossi,lucas.rossi.5177@example.com,France,2024-05-26,Basic,0.00
5178,Amelia Bennett,amelia.bennett.5178@example.com,India,2024-10-09,Basic,129.03
5179,Nora Dubois,,Canada,2024-07-21,Standard,717.57
5180,Isabella Bennett,isabella.bennett.5180@example.com,Australia,2024-04-23,Premium,8486.76
5181,Zoe Kim,zoe.kim.5181@example.com,United States,2024-03-09,Basic,0.00
5182,Hugo Khan,hugo.khan.5182@example.com,India,2024-07-10,Basic,232.40
5183,Mia Chen,mia.chen.5183@example.com,India,2024-05-05,Standard,858.05
5184,Lucas Williams,lucas.williams.5184@example.com,Japan,2024-11-02,Premium,5350.87
5185,Mia Martin,mia.martin.5185@example.com,United Arab Emirates,2024-03-03,Basic,0.00
5186,Zoe Martin,zoe.martin.5186@example.com,United Arab Emirates,2025-01-25,Basic,253.43
5187,Sofia Anderson,sofia.anderson.5187@example.com,Australia,2024-07-07,Standard,704.11
5188,Isabella Williams,isabella.williams.5188@example.com,United Kingdom,2024-02-08,Premium,6291.69
5189,Samuel Singh,samuel.singh.5189@example.com,United Arab Emirates,2024-02-21,Basic,0.00
5190,Zoe Taylor,zoe.taylor.5190@example.com,United States,2024-08-01,Basic,285.26
5191,Arjun Bennett,arjun.bennett.5191@example.com,Singapore,2024-11-11,Standard,971.73
5192,Leo Ahmed,leo.ahmed.5192@example.com,Germany,2024-06-04,Premium,1926.90
5193,Amelia Chen,amelia.chen.5193@example.com,United Kingdom,2024-03-17,Basic,0.00
5194,Chloe Dubois,chloe.dubois.5194@example.com,Japan,2024-05-23,Basic,115.99
5195,Sofia Clarke,sofia.clarke.5195@example.com,United States,2024-06-24,Standard,936.03
5196,Daniel Santos,daniel.santos.5196@example.com,Japan,2024-07-21,Premium,2277.60
5197,Hana Nguyen,hana.nguyen.5197@example.com,Singapore,2024-09-18,Basic,0.00
5198,Isabella Rossi,isabella.rossi.5198@example.com,Canada,2024-03-16,Basic,142.37
5199,Ethan Rossi,ethan.rossi.5199@example.com,United Arab Emirates,2024-09-04,Standard,771.91
5200,Lucas Martin,lucas.martin.5200@example.com,India,2024-02-24,Premium,2920.73
5201,Arjun Anderson,arjun.anderson.5201@example.com,India,2025-01-09,Basic,0.00
5202,Ethan Bennett,ethan.bennett.5202@example.com,Canada,2024-09-22,Basic,245.72
5203,Omar Kim,omar.kim.5203@example.com,Singapore,2024-05-06,Standard,823.59
5204,Olivia Patel,olivia.patel.5204@example.com,Japan,2024-09-25,Premium,5569.22
5205,Amelia Clarke,amelia.clarke.5205@example.com,Canada,2024-02-01,Basic,0.00
5206,Nora Williams,nora.williams.5206@example.com,United Kingdom,2024-07-26,Basic,145.38
5207,Ethan Anderson,ethan.anderson.5207@example.com,Singapore,2024-02-04,Standard,769.57
5208,Ethan Khan,ethan.khan.5208@example.com,India,2025-01-24,Premium,2493.26
5209,Ethan Williams,ethan.williams.5209@example.com,United Arab Emirates,2025-01-04,Basic,0.00
5210,Ethan Garcia,ethan.garcia.5210@example.com,France,2024-10-26,Basic,173.88
5211,Liam Ahmed,liam.ahmed.5211@example.com,United Arab Emirates,2024-10-08,Standard,735.47
5212,Samuel Bennett,samuel.bennett.5212@example.com,France,2024-11-16,Premium,3555.33
5213,Liam Taylor,liam.taylor.5213@example.com,United Kingdom,2024-03-29,Basic,0.00
5214,Aisha Taylor,aisha.taylor.5214@example.com,Australia,2024-11-01,Basic,51.78
5215,Omar Santos,omar.santos.5215@example.com,Singapore,2024-11-08,Standard,883.52
5216,Olivia Rossi,olivia.rossi.5216@example.com,France,2024-11-18,Premium,5576.33
5217,Samuel Nakamura,samuel.nakamura.5217@example.com,Japan,2024-04-26,Basic,0.00
5218,Priya Williams,priya.williams.5218@example.com,India,2024-11-11,Basic,26.52
5219,Aisha Singh,aisha.singh.5219@example.com,United States,2024-07-23,Standard,887.75
5220,Arjun Thompson,arjun.thompson.5220@example.com,Singapore,2025-01-24,Premium,3892.38
5221,Mateo Khan,mateo.khan.5221@example.com,United Kingdom,2024-11-07,Basic,0.00
5222,Chloe Clarke,chloe.clarke.5222@example.com,Canada,2024-10-18,Basic,295.73
5223,Hana Thompson,hana.thompson.5223@example.com,Canada,2024-10-18,Standard,463.91
5224,Mia Santos,mia.santos.5224@example.com,Germany,2024-02-28,Premium,1759.54
5225,Daniel Williams,daniel.williams.5225@example.com,Singapore,2024-04-11,Basic,0.00
5226,Ethan Thompson,ethan.thompson.5226@example.com,Canada,2024-02-01,Basic,273.94
5227,Noah Martin,noah.martin.5227@example.com,Singapore,2024-05-20,Standard,915.80
5228,Mateo Wilson,mateo.wilson.5228@example.com,Singapore,2024-04-06,Premium,1771.61
5229,Zoe Anderson,zoe.anderson.5229@example.com,Canada,2025-01-05,Basic,0.00
5230,Sofia Singh,sofia.singh.5230@example.com,Germany,2024-03-17,Basic,41.02
5231,Mia Patel,mia.patel.5231@example.com,Japan,2024-06-22,Standard,972.44
5232,Zoe Khan,zoe.khan.5232@example.com,Canada,2024-10-26,Premium,3308.76
5233,Samuel Williams,samuel.williams.5233@example.com,United Kingdom,2024-09-03,Basic,0.00
5234,Omar Rossi,omar.rossi.5234@example.com,United Arab Emirates,2025-01-29,Basic,109.76
5235,Ava Bennett,ava.bennett.5235@example.com,Canada,2024-12-18,Standard,949.81
5236,Samuel Bennett,samuel.bennett.5236@example.com,Canada,2024-02-19,Premium,2689.38
5237,Zoe Khan,zoe.khan.5237@example.com,United States,2024-06-21,Basic,0.00
5238,Priya Chen,priya.chen.5238@example.com,Australia,2024-04-08,Basic,215.69
5239,Sofia Nakamura,sofia.nakamura.5239@example.com,Japan,2024-08-02,Standard,833.96
5240,Sofia Williams,sofia.williams.5240@example.com,Australia,2024-08-09,Premium,5087.96
5241,Priya Khan,priya.khan.5241@example.com,United States,2024-04-07,Basic,0.00
5242,Aisha Garcia,aisha.garcia.5242@example.com,India,2024-07-21,Basic,182.79
5243,Noah Taylor,noah.taylor.5243@example.com,Germany,2024-08-21,Standard,757.34
5244,Ava Bennett,ava.bennett.5244@example.com,United States,2024-07-26,Premium,5549.29
5245,Priya Clarke,priya.clarke.5245@example.com,Australia,2024-09-13,Basic,0.00
5246,Nora Nakamura,nora.nakamura.5246@example.com,France,2024-08-22,Basic,155.59
5247,Hana Williams,hana.williams.5247@example.com,United Arab Emirates,2024-11-02,Standard,928.43
5248,Arjun Chen,arjun.chen.5248@example.com,United Kingdom,2025-01-16,Premium,2799.27
5249,Amelia Martin,amelia.martin.5249@example.com,United Arab Emirates,2024-03-17,Basic,0.00
5250,Leo Garcia,leo.garcia.5250@example.com,Japan,2024-07-02,Basic,177.38
5251,Chloe Clarke,chloe.clarke.5251@example.com,United States,2024-04-22,Standard,907.14
5252,Hana Ahmed,hana.ahmed.5252@example.com,Australia,2024-04-02,Premium,3289.78
5253,Amelia Patel,amelia.patel.5253@example.com,Australia,2024-11-04,Basic,0.00
5254,Mia Garcia,mia.garcia.5254@example.com,United Arab Emirates,2024-08-17,Basic,207.54
5255,Chloe Martin,chloe.martin.5255@example.com,Canada,2024-11-17,Standard,968.85
5256,Olivia Khan,olivia.khan.5256@example.com,United Kingdom,2024-09-02,Premium,3420.69
5257,Hugo Bennett,hugo.bennett.5257@example.com,Singapore,2024-02-29,Basic,0.00
5258,Omar Dubois,omar.dubois.5258@example.com,Singapore,2024-08-07,Basic,213.30
5259,Leo Dubois,leo.dubois.5259@example.com,Japan,2024-02-21,Standard,932.64
5260,Chloe Anderson,chloe.anderson.5260@example.com,India,2024-04-19,Premium,2537.98
5261,Olivia Rossi,olivia.rossi.5261@example.com,Singapore,2024-08-20,Basic,0.00
5262,Omar Kim,omar.kim.5262@example.com,United States,2024-07-05,Basic,99.00
5263,Hana Wilson,hana.wilson.5263@example.com,Germany,2024-07-03,Standard,978.73
5264,Zoe Singh,zoe.singh.5264@example.com,Japan,2024-09-08,Premium,2282.03
5265,Chloe Khan,chloe.khan.5265@example.com,Germany,2024-12-06,Basic,0.00
5266,Ava Anderson,ava.anderson.5266@example.com,United Arab Emirates,2024-09-01,Basic,15.72
5267,Omar Bennett,omar.bennett.5267@example.com,Germany,2024-12-28,Standard,882.35
5268,Mateo Dubois,mateo.dubois.5268@example.com,Canada,2024-09-20,Premium,3269.68
5269,Ava Chen,ava.chen.5269@example.com,Canada,2024-08-16,Basic,0.00
5270,Sofia Taylor,sofia.taylor.5270@example.com,United Kingdom,2024-03-17,Basic,52.41
5271,Lucas Chen,lucas.chen.5271@example.com,Germany,2024-05-21,Standard,832.04
5272,Leo Chen,leo.chen.5272@example.com,France,2025-01-01,Premium,2473.63
5273,Oliver Santos,oliver.santos.5273@example.com,Germany,2025-01-10,Basic,0.00
5274,Sofia Williams,sofia.williams.5274@example.com,Singapore,2024-10-20,Basic,278.19
5275,Zoe Singh,zoe.singh.5275@example.com,Singapore,2024-10-10,Standard,903.76
5276,Mateo Clarke,mateo.clarke.5276@example.com,United Kingdom,2024-12-15,Premium,5709.21
5277,Leo Chen,leo.chen.5277@example.com,Australia,2024-07-09,Basic,0.00
5278,Priya Garcia,priya.garcia.5278@example.com,United Arab Emirates,2024-11-19,Basic,216.49
5279,Daniel Dubois,daniel.dubois.5279@example.com,Germany,2024-05-23,Standard,939.82
5280,Ava Nguyen,ava.nguyen.5280@example.com,France,2024-06-02,Premium,2264.14
5281,Sofia Wilson,sofia.wilson.5281@example.com,Japan,2024-05-06,Basic,0.00
5282,Omar Singh,omar.singh.5282@example.com,France,2024-10-30,Basic,27.17
5283,Arjun Anderson,arjun.anderson.5283@example.com,Australia,2024-06-13,Standard,942.26
5284,Ava Singh,ava.singh.5284@example.com,Australia,2024-03-11,Premium,5913.05
5285,Olivia Kim,olivia.kim.5285@example.com,Singapore,2024-10-13,Basic,0.00
5286,Chloe Bennett,chloe.bennett.5286@example.com,France,2024-06-16,Basic,286.34
5287,Omar Nakamura,omar.nakamura.5287@example.com,India,2025-01-19,Standard,805.91
5288,Hana Patel,hana.patel.5288@example.com,Japan,2024-07-19,Premium,2425.66
5289,Nora Dubois,nora.dubois.5289@example.com,United Arab Emirates,2025-01-30,Basic,0.00
5290,Samuel Patel,samuel.patel.5290@example.com,France,2024-05-13,Basic,21.64
5291,Omar Anderson,omar.anderson.5291@example.com,India,2024-08-08,Standard,34.97
5292,Hana Thompson,,Germany,2024-08-20,Premium,202.10
5293,Chloe Clarke,chloe.clarke.5293@example.com,Singapore,2024-08-14,Basic,0.00
5294,Olivia Taylor,olivia.taylor.5294@example.com,Australia,2024-06-23,Basic,77.59
5295,Sofia Garcia,sofia.garcia.5295@example.com,Canada,2024-07-25,Standard,785.81
5296,Lucas Kim,lucas.kim.5296@example.com,United States,2024-11-01,Premium,3118.41
5297,Priya Bennett,priya.bennett.5297@example.com,United Arab Emirates,2024-07-20,Basic,0.00
5298,Mateo Wilson,mateo.wilson.5298@example.com,Singapore,2024-03-16,Basic,182.13
5299,Isabella Martin,isabella.martin.5299@example.com,India,2024-12-02,Standard,811.64
5300,Sofia Santos,sofia.santos.5300@example.com,France,2024-11-21,Premium,2431.07
5301,Chloe Dubois,chloe.dubois.5301@example.com,Germany,2024-09-16,Basic,0.00
5302,Ethan Williams,ethan.williams.5302@example.com,Australia,2024-02-07,Basic,148.98
5303,Nora Patel,nora.patel.5303@example.com,Canada,2024-06-02,Standard,996.13
5304,Omar Rossi,omar.rossi.5304@example.com,United Kingdom,2024-06-16,Premium,3216.31
5305,Ethan Dubois,ethan.dubois.5305@example.com,United Kingdom,2024-06-26,Basic,0.00
5306,Noah Patel,noah.patel.5306@example.com,Singapore,2024-11-25,Basic,217.95
5307,Ava Anderson,ava.anderson.5307@example.com,Canada,2024-08-31,Standard,951.90
5308,Liam Wilson,liam.wilson.5308@example.com,France,2024-07-08,Premium,2571.70
5309,Ava Singh,ava.singh.5309@example.com,Japan,2024-11-17,Basic,0.00
5310,Leo Anderson,leo.anderson.5310@example.com,Japan,2024-05-26,Basic,294.71
5311,Liam Bennett,liam.bennett.5311@example.com,United States,2024-10-31,Standard,276.71
5312,Zoe Williams,zoe.williams.5312@example.com,Japan,2024-10-29,Premium,3999.48
5313,Omar Martin,omar.martin.5313@example.com,Canada,2024-04-02,Basic,0.00
5314,Olivia Kim,olivia.kim.5314@example.com,Singapore,2024-09-16,Basic,46.82
5315,Olivia Nguyen,olivia.nguyen.5315@example.com,Germany,2024-07-12,Standard,648.05
5316,Ethan Khan,ethan.khan.5316@example.com,France,2025-01-02,Premium,3157.71
5317,Mia Martin,mia.martin.5317@example.com,India,2024-10-16,Basic,0.00
5318,Nora Patel,nora.patel.5318@example.com,Germany,2025-01-14,Basic,251.34
5319,Zoe Thompson,zoe.thompson.5319@example.com,United States,2024-03-29,Standard,907.46
5320,Hugo Khan,hugo.khan.5320@example.com,Canada,2024-12-28,Premium,4602.81
5321,Daniel Bennett,daniel.bennett.5321@example.com,Singapore,2024-08-29,Basic,0.00
5322,Isabella Chen,isabella.chen.5322@example.com,Australia,2024-09-15,Basic,190.87
5323,Nora Nakamura,nora.nakamura.5323@example.com,Canada,2024-11-22,Standard,950.34
5324,Leo Dubois,leo.dubois.5324@example.com,France,2024-08-27,Premium,3282.44
5325,Ava Khan,ava.khan.5325@example.com,Japan,2024-02-02,Basic,0.00
5326,Liam Patel,liam.patel.5326@example.com,United States,2024-12-27,Basic,81.53
5327,Noah Kim,noah.kim.5327@example.com,Canada,2024-09-12,Standard,929.27
5328,Oliver Garcia,oliver.garcia.5328@example.com,United States,2024-08-07,Premium,2966.29
5329,Isabella Ahmed,isabella.ahmed.5329@example.com,United States,2024-02-19,Basic,0.00
5330,Amelia Chen,amelia.chen.5330@example.com,Japan,2025-01-15,Basic,284.10
5331,Ethan Chen,ethan.chen.5331@example.com,United Kingdom,2024-07-08,Standard,935.48
5332,Ethan Santos,ethan.santos.5332@example.com,Japan,2025-01-05,Premium,3410.53
5333,Ava Williams,ava.williams.5333@example.com,India,2024-02-14,Basic,0.00
5334,Mateo Wilson,mateo.wilson.5334@example.com,Australia,2024-11-20,Basic,255.47
5335,Priya Williams,priya.williams.5335@example.com,Australia,2024-08-22,Standard,968.56
5336,Aisha Garcia,aisha.garcia.5336@example.com,Japan,2024-04-25,Premium,4819.56
5337,Noah Khan,noah.khan.5337@example.com,United Kingdom,2024-05-12,Basic,0.00
5338,Chloe Clarke,chloe.clarke.5338@example.com,France,2024-07-29,Basic,81.61
5339,Priya Chen,priya.chen.5339@example.com,Singapore,2024-08-19,Standard,707.30
5340,Ethan Bennett,ethan.bennett.5340@example.com,United Arab Emirates,2024-12-27,Premium,2411.43
5341,Ethan Rossi,ethan.rossi.5341@example.com,Japan,2024-06-06,Basic,0.00
5342,Omar Chen,omar.chen.5342@example.com,France,2024-12-12,Basic,129.33
5343,Omar Khan,omar.khan.5343@example.com,Australia,2024-04-16,Standard,958.07
5344,Ethan Chen,ethan.chen.5344@example.com,Japan,2024-05-27,Premium,3808.36
5345,Priya Clarke,priya.clarke.5345@example.com,Australia,2024-10-25,Basic,0.00
5346,Mateo Clarke,mateo.clarke.5346@example.com,Canada,2024-02-01,Basic,260.86
5347,Lucas Kim,lucas.kim.5347@example.com,Japan,2025-01-19,Standard,869.34
5348,Priya Anderson,priya.anderson.5348@example.com,France,2024-05-26,Premium,4663.89
5349,Sofia Anderson,sofia.anderson.5349@example.com,India,2024-09-06,Basic,0.00
5350,Olivia Ahmed,olivia.ahmed.5350@example.com,France,2024-02-18,Basic,287.06
5351,Hugo Dubois,hugo.dubois.5351@example.com,United Kingdom,2024-02-26,Standard,926.59
5352,Oliver Nakamura,oliver.nakamura.5352@example.com,United States,2024-10-19,Premium,3654.77
5353,Ethan Dubois,ethan.dubois.5353@example.com,United Arab Emirates,2024-10-12,Basic,0.00
5354,Liam Ahmed,liam.ahmed.5354@example.com,Canada,2024-05-13,Basic,195.95
5355,Chloe Singh,chloe.singh.5355@example.com,United Kingdom,2024-02-08,Standard,497.79
5356,Hugo Williams,hugo.williams.5356@example.com,Canada,2024-08-21,Premium,2211.11
5357,Liam Kim,liam.kim.5357@example.com,Singapore,2024-05-24,Basic,0.00
5358,Oliver Nguyen,oliver.nguyen.5358@example.com,Canada,2025-01-27,Basic,116.70
5359,Olivia Thompson,olivia.thompson.5359@example.com,India,2025-01-28,Standard,868.19
5360,Mia Nguyen,mia.nguyen.5360@example.com,Germany,2024-08-25,Premium,5701.71
5361,Hugo Khan,hugo.khan.5361@example.com,France,2024-09-14,Basic,0.00
5362,Mia Chen,mia.chen.5362@example.com,Canada,2024-05-18,Basic,290.87
5363,Ava Chen,ava.chen.5363@example.com,Canada,2024-04-23,Standard,735.41
5364,Priya Ahmed,priya.ahmed.5364@example.com,United States,2024-12-21,Premium,4406.55
5365,Liam Clarke,liam.clarke.5365@example.com,Germany,2024-06-09,Basic,0.00
5366,Sofia Kim,sofia.kim.5366@example.com,Singapore,2025-01-09,Basic,296.00
5367,Samuel Rossi,samuel.rossi.5367@example.com,Canada,2025-01-06,Standard,952.66
5368,Daniel Martin,daniel.martin.5368@example.com,Canada,2024-07-31,Premium,3447.33
5369,Chloe Singh,chloe.singh.5369@example.com,India,2024-05-04,Basic,0.00
5370,Mateo Santos,mateo.santos.5370@example.com,Australia,2024-08-09,Basic,255.47
5371,Zoe Singh,zoe.singh.5371@example.com,India,2024-06-04,Standard,998.23
5372,Zoe Thompson,zoe.thompson.5372@example.com,Australia,2024-03-06,Premium,4616.23
5373,Zoe Williams,zoe.williams.5373@example.com,Singapore,2024-02-29,Basic,0.00
5374,Mia Dubois,mia.dubois.5374@example.com,Japan,2024-06-21,Basic,172.88
5375,Liam Anderson,liam.anderson.5375@example.com,United States,2024-10-06,Standard,605.42
5376,Daniel Santos,daniel.santos.5376@example.com,Australia,2024-11-13,Premium,6337.68
5377,Lucas Williams,lucas.williams.5377@example.com,Singapore,2024-07-15,Basic,0.00
5378,Sofia Bennett,sofia.bennett.5378@example.com,United Kingdom,2024-05-23,Basic,94.16
5379,Chloe Martin,chloe.martin.5379@example.com,India,2025-01-04,Standard,845.03
5380,Noah Ahmed,noah.ahmed.5380@example.com,Germany,2025-01-05,Premium,6669.81
5381,Chloe Anderson,chloe.anderson.5381@example.com,United Arab Emirates,2024-09-30,Basic,0.00
5382,Daniel Kim,daniel.kim.5382@example.com,India,2024-03-04,Basic,22.09
5383,Isabella Patel,isabella.patel.5383@example.com,Japan,2024-02-24,Standard,968.20
5384,Omar Santos,omar.santos.5384@example.com,Germany,2024-11-18,Premium,2928.28
5385,Olivia Martin,olivia.martin.5385@example.com,United Kingdom,2024-08-07,Basic,0.00
5386,Olivia Taylor,olivia.taylor.5386@example.com,Germany,2024-03-08,Basic,259.97
5387,Olivia Rossi,olivia.rossi.5387@example.com,France,2024-07-18,Standard,975.41
5388,Leo Patel,leo.patel.5388@example.com,United States,2024-11-18,Premium,2626.79
5389,Daniel Garcia,daniel.garcia.5389@example.com,United Arab Emirates,2024-08-11,Basic,0.00
5390,Hana Khan,hana.khan.5390@example.com,United Arab Emirates,2024-07-14,Basic,217.84
5391,Nora Nguyen,nora.nguyen.5391@example.com,Japan,2024-08-02,Standard,847.53
5392,Ethan Singh,ethan.singh.5392@example.com,Japan,2024-02-01,Premium,6131.81
5393,Sofia Bennett,sofia.bennett.5393@example.com,Germany,2024-04-27,Basic,0.00
5394,Leo Martin,leo.martin.5394@example.com,United States,2024-03-08,Basic,274.79
5395,Mateo Thompson,mateo.thompson.5395@example.com,United Kingdom,2024-04-10,Standard,583.33
5396,Samuel Garcia,samuel.garcia.5396@example.com,Canada,2024-07-07,Premium,3156.27
5397,Olivia Khan,olivia.khan.5397@example.com,United Arab Emirates,2024-06-04,Basic,0.00
5398,Priya Taylor,priya.taylor.5398@example.com,United Arab Emirates,2024-08-25,Basic,28.91
5399,Nora Nguyen,nora.nguyen.5399@example.com,United Arab Emirates,2024-12-28,Standard,995.41
5400,Nora Dubois,nora.dubois.5400@example.com,United States,2024-11-16,Premium,2030.52
5401,Aisha Thompson,aisha.thompson.5401@example.com,Australia,2024-03-09,Basic,0.00
5402,Ethan Taylor,ethan.taylor.5402@example.com,Japan,2024-10-05,Basic,216.49
5403,Arjun Garcia,arjun.garcia.5403@example.com,United Arab Emirates,2024-05-05,Standard,901.21
5404,Sofia Nakamura,sofia.nakamura.5404@example.com,India,2025-01-11,Premium,4283.34
5405,Amelia Nakamura,amelia.nakamura.5405@example.com,France,2025-01-22,Basic,0.00
5406,Hana Ahmed,hana.ahmed.5406@example.com,Singapore,2024-12-15,Basic,217.84
5407,Hugo Nguyen,hugo.nguyen.5407@example.com,India,2024-07-30,Standard,964.38
5408,Arjun Khan,arjun.khan.5408@example.com,United Arab Emirates,2025-01-23,Premium,4599.77
5409,Priya Wilson,priya.wilson.5409@example.com,Australia,2024-03-31,Basic,0.00
5410,Mateo Garcia,mateo.garcia.5410@example.com,India,2024-07-18,Basic,235.65
5411,Lucas Khan,lucas.khan.5411@example.com,United States,2024-10-20,Standard,785.79
5412,Daniel Rossi,daniel.rossi.5412@example.com,France,2024-05-04,Premium,1849.78
5413,Arjun Williams,arjun.williams.5413@example.com,Canada,2024-02-24,Basic,0.00
5414,Ethan Williams,ethan.williams.5414@example.com,United Arab Emirates,2024-03-07,Basic,62.02
5415,Omar Bennett,omar.bennett.5415@example.com,France,2024-10-06,Standard,643.80
5416,Chloe Patel,chloe.patel.5416@example.com,Germany,2024-11-15,Premium,4354.47
5417,Zoe Nakamura,zoe.nakamura.5417@example.com,Germany,2024-10-03,Basic,0.00
5418,Amelia Singh,amelia.singh.5418@example.com,United States,2024-04-12,Basic,15.72
5419,Leo Nguyen,leo.nguyen.5419@example.com,Japan,2024-08-21,Standard,639.77
5420,Lucas Wilson,lucas.wilson.5420@example.com,Singapore,2025-01-06,Premium,2379.18
5421,Leo Thompson,leo.thompson.5421@example.com,India,2024-07-02,Basic,0.00
5422,Hana Nakamura,,United Arab Emirates,2024-09-18,Basic,479.94
5423,Lucas Garcia,lucas.garcia.5423@example.com,India,2024-05-14,Standard,735.16
5424,Chloe Kim,chloe.kim.5424@example.com,India,2025-01-19,Premium,3485.04
5425,Noah Patel,noah.patel.5425@example.com,France,2024-02-17,Basic,0.00
5426,Amelia Taylor,amelia.taylor.5426@example.com,Australia,2024-07-30,Basic,102.83
5427,Isabella Anderson,isabella.anderson.5427@example.com,Japan,2024-05-12,Standard,750.69
5428,Noah Rossi,noah.rossi.5428@example.com,India,2024-06-19,Premium,1382.44
5429,Hana Taylor,hana.taylor.5429@example.com,United Arab Emirates,2024-05-06,Basic,0.00
5430,Nora Nakamura,nora.nakamura.5430@example.com,United Kingdom,2024-03-28,Basic,108.06
5431,Zoe Rossi,zoe.rossi.5431@example.com,France,2024-04-11,Standard,561.69
5432,Hana Dubois,hana.dubois.5432@example.com,Australia,2024-07-14,Premium,2908.92
5433,Ava Singh,ava.singh.5433@example.com,France,2024-11-30,Basic,0.00
5434,Nora Bennett,nora.bennett.5434@example.com,Canada,2024-08-07,Basic,163.25
5435,Omar Williams,omar.williams.5435@example.com,Canada,2024-10-28,Standard,983.17
5436,Ethan Nakamura,ethan.nakamura.5436@example.com,India,2025-01-11,Premium,2685.13
5437,Ava Taylor,ava.taylor.5437@example.com,Germany,2024-05-31,Basic,0.00
5438,Olivia Santos,olivia.santos.5438@example.com,United Arab Emirates,2024-06-28,Basic,30.28
5439,Aisha Clarke,aisha.clarke.5439@example.com,Singapore,2024-11-18,Standard,979.84
5440,Isabella Clarke,isabella.clarke.5440@example.com,India,2024-07-28,Premium,3965.26
5441,Lucas Taylor,lucas.taylor.5441@example.com,India,2024-06-06,Basic,0.00
5442,Lucas Santos,lucas.santos.5442@example.com,Germany,2024-06-29,Basic,80.77
5443,Samuel Anderson,samuel.anderson.5443@example.com,Germany,2025-01-29,Standard,676.39
5444,Mia Garcia,mia.garcia.5444@example.com,Germany,2024-12-10,Premium,2256.29
5445,Liam Dubois,liam.dubois.5445@example.com,United Arab Emirates,2024-12-05,Basic,0.00
5446,Hana Anderson,hana.anderson.5446@example.com,United Arab Emirates,2024-06-04,Basic,217.24
5447,Priya Patel,priya.patel.5447@example.com,Germany,2024-11-23,Standard,355.03
5448,Nora Wilson,nora.wilson.5448@example.com,Australia,2024-11-21,Premium,4809.68
5449,Mia Taylor,mia.taylor.5449@example.com,Germany,2024-02-09,Basic,0.00
5450,Aisha Nguyen,aisha.nguyen.5450@example.com,Canada,2024-04-15,Basic,247.80
5451,Arjun Singh,arjun.singh.5451@example.com,United Arab Emirates,2024-07-18,Standard,973.18
5452,Aisha Taylor,aisha.taylor.5452@example.com,Canada,2024-12-06,Premium,6208.29
5453,Samuel Thompson,samuel.thompson.5453@example.com,Australia,2024-11-21,Basic,0.00
5454,Daniel Nguyen,daniel.nguyen.5454@example.com,Singapore,2024-11-25,Basic,77.61
5455,Mia Williams,mia.williams.5455@example.com,Australia,2024-04-21,Standard,930.36
5456,Liam Bennett,liam.bennett.5456@example.com,United Arab Emirates,2024-09-16,Premium,2617.40
5457,Sofia Singh,sofia.singh.5457@example.com,Canada,2024-03-30,Basic,0.00
5458,Hugo Singh,hugo.singh.5458@example.com,Japan,2024-07-17,Basic,284.45
5459,Lucas Ahmed,lucas.ahmed.5459@example.com,France,2024-05-09,Standard,780.08
5460,Lucas Taylor,lucas.taylor.5460@example.com,France,2024-07-22,Premium,4270.50
5461,Hugo Rossi,hugo.rossi.5461@example.com,Canada,2024-04-05,Basic,0.00
5462,Noah Anderson,noah.anderson.5462@example.com,United States,2024-02-22,Basic,30.38
5463,Lucas Patel,lucas.patel.5463@example.com,United Arab Emirates,2024-09-09,Standard,946.05
5464,Lucas Dubois,lucas.dubois.5464@example.com,United Kingdom,2024-04-16,Premium,3182.61
5465,Samuel Clarke,samuel.clarke.5465@example.com,Australia,2024-11-17,Basic,0.00
5466,Noah Bennett,noah.bennett.5466@example.com,Canada,2024-08-01,Basic,117.98
5467,Liam Chen,liam.chen.5467@example.com,United Kingdom,2024-05-15,Standard,937.74
5468,Samuel Nakamura,samuel.nakamura.5468@example.com,France,2024-08-20,Premium,3893.19
5469,Omar Ahmed,omar.ahmed.5469@example.com,United Arab Emirates,2024-08-19,Basic,0.00
5470,Ava Santos,ava.santos.5470@example.com,United Arab Emirates,2024-07-22,Basic,126.57
5471,Zoe Thompson,zoe.thompson.5471@example.com,United States,2024-11-11,Standard,737.14
5472,Leo Garcia,leo.garcia.5472@example.com,United Arab Emirates,2024-12-09,Premium,3556.00
5473,Ava Garcia,ava.garcia.5473@example.com,Germany,2025-01-27,Basic,0.00
5474,Omar Nguyen,omar.nguyen.5474@example.com,Germany,2024-05-07,Basic,186.54
5475,Mia Santos,mia.santos.5475@example.com,India,2024-08-17,Standard,631.57
5476,Arjun Garcia,arjun.garcia.5476@example.com,United Kingdom,2024-05-25,Premium,1705.78
5477,Oliver Nguyen,oliver.nguyen.5477@example.com,France,2024-02-25,Basic,0.00
5478,Ava Wilson,,Canada,2024-05-08,Basic,222.32
5479,Leo Martin,leo.martin.5479@example.com,Canada,2024-02-18,Standard,801.71
5480,Arjun Khan,arjun.khan.5480@example.com,Germany,2024-09-22,Premium,2547.50
5481,Lucas Martin,lucas.martin.5481@example.com,Germany,2024-08-27,Basic,0.00
5482,Ava Williams,ava.williams.5482@example.com,United States,2024-07-04,Basic,34.53
5483,Arjun Nakamura,arjun.nakamura.5483@example.com,United Arab Emirates,2024-08-31,Standard,823.78
5484,Aisha Dubois,aisha.dubois.5484@example.com,Singapore,2024-02-15,Premium,4208.30
5485,Noah Nguyen,noah.nguyen.5485@example.com,France,2025-01-29,Basic,0.00
5486,Priya Chen,priya.chen.5486@example.com,United Arab Emirates,2024-06-23,Basic,200.96
5487,Chloe Rossi,chloe.rossi.5487@example.com,United States,2024-04-19,Standard,280.05
5488,Zoe Garcia,zoe.garcia.5488@example.com,Japan,2024-09-12,Premium,3639.50
5489,Lucas Garcia,lucas.garcia.5489@example.com,Japan,2024-06-14,Basic,0.00
5490,Ava Singh,ava.singh.5490@example.com,Germany,2024-05-17,Basic,94.43
5491,Isabella Singh,isabella.singh.5491@example.com,Canada,2024-05-27,Standard,880.56
5492,Oliver Kim,oliver.kim.5492@example.com,United States,2024-04-24,Premium,4408.63
5493,Ethan Nguyen,ethan.nguyen.5493@example.com,United Arab Emirates,2024-06-23,Basic,0.00
5494,Leo Dubois,leo.dubois.5494@example.com,France,2024-05-03,Basic,101.87
5495,Nora Santos,nora.santos.5495@example.com,Canada,2024-05-12,Standard,964.61
5496,Ava Chen,ava.chen.5496@example.com,Singapore,2024-04-19,Premium,1879.15
5497,Mateo Anderson,mateo.anderson.5497@example.com,United States,2024-04-10,Basic,0.00
5498,Amelia Chen,amelia.chen.5498@example.com,France,2024-08-24,Basic,126.57
5499,Hana Williams,hana.williams.5499@example.com,Australia,2024-05-15,Standard,965.52
5500,Amelia Anderson,amelia.anderson.5500@example.com,United States,2024-05-23,Premium,4047.77
5501,Ava Patel,ava.patel.5501@example.com,India,2024-09-27,Basic,0.00
5502,Nora Garcia,nora.garcia.5502@example.com,United Kingdom,2025-01-09,Basic,287.38
5503,Leo Nakamura,leo.nakamura.5503@example.com,France,2024-02-06,Standard,849.79
5504,Nora Taylor,nora.taylor.5504@example.com,Canada,2024-10-02,Premium,2808.67
5505,Mateo Clarke,mateo.clarke.5505@example.com,France,2024-07-11,Basic,0.00
5506,Arjun Singh,arjun.singh.5506@example.com,Canada,2024-06-22,Basic,115.93
5507,Zoe Kim,zoe.kim.5507@example.com,Australia,2024-02-29,Standard,753.24
5508,Olivia Martin,olivia.martin.5508@example.com,Australia,2024-11-24,Premium,1521.61
5509,Oliver Patel,oliver.patel.5509@example.com,Japan,2024-04-28,Basic,0.00
5510,Arjun Bennett,arjun.bennett.5510@example.com,Australia,2024-06-18,Basic,118.23
5511,Priya Chen,priya.chen.5511@example.com,United States,2024-04-06,Standard,353.17
5512,Oliver Wilson,oliver.wilson.5512@example.com,Japan,2024-03-06,Premium,6345.00
5513,Hana Bennett,hana.bennett.5513@example.com,United Kingdom,2024-09-20,Basic,0.00
5514,Priya Martin,priya.martin.5514@example.com,Canada,2025-01-04,Basic,296.00
5515,Sofia Wilson,sofia.wilson.5515@example.com,United States,2024-08-10,Standard,877.52
5516,Noah Nakamura,noah.nakamura.5516@example.com,India,2024-06-12,Premium,4442.58
5517,Daniel Nguyen,daniel.nguyen.5517@example.com,Japan,2024-03-24,Basic,0.00
5518,Hugo Thompson,hugo.thompson.5518@example.com,France,2024-06-13,Basic,291.45
5519,Leo Williams,leo.williams.5519@example.com,United Arab Emirates,2024-12-04,Standard,918.88
5520,Ethan Patel,ethan.patel.5520@example.com,United States,2024-08-16,Premium,1859.43
5521,Omar Nguyen,omar.nguyen.5521@example.com,Australia,2024-11-01,Basic,0.00
5522,Nora Chen,nora.chen.5522@example.com,Japan,2024-12-19,Basic,272.67
5523,Sofia Santos,sofia.santos.5523@example.com,Singapore,2024-03-04,Standard,724.04
5524,Ethan Chen,ethan.chen.5524@example.com,France,2024-12-03,Premium,3522.58
5525,Noah Rossi,noah.rossi.5525@example.com,France,2024-08-16,Basic,0.00
5526,Chloe Nguyen,chloe.nguyen.5526@example.com,Germany,2025-01-30,Basic,174.77
5527,Mia Ahmed,mia.ahmed.5527@example.com,Canada,2024-06-06,Standard,971.58
5528,Hugo Anderson,hugo.anderson.5528@example.com,Australia,2024-09-19,Premium,5758.65
5529,Hana Garcia,hana.garcia.5529@example.com,Canada,2024-03-23,Basic,0.00
5530,Sofia Garcia,sofia.garcia.5530@example.com,United Kingdom,2024-02-25,Basic,148.98
5531,Liam Ahmed,liam.ahmed.5531@example.com,Japan,2024-10-20,Standard,932.02
5532,Noah Anderson,noah.anderson.5532@example.com,France,2025-01-18,Premium,3384.45
5533,Oliver Taylor,oliver.taylor.5533@example.com,United Arab Emirates,2024-02-26,Basic,0.00
5534,Daniel Garcia,daniel.garcia.5534@example.com,Japan,2024-02-26,Basic,198.09
5535,Hugo Wilson,hugo.wilson.5535@example.com,United States,2024-12-19,Standard,916.38
5536,Arjun Clarke,arjun.clarke.5536@example.com,Canada,2024-07-30,Premium,2563.37
5537,Liam Rossi,liam.rossi.5537@example.com,United Arab Emirates,2024-12-13,Basic,0.00
5538,Mia Kim,mia.kim.5538@example.com,Canada,2024-12-03,Basic,22.09
5539,Isabella Williams,isabella.williams.5539@example.com,Japan,2024-03-24,Standard,981.60
5540,Ethan Martin,ethan.martin.5540@example.com,Canada,2024-10-10,Premium,6292.97
5541,Chloe Patel,chloe.patel.5541@example.com,Australia,2024-05-23,Basic,0.00
5542,Oliver Nakamura,oliver.nakamura.5542@example.com,Canada,2024-04-24,Basic,52.07
5543,Amelia Kim,amelia.kim.5543@example.com,Germany,2024-04-17,Standard,786.10
5544,Sofia Williams,sofia.williams.5544@example.com,India,2024-05-01,Premium,1734.81
5545,Chloe Santos,chloe.santos.5545@example.com,Germany,2024-11-29,Basic,0.00
5546,Zoe Dubois,zoe.dubois.5546@example.com,Australia,2024-05-10,Basic,233.87
5547,Samuel Bennett,samuel.bennett.5547@example.com,Singapore,2024-05-11,Standard,974.65
5548,Ava Wilson,ava.wilson.5548@example.com,Germany,2024-07-04,Premium,7711.61
5549,Nora Bennett,nora.bennett.5549@example.com,Germany,2024-10-15,Basic,0.00
5550,Aisha Thompson,aisha.thompson.5550@example.com,Singapore,2024-12-03,Basic,217.24
5551,Hana Santos,hana.santos.5551@example.com,United States,2024-06-18,Standard,921.57
5552,Nora Bennett,nora.bennett.5552@example.com,Canada,2024-02-06,Premium,3615.60
5553,Omar Clarke,omar.clarke.5553@example.com,India,2024-10-17,Basic,0.00
5554,Daniel Kim,daniel.kim.5554@example.com,United Kingdom,2024-12-10,Basic,55.93
5555,Isabella Khan,isabella.khan.5555@example.com,Japan,2024-10-12,Standard,935.02
5556,Mia Clarke,mia.clarke.5556@example.com,Canada,2024-08-22,Premium,4159.44
5557,Leo Khan,leo.khan.5557@example.com,Canada,2024-12-03,Basic,0.00
5558,Samuel Santos,samuel.santos.5558@example.com,India,2024-05-30,Basic,270.91
5559,Mia Martin,mia.martin.5559@example.com,Japan,2024-10-12,Standard,724.81
5560,Hugo Santos,hugo.santos.5560@example.com,Canada,2024-04-22,Premium,5557.21
5561,Omar Rossi,omar.rossi.5561@example.com,Canada,2024-02-09,Basic,0.00
5562,Leo Garcia,leo.garcia.5562@example.com,India,2024-07-28,Basic,46.82
5563,Oliver Garcia,oliver.garcia.5563@example.com,Canada,2024-12-06,Standard,737.92
5564,Sofia Bennett,sofia.bennett.5564@example.com,France,2024-11-20,Premium,5148.84
5565,Samuel Martin,samuel.martin.5565@example.com,Canada,2024-11-30,Basic,0.00
5566,Lucas Williams,lucas.williams.5566@example.com,United Kingdom,2024-07-15,Basic,268.79
5567,Leo Khan,leo.khan.5567@example.com,United States,2024-04-18,Standard,969.87
5568,Hana Santos,hana.santos.5568@example.com,France,2025-01-06,Premium,5821.02
5569,Priya Rossi,priya.rossi.5569@example.com,India,2024-05-30,Basic,0.00
5570,Leo Anderson,leo.anderson.5570@example.com,Japan,2025-01-08,Basic,231.20
5571,Samuel Chen,samuel.chen.5571@example.com,India,2024-04-29,Standard,998.85
5572,Mateo Wilson,mateo.wilson.5572@example.com,Canada,2024-02-22,Premium,4615.33
5573,Leo Dubois,leo.dubois.5573@example.com,United Kingdom,2024-07-21,Basic,0.00
5574,Daniel Patel,daniel.patel.5574@example.com,United Arab Emirates,2024-10-21,Basic,230.89
5575,Amelia Nguyen,amelia.nguyen.5575@example.com,France,2024-03-21,Standard,831.48
5576,Ava Khan,ava.khan.5576@example.com,United Kingdom,2024-05-25,Premium,6336.61
5577,Zoe Nguyen,zoe.nguyen.5577@example.com,United States,2024-02-23,Basic,0.00
5578,Mia Rossi,mia.rossi.5578@example.com,Singapore,2024-05-25,Basic,36.69
5579,Priya Martin,priya.martin.5579@example.com,United Kingdom,2024-12-25,Standard,937.23
5580,Olivia Martin,olivia.martin.5580@example.com,Canada,2024-03-20,Premium,6006.78
5581,Ethan Garcia,ethan.garcia.5581@example.com,France,2024-07-01,Basic,0.00
5582,Aisha Williams,aisha.williams.5582@example.com,France,2024-11-02,Basic,55.93
5583,Sofia Taylor,sofia.taylor.5583@example.com,Singapore,2024-09-01,Standard,886.90
5584,Oliver Thompson,oliver.thompson.5584@example.com,India,2024-07-02,Premium,1645.41
5585,Amelia Williams,amelia.williams.5585@example.com,United Arab Emirates,2024-03-28,Basic,0.00
5586,Aisha Santos,aisha.santos.5586@example.com,Germany,2024-11-11,Basic,178.85
5587,Oliver Singh,oliver.singh.5587@example.com,India,2024-07-08,Standard,943.42
5588,Lucas Chen,lucas.chen.5588@example.com,United States,2024-02-22,Premium,4391.34
5589,Chloe Martin,chloe.martin.5589@example.com,United Arab Emirates,2024-10-15,Basic,0.00
5590,Hugo Nakamura,hugo.nakamura.5590@example.com,Singapore,2024-10-03,Basic,247.80
5591,Arjun Santos,arjun.santos.5591@example.com,Singapore,2024-07-17,Standard,885.64
5592,Samuel Dubois,samuel.dubois.5592@example.com,India,2024-06-24,Premium,3132.81
5593,Chloe Wilson,chloe.wilson.5593@example.com,United Kingdom,2024-12-02,Basic,0.00
5594,Leo Chen,leo.chen.5594@example.com,Australia,2024-07-01,Basic,198.79
5595,Daniel Martin,daniel.martin.5595@example.com,United Kingdom,2024-12-09,Standard,823.69
5596,Sofia Taylor,sofia.taylor.5596@example.com,Canada,2024-05-02,Premium,7215.52
5597,Olivia Khan,olivia.khan.5597@example.com,Canada,2024-02-09,Basic,0.00
5598,Lucas Garcia,lucas.garcia.5598@example.com,United States,2024-06-25,Basic,291.99
5599,Ethan Clarke,ethan.clarke.5599@example.com,Germany,2024-10-30,Standard,871.45
5600,Ava Williams,ava.williams.5600@example.com,Germany,2024-10-06,Premium,2726.23
5601,Aisha Rossi,aisha.rossi.5601@example.com,United Kingdom,2024-03-18,Basic,0.00
5602,Hugo Clarke,hugo.clarke.5602@example.com,Japan,2024-04-19,Basic,33.05
5603,Leo Rossi,leo.rossi.5603@example.com,United Arab Emirates,2024-12-01,Standard,944.62
5604,Mateo Patel,mateo.patel.5604@example.com,United Arab Emirates,2025-01-19,Premium,2731.58
5605,Aisha Williams,aisha.williams.5605@example.com,Canada,2024-10-21,Basic,0.00
5606,Priya Khan,priya.khan.5606@example.com,United Kingdom,2024-11-08,Basic,234.76
5607,Amelia Singh,amelia.singh.5607@example.com,Australia,2024-09-09,Standard,987.90
5608,Leo Taylor,leo.taylor.5608@example.com,United States,2025-01-18,Premium,1890.29
5609,Samuel Martin,samuel.martin.5609@example.com,United States,2024-03-03,Basic,0.00
5610,Amelia Kim,amelia.kim.5610@example.com,Australia,2024-04-23,Basic,190.87
5611,Oliver Santos,oliver.santos.5611@example.com,Australia,2024-11-05,Standard,996.70
5612,Chloe Khan,chloe.khan.5612@example.com,United Kingdom,2024-02-02,Premium,3076.94
5613,Isabella Singh,isabella.singh.5613@example.com,France,2024-05-02,Basic,0.00
5614,Mia Anderson,mia.anderson.5614@example.com,Singapore,2024-05-31,Basic,165.83
5615,Oliver Bennett,oliver.bennett.5615@example.com,France,2024-11-10,Standard,997.20
5616,Priya Martin,priya.martin.5616@example.com,India,2024-12-12,Premium,2353.92
5617,Ethan Rossi,ethan.rossi.5617@example.com,United Arab Emirates,2024-03-03,Basic,0.00
5618,Noah Nakamura,noah.nakamura.5618@example.com,India,2024-10-31,Basic,257.67
5619,Priya Taylor,priya.taylor.5619@example.com,Canada,2024-09-22,Standard,990.31
5620,Leo Anderson,leo.anderson.5620@example.com,Australia,2024-05-01,Premium,4494.93
5621,Oliver Khan,oliver.khan.5621@example.com,Singapore,2024-12-09,Basic,0.00
5622,Chloe Khan,chloe.khan.5622@example.com,Australia,2024-10-05,Basic,19.44
5623,Leo Garcia,leo.garcia.5623@example.com,Singapore,2024-07-22,Standard,976.51
5624,Zoe Williams,zoe.williams.5624@example.com,Singapore,2024-08-25,Premium,2703.04
5625,Ethan Dubois,ethan.dubois.5625@example.com,Japan,2024-03-25,Basic,0.00
5626,Arjun Taylor,arjun.taylor.5626@example.com,Singapore,2024-07-06,Basic,55.93
5627,Liam Bennett,liam.bennett.5627@example.com,United Kingdom,2024-05-08,Standard,921.08
5628,Sofia Ahmed,sofia.ahmed.5628@example.com,Canada,2024-05-13,Premium,1104.30
5629,Arjun Clarke,arjun.clarke.5629@example.com,Canada,2024-03-22,Basic,0.00
5630,Daniel Nguyen,daniel.nguyen.5630@example.com,Singapore,2024-05-25,Basic,23.38
5631,Omar Martin,omar.martin.5631@example.com,Japan,2024-12-04,Standard,997.86
5632,Samuel Garcia,samuel.garcia.5632@example.com,Singapore,2024-10-02,Premium,3822.64
5633,Isabella Bennett,isabella.bennett.5633@example.com,India,2024-10-04,Basic,0.00
5634,Hugo Dubois,hugo.dubois.5634@example.com,United Kingdom,2024-12-30,Basic,255.47
5635,Noah Taylor,noah.taylor.5635@example.com,France,2024-11-24,Standard,936.90
5636,Ethan Bennett,ethan.bennett.5636@example.com,Singapore,2024-10-25,Premium,3687.89
5637,Liam Patel,liam.patel.5637@example.com,Australia,2024-03-10,Basic,0.00
5638,Mateo Chen,mateo.chen.5638@example.com,Japan,2024-12-07,Basic,243.09
5639,Nora Taylor,nora.taylor.5639@example.com,United Kingdom,2024-09-23,Standard,921.80
5640,Aisha Williams,aisha.williams.5640@example.com,France,2024-11-30,Premium,2528.86
5641,Leo Rossi,leo.rossi.5641@example.com,Singapore,2024-12-26,Basic,0.00
5642,Arjun Nguyen,arjun.nguyen.5642@example.com,Germany,2024-07-29,Basic,159.11
5643,Daniel Thompson,daniel.thompson.5643@example.com,Canada,2025-01-11,Standard,860.05
5644,Amelia Chen,amelia.chen.5644@example.com,India,2024-08-11,Premium,4902.30
5645,Omar Dubois,omar.dubois.5645@example.com,Singapore,2024-08-15,Basic,0.00
5646,Ethan Clarke,ethan.clarke.5646@example.com,France,2024-11-21,Basic,165.83
5647,Liam Chen,liam.chen.5647@example.com,France,2024-09-17,Standard,950.57
5648,Ava Wilson,ava.wilson.5648@example.com,United Arab Emirates,2024-10-17,Premium,2730.90
5649,Hana Rossi,hana.rossi.5649@example.com,Canada,2024-07-25,Basic,0.00
5650,Isabella Anderson,isabella.anderson.5650@example.com,United Arab Emirates,2024-06-19,Basic,81.28
5651,Daniel Taylor,daniel.taylor.5651@example.com,United States,2024-09-15,Standard,947.16
5652,Samuel Wilson,samuel.wilson.5652@example.com,Canada,2024-11-23,Premium,3904.35
5653,Mateo Bennett,mateo.bennett.5653@example.com,Japan,2024-06-17,Basic,0.00
5654,Zoe Thompson,zoe.thompson.5654@example.com,Canada,2024-12-13,Basic,154.97
5655,Leo Taylor,leo.taylor.5655@example.com,United Arab Emirates,2024-07-05,Standard,992.85
5656,Olivia Nakamura,olivia.nakamura.5656@example.com,United Arab Emirates,2024-12-13,Premium,4037.55
5657,Chloe Thompson,chloe.thompson.5657@example.com,United States,2024-11-14,Basic,0.00
5658,Amelia Nguyen,amelia.nguyen.5658@example.com,United Arab Emirates,2024-09-22,Basic,58.94
5659,Lucas Thompson,lucas.thompson.5659@example.com,Germany,2024-11-13,Standard,908.02
5660,Omar Clarke,omar.clarke.5660@example.com,United Arab Emirates,2024-06-25,Premium,3919.40
5661,Chloe Patel,chloe.patel.5661@example.com,United Kingdom,2024-10-18,Basic,0.00
5662,Ava Clarke,ava.clarke.5662@example.com,Singapore,2024-07-04,Basic,30.38
5663,Liam Taylor,liam.taylor.5663@example.com,Japan,2024-06-04,Standard,620.75
5664,Lucas Nakamura,lucas.nakamura.5664@example.com,Singapore,2024-12-19,Premium,3837.54
5665,Isabella Khan,isabella.khan.5665@example.com,India,2024-11-24,Basic,0.00
5666,Oliver Nguyen,oliver.nguyen.5666@example.com,United Kingdom,2024-08-13,Basic,129.64
5667,Lucas Rossi,lucas.rossi.5667@example.com,Singapore,2024-02-15,Standard,890.17
5668,Mia Wilson,mia.wilson.5668@example.com,France,2024-02-06,Premium,3896.04
5669,Mateo Martin,mateo.martin.5669@example.com,Singapore,2024-08-20,Basic,0.00
5670,Amelia Santos,amelia.santos.5670@example.com,Canada,2024-04-01,Basic,268.64
5671,Noah Martin,noah.martin.5671@example.com,India,2024-04-12,Standard,950.63
5672,Nora Singh,nora.singh.5672@example.com,India,2024-08-23,Premium,2700.84
5673,Lucas Nguyen,lucas.nguyen.5673@example.com,United Arab Emirates,2024-03-03,Basic,0.00
5674,Amelia Nguyen,amelia.nguyen.5674@example.com,Canada,2024-06-18,Basic,27.74
5675,Oliver Patel,oliver.patel.5675@example.com,France,2024-10-24,Standard,948.42
5676,Liam Anderson,liam.anderson.5676@example.com,United States,2024-11-11,Premium,3391.10
5677,Oliver Rossi,oliver.rossi.5677@example.com,Singapore,2024-05-08,Basic,0.00
5678,Daniel Singh,daniel.singh.5678@example.com,France,2024-10-05,Basic,142.67
5679,Lucas Nguyen,lucas.nguyen.5679@example.com,Singapore,2024-06-01,Standard,934.21
5680,Mateo Clarke,mateo.clarke.5680@example.com,Japan,2024-06-14,Premium,3670.69
5681,Samuel Williams,samuel.williams.5681@example.com,Singapore,2024-07-27,Basic,0.00
5682,Leo Anderson,leo.anderson.5682@example.com,United States,2024-04-17,Basic,157.85
5683,Nora Kim,nora.kim.5683@example.com,United States,2024-02-25,Standard,587.54
5684,Amelia Khan,amelia.khan.5684@example.com,United States,2025-01-13,Premium,2374.72
5685,Omar Dubois,omar.dubois.5685@example.com,India,2024-03-24,Basic,0.00
5686,Hana Clarke,hana.clarke.5686@example.com,France,2024-12-27,Basic,126.55
5687,Ava Bennett,ava.bennett.5687@example.com,France,2024-08-17,Standard,971.26
5688,Lucas Williams,lucas.williams.5688@example.com,Singapore,2024-06-13,Premium,1594.44
5689,Hana Khan,hana.khan.5689@example.com,Japan,2024-11-04,Basic,0.00
5690,Daniel Wilson,daniel.wilson.5690@example.com,India,2024-09-17,Basic,295.36
5691,Hana Singh,hana.singh.5691@example.com,Singapore,2024-10-03,Standard,933.83
5692,Samuel Bennett,samuel.bennett.5692@example.com,United Kingdom,2024-10-29,Premium,3008.97
5693,Hugo Martin,hugo.martin.5693@example.com,India,2024-12-26,Basic,0.00
5694,Noah Bennett,noah.bennett.5694@example.com,United Kingdom,2024-12-20,Basic,264.72
5695,Ava Taylor,ava.taylor.5695@example.com,France,2025-01-18,Standard,931.68
5696,Liam Singh,liam.singh.5696@example.com,Australia,2024-06-18,Premium,4109.25
5697,Lucas Wilson,lucas.wilson.5697@example.com,Germany,2024-04-08,Basic,0.00
5698,Mateo Clarke,mateo.clarke.5698@example.com,United States,2024-08-20,Basic,250.08
5699,Hugo Patel,hugo.patel.5699@example.com,France,2024-09-04,Standard,936.01
5700,Oliver Dubois,oliver.dubois.5700@example.com,France,2024-04-25,Premium,3015.97
5701,Lucas Singh,lucas.singh.5701@example.com,India,2024-04-13,Basic,0.00
5702,Sofia Williams,sofia.williams.5702@example.com,France,2024-07-26,Basic,86.02
5703,Mateo Clarke,mateo.clarke.5703@example.com,India,2024-10-02,Standard,645.96
5704,Sofia Santos,sofia.santos.5704@example.com,India,2024-05-02,Premium,2364.53
5705,Ethan Martin,ethan.martin.5705@example.com,United Kingdom,2024-12-08,Basic,0.00
5706,Amelia Santos,amelia.santos.5706@example.com,Australia,2024-05-21,Basic,45.83
5707,Zoe Wilson,zoe.wilson.5707@example.com,Japan,2024-02-16,Standard,995.42
5708,Mia Thompson,mia.thompson.5708@example.com,Germany,2024-10-03,Premium,5207.64
5709,Chloe Wilson,chloe.wilson.5709@example.com,Singapore,2024-06-27,Basic,0.00
5710,Daniel Santos,daniel.santos.5710@example.com,France,2024-12-02,Basic,139.61
5711,Arjun Clarke,arjun.clarke.5711@example.com,India,2024-07-17,Standard,960.08
5712,Ethan Williams,ethan.williams.5712@example.com,Australia,2024-10-31,Premium,4659.65
5713,Arjun Santos,arjun.santos.5713@example.com,United States,2024-10-08,Basic,0.00
5714,Olivia Chen,olivia.chen.5714@example.com,Germany,2024-07-20,Basic,243.38
5715,Samuel Kim,samuel.kim.5715@example.com,Australia,2024-03-24,Standard,702.74
5716,Ethan Clarke,ethan.clarke.5716@example.com,United States,2024-02-02,Premium,4935.27
5717,Samuel Anderson,samuel.anderson.5717@example.com,India,2024-04-06,Basic,0.00
5718,Daniel Martin,daniel.martin.5718@example.com,United Kingdom,2024-03-06,Basic,149.90
5719,Priya Thompson,priya.thompson.5719@example.com,Australia,2024-12-24,Standard,988.25
5720,Sofia Nakamura,sofia.nakamura.5720@example.com,Japan,2024-04-21,Premium,3837.06
5721,Leo Patel,leo.patel.5721@example.com,Singapore,2024-12-25,Basic,0.00
5722,Oliver Anderson,oliver.anderson.5722@example.com,United Arab Emirates,2024-07-27,Basic,116.81
5723,Oliver Santos,oliver.santos.5723@example.com,France,2024-11-10,Standard,959.61
5724,Isabella Martin,isabella.martin.5724@example.com,Canada,2024-11-26,Premium,7662.06
5725,Daniel Wilson,daniel.wilson.5725@example.com,Canada,2025-01-14,Basic,0.00
5726,Omar Chen,omar.chen.5726@example.com,France,2024-03-23,Basic,261.45
5727,Chloe Williams,chloe.williams.5727@example.com,Singapore,2024-07-17,Standard,811.74
5728,Hugo Kim,hugo.kim.5728@example.com,United Arab Emirates,2024-03-15,Premium,4406.06
5729,Nora Garcia,nora.garcia.5729@example.com,United States,2024-07-22,Basic,0.00
5730,Noah Ahmed,noah.ahmed.5730@example.com,United States,2024-08-04,Basic,284.10
5731,Lucas Clarke,lucas.clarke.5731@example.com,United Kingdom,2024-06-12,Standard,980.36
5732,Nora Nakamura,nora.nakamura.5732@example.com,Germany,2024-06-17,Premium,2284.03
5733,Hugo Anderson,hugo.anderson.5733@example.com,France,2024-12-23,Basic,0.00
5734,Ava Kim,ava.kim.5734@example.com,Canada,2024-07-02,Basic,68.60
5735,Nora Ahmed,nora.ahmed.5735@example.com,Germany,2024-03-29,Standard,963.09
5736,Nora Williams,nora.williams.5736@example.com,France,2024-11-24,Premium,3057.98
5737,Lucas Rossi,lucas.rossi.5737@example.com,Japan,2024-05-13,Basic,0.00
5738,Mia Wilson,mia.wilson.5738@example.com,United Arab Emirates,2024-05-15,Basic,129.03
5739,Noah Santos,noah.santos.5739@example.com,Australia,2024-10-08,Standard,985.87
5740,Aisha Nguyen,aisha.nguyen.5740@example.com,United States,2024-05-24,Premium,5292.78
5741,Ava Williams,ava.williams.5741@example.com,Singapore,2024-05-22,Basic,0.00
5742,Leo Garcia,leo.garcia.5742@example.com,United Kingdom,2025-01-18,Basic,73.08
5743,Ava Anderson,ava.anderson.5743@example.com,Singapore,2024-12-04,Standard,618.88
5744,Ethan Taylor,ethan.taylor.5744@example.com,United States,2024-10-20,Premium,2199.17
5745,Hugo Ahmed,hugo.ahmed.5745@example.com,Singapore,2024-04-30,Basic,0.00
5746,Oliver Garcia,oliver.garcia.5746@example.com,France,2024-04-30,Basic,181.43
5747,Hugo Nguyen,hugo.nguyen.5747@example.com,Japan,2024-05-11,Standard,915.52
5748,Amelia Wilson,amelia.wilson.5748@example.com,Singapore,2024-09-10,Premium,3818.05
5749,Ethan Santos,ethan.santos.5749@example.com,United Kingdom,2024-07-10,Basic,0.00
5750,Ethan Williams,ethan.williams.5750@example.com,Japan,2025-01-20,Basic,153.77
5751,Lucas Taylor,lucas.taylor.5751@example.com,France,2025-01-04,Standard,900.72
5752,Ava Santos,ava.santos.5752@example.com,Australia,2024-10-05,Premium,5324.00
5753,Aisha Singh,aisha.singh.5753@example.com,United Kingdom,2024-10-20,Basic,0.00
5754,Hana Williams,hana.williams.5754@example.com,France,2024-09-05,Basic,18.70
5755,Daniel Thompson,daniel.thompson.5755@example.com,Australia,2024-06-29,Standard,931.07
5756,Mia Dubois,mia.dubois.5756@example.com,Japan,2024-03-16,Premium,5874.10
5757,Samuel Thompson,samuel.thompson.5757@example.com,Japan,2024-08-12,Basic,0.00
5758,Ethan Rossi,ethan.rossi.5758@example.com,India,2024-11-28,Basic,259.19
5759,Olivia Wilson,olivia.wilson.5759@example.com,Australia,2024-05-18,Standard,890.72
5760,Chloe Chen,chloe.chen.5760@example.com,United Arab Emirates,2024-12-06,Premium,3140.46
5761,Hana Patel,hana.patel.5761@example.com,India,2024-12-19,Basic,0.00
5762,Leo Patel,leo.patel.5762@example.com,France,2024-02-27,Basic,164.24
5763,Mateo Rossi,mateo.rossi.5763@example.com,United Arab Emirates,2024-11-26,Standard,569.35
5764,Amelia Singh,amelia.singh.5764@example.com,United Kingdom,2024-02-25,Premium,2431.35
5765,Oliver Clarke,oliver.clarke.5765@example.com,Singapore,2024-07-24,Basic,0.00
5766,Hugo Anderson,hugo.anderson.5766@example.com,United Arab Emirates,2024-02-09,Basic,170.59
5767,Oliver Anderson,oliver.anderson.5767@example.com,France,2024-04-24,Standard,665.67
5768,Liam Garcia,liam.garcia.5768@example.com,Singapore,2024-12-01,Premium,4965.79
5769,Leo Ahmed,leo.ahmed.5769@example.com,Germany,2024-06-27,Basic,0.00
5770,Ethan Wilson,ethan.wilson.5770@example.com,India,2024-06-21,Basic,72.24
5771,Samuel Ahmed,samuel.ahmed.5771@example.com,Singapore,2024-07-02,Standard,960.12
5772,Mateo Clarke,mateo.clarke.5772@example.com,Japan,2024-11-25,Premium,2630.87
5773,Omar Nakamura,omar.nakamura.5773@example.com,Canada,2024-11-14,Basic,0.00
5774,Omar Thompson,omar.thompson.5774@example.com,France,2024-12-22,Basic,243.09
5775,Priya Rossi,priya.rossi.5775@example.com,France,2024-10-24,Standard,560.40
5776,Sofia Ahmed,sofia.ahmed.5776@example.com,United Kingdom,2024-11-30,Premium,4431.56
5777,Noah Martin,noah.martin.5777@example.com,Canada,2024-03-08,Basic,0.00
5778,Nora Rossi,nora.rossi.5778@example.com,Japan,2024-11-02,Basic,18.70
5779,Mateo Garcia,mateo.garcia.5779@example.com,Canada,2024-07-03,Standard,797.36
5780,Aisha Nguyen,aisha.nguyen.5780@example.com,Australia,2024-12-24,Premium,1725.86
5781,Mateo Nakamura,mateo.nakamura.5781@example.com,United Kingdom,2024-09-24,Basic,0.00
5782,Amelia Santos,amelia.santos.5782@example.com,United Arab Emirates,2024-10-28,Basic,253.99
5783,Lucas Patel,lucas.patel.5783@example.com,France,2024-03-22,Standard,774.43
5784,Mia Khan,mia.khan.5784@example.com,India,2024-10-12,Premium,5618.93
5785,Ethan Ahmed,ethan.ahmed.5785@example.com,India,2024-10-25,Basic,0.00
5786,Liam Garcia,liam.garcia.5786@example.com,Canada,2024-05-22,Basic,264.35
5787,Zoe Bennett,zoe.bennett.5787@example.com,Australia,2024-10-28,Standard,957.43
5788,Aisha Santos,aisha.santos.5788@example.com,India,2024-11-01,Premium,2736.82
5789,Liam Garcia,liam.garcia.5789@example.com,United Arab Emirates,2024-06-05,Basic,0.00
5790,Mateo Thompson,mateo.thompson.5790@example.com,Singapore,2024-03-12,Basic,235.26
5791,Mia Santos,mia.santos.5791@example.com,United Arab Emirates,2024-02-06,Standard,976.49
5792,Amelia Clarke,amelia.clarke.5792@example.com,United Arab Emirates,2024-12-19,Premium,3494.87
5793,Ethan Williams,ethan.williams.5793@example.com,Japan,2024-09-27,Basic,0.00
5794,Hana Singh,hana.singh.5794@example.com,France,2024-07-11,Basic,217.84
5795,Sofia Nguyen,sofia.nguyen.5795@example.com,India,2024-09-04,Standard,882.61
5796,Hana Khan,hana.khan.5796@example.com,Australia,2024-08-10,Premium,5752.21
5797,Olivia Santos,olivia.santos.5797@example.com,Singapore,2024-11-02,Basic,0.00
5798,Amelia Nakamura,amelia.nakamura.5798@example.com,United States,2025-01-08,Basic,20.01
5799,Isabella Khan,isabella.khan.5799@example.com,Canada,2025-01-10,Standard,911.20
5800,Chloe Bennett,chloe.bennett.5800@example.com,United Kingdom,2024-04-03,Premium,3840.27
5801,Hana Anderson,hana.anderson.5801@example.com,United Arab Emirates,2024-03-12,Basic,0.00
5802,Amelia Anderson,amelia.anderson.5802@example.com,Singapore,2024-04-05,Basic,75.55
5803,Hana Thompson,hana.thompson.5803@example.com,Germany,2024-04-09,Standard,911.07
5804,Zoe Santos,zoe.santos.5804@example.com,France,2024-04-03,Premium,3331.82
5805,Arjun Taylor,arjun.taylor.5805@example.com,United States,2024-11-20,Basic,0.00
5806,Noah Ahmed,noah.ahmed.5806@example.com,France,2024-10-31,Basic,245.72
5807,Liam Ahmed,liam.ahmed.5807@example.com,United Kingdom,2024-02-22,Standard,747.07
5808,Lucas Santos,lucas.santos.5808@example.com,United States,2024-04-10,Premium,2965.31
5809,Lucas Khan,lucas.khan.5809@example.com,Japan,2024-05-16,Basic,0.00
5810,Chloe Garcia,chloe.garcia.5810@example.com,France,2025-01-22,Basic,263.42
5811,Aisha Thompson,aisha.thompson.5811@example.com,Australia,2024-08-13,Standard,911.36
5812,Chloe Chen,chloe.chen.5812@example.com,Japan,2024-03-12,Premium,4248.45
5813,Ava Kim,ava.kim.5813@example.com,Singapore,2024-12-03,Basic,0.00
5814,Chloe Rossi,chloe.rossi.5814@example.com,Australia,2024-05-18,Basic,32.76
5815,Omar Anderson,omar.anderson.5815@example.com,United Arab Emirates,2024-03-02,Standard,966.72
5816,Priya Bennett,priya.bennett.5816@example.com,France,2024-11-05,Premium,3587.17
5817,Isabella Taylor,isabella.taylor.5817@example.com,United Kingdom,2024-08-06,Basic,0.00
5818,Zoe Wilson,zoe.wilson.5818@example.com,Japan,2025-01-06,Basic,226.25
5819,Arjun Garcia,arjun.garcia.5819@example.com,France,2024-08-16,Standard,983.26
5820,Chloe Anderson,chloe.anderson.5820@example.com,United Arab Emirates,2024-10-07,Premium,3295.43
5821,Hana Martin,hana.martin.5821@example.com,France,2024-07-27,Basic,0.00
5822,Liam Williams,liam.williams.5822@example.com,India,2024-06-28,Basic,289.95
5823,Arjun Dubois,arjun.dubois.5823@example.com,United Arab Emirates,2024-02-22,Standard,976.83
5824,Daniel Chen,daniel.chen.5824@example.com,Singapore,2024-06-02,Premium,5156.52
5825,Hugo Thompson,hugo.thompson.5825@example.com,Canada,2024-09-21,Basic,0.00
5826,Amelia Martin,amelia.martin.5826@example.com,Singapore,2024-12-01,Basic,14.23
5827,Leo Dubois,leo.dubois.5827@example.com,India,2024-02-03,Standard,970.77
5828,Isabella Anderson,isabella.anderson.5828@example.com,Germany,2024-05-01,Premium,4291.91
5829,Aisha Garcia,aisha.garcia.5829@example.com,India,2024-06-10,Basic,0.00
5830,Mia Garcia,mia.garcia.5830@example.com,India,2024-03-11,Basic,34.61
5831,Noah Williams,noah.williams.5831@example.com,United Arab Emirates,2025-01-22,Standard,963.10
5832,Nora Santos,nora.santos.5832@example.com,Australia,2024-07-21,Premium,3077.95
5833,Oliver Wilson,oliver.wilson.5833@example.com,India,2024-06-15,Basic,0.00
5834,Noah Kim,noah.kim.5834@example.com,United Kingdom,2024-02-20,Basic,168.58
5835,Ava Nguyen,ava.nguyen.5835@example.com,Singapore,2024-02-01,Standard,898.42
5836,Sofia Thompson,sofia.thompson.5836@example.com,Australia,2024-02-05,Premium,4138.63
5837,Mia Chen,mia.chen.5837@example.com,Japan,2024-09-02,Basic,0.00
5838,Ava Taylor,ava.taylor.5838@example.com,Canada,2024-10-18,Basic,67.32
5839,Liam Patel,liam.patel.5839@example.com,Germany,2025-01-12,Standard,903.39
5840,Mia Nakamura,mia.nakamura.5840@example.com,United Kingdom,2024-10-28,Premium,1336.91
5841,Hana Anderson,hana.anderson.5841@example.com,United Arab Emirates,2024-07-12,Basic,0.00
5842,Ava Bennett,ava.bennett.5842@example.com,United Arab Emirates,2024-08-29,Basic,113.07
5843,Hana Singh,hana.singh.5843@example.com,India,2024-10-11,Standard,975.93
5844,Chloe Patel,chloe.patel.5844@example.com,United Arab Emirates,2024-12-17,Premium,2549.12
5845,Priya Bennett,priya.bennett.5845@example.com,United Arab Emirates,2024-04-29,Basic,0.00
5846,Ethan Ahmed,ethan.ahmed.5846@example.com,Singapore,2024-06-22,Basic,274.16
5847,Mateo Ahmed,mateo.ahmed.5847@example.com,Japan,2024-06-18,Standard,621.18
5848,Isabella Kim,isabella.kim.5848@example.com,United Kingdom,2025-01-27,Premium,5668.42
5849,Arjun Santos,arjun.santos.5849@example.com,Singapore,2024-09-20,Basic,0.00
5850,Sofia Thompson,sofia.thompson.5850@example.com,United Kingdom,2024-09-20,Basic,215.69
5851,Mia Khan,mia.khan.5851@example.com,United States,2024-12-25,Standard,878.42
5852,Leo Nguyen,leo.nguyen.5852@example.com,Singapore,2024-04-02,Premium,4860.02
5853,Liam Dubois,liam.dubois.5853@example.com,Germany,2024-02-18,Basic,0.00
5854,Ava Wilson,ava.wilson.5854@example.com,Australia,2024-11-29,Basic,175.96
5855,Aisha Ahmed,aisha.ahmed.5855@example.com,United Kingdom,2024-10-17,Standard,833.23
5856,Hugo Khan,hugo.khan.5856@example.com,Singapore,2024-09-28,Premium,3035.25
5857,Nora Kim,nora.kim.5857@example.com,Singapore,2024-05-24,Basic,0.00
5858,Samuel Anderson,samuel.anderson.5858@example.com,Australia,2024-08-26,Basic,45.83
5859,Lucas Thompson,lucas.thompson.5859@example.com,Japan,2024-02-08,Standard,836.38
5860,Mia Williams,mia.williams.5860@example.com,Australia,2024-02-05,Premium,5249.58
5861,Mateo Bennett,mateo.bennett.5861@example.com,United Arab Emirates,2024-03-29,Basic,0.00
5862,Omar Khan,omar.khan.5862@example.com,Singapore,2024-12-23,Basic,82.83
5863,Leo Bennett,leo.bennett.5863@example.com,Canada,2024-11-06,Standard,998.09
5864,Sofia Dubois,sofia.dubois.5864@example.com,Canada,2024-07-28,Premium,3768.89
5865,Mia Martin,mia.martin.5865@example.com,United States,2024-06-14,Basic,0.00
5866,Olivia Martin,olivia.martin.5866@example.com,Australia,2024-03-15,Basic,158.03
5867,Mateo Singh,mateo.singh.5867@example.com,France,2024-09-18,Standard,995.81
5868,Nora Chen,nora.chen.5868@example.com,United States,2024-06-17,Premium,2190.67
5869,Mia Garcia,mia.garcia.5869@example.com,United States,2024-02-29,Basic,0.00
5870,Priya Thompson,priya.thompson.5870@example.com,United Arab Emirates,2025-01-26,Basic,170.62
5871,Mia Williams,mia.williams.5871@example.com,United Arab Emirates,2024-05-21,Standard,849.78
5872,Ethan Patel,ethan.patel.5872@example.com,France,2024-06-02,Premium,4781.72
5873,Oliver Garcia,oliver.garcia.5873@example.com,United States,2024-12-15,Basic,0.00
5874,Hugo Clarke,hugo.clarke.5874@example.com,Germany,2024-03-22,Basic,150.85
5875,Zoe Chen,zoe.chen.5875@example.com,Canada,2024-06-21,Standard,855.26
5876,Oliver Nakamura,oliver.nakamura.5876@example.com,United States,2024-11-27,Premium,1546.40
5877,Samuel Nguyen,samuel.nguyen.5877@example.com,Japan,2024-04-18,Basic,0.00
5878,Samuel Dubois,samuel.dubois.5878@example.com,Germany,2024-11-21,Basic,163.25
5879,Leo Khan,leo.khan.5879@example.com,Canada,2024-05-01,Standard,886.38
5880,Omar Garcia,omar.garcia.5880@example.com,Japan,2024-07-02,Premium,1801.87
5881,Sofia Martin,sofia.martin.5881@example.com,Germany,2024-02-08,Basic,0.00
5882,Mia Khan,mia.khan.5882@example.com,Canada,2024-09-02,Basic,40.42
5883,Liam Williams,liam.williams.5883@example.com,Singapore,2024-12-15,Standard,873.22
5884,Noah Singh,noah.singh.5884@example.com,Australia,2024-07-06,Premium,4336.06
5885,Chloe Ahmed,chloe.ahmed.5885@example.com,India,2024-03-22,Basic,0.00
5886,Priya Dubois,priya.dubois.5886@example.com,Australia,2024-02-26,Basic,129.03
5887,Hugo Bennett,hugo.bennett.5887@example.com,Canada,2024-11-06,Standard,604.47
5888,Chloe Nakamura,chloe.nakamura.5888@example.com,Canada,2024-02-29,Premium,3099.61
5889,Sofia Singh,sofia.singh.5889@example.com,United States,2024-12-01,Basic,0.00
5890,Isabella Anderson,isabella.anderson.5890@example.com,India,2024-08-31,Basic,84.90
5891,Samuel Chen,samuel.chen.5891@example.com,United Kingdom,2024-11-19,Standard,990.58
5892,Omar Khan,omar.khan.5892@example.com,India,2024-11-05,Premium,7996.33
5893,Hana Bennett,hana.bennett.5893@example.com,United States,2024-07-23,Basic,0.00
5894,Nora Thompson,nora.thompson.5894@example.com,United Arab Emirates,2024-07-10,Basic,85.67
5895,Amelia Singh,amelia.singh.5895@example.com,United Kingdom,2024-10-11,Standard,940.64
5896,Arjun Chen,arjun.chen.5896@example.com,France,2024-11-15,Premium,2332.82
5897,Amelia Bennett,amelia.bennett.5897@example.com,Japan,2024-05-21,Basic,0.00
5898,Mateo Nakamura,mateo.nakamura.5898@example.com,United Kingdom,2024-05-08,Basic,111.29
5899,Noah Nakamura,noah.nakamura.5899@example.com,Canada,2024-04-23,Standard,741.75
5900,Olivia Williams,olivia.williams.5900@example.com,Australia,2024-11-03,Premium,2718.85
5901,Chloe Rossi,chloe.rossi.5901@example.com,United States,2024-10-18,Basic,0.00
5902,Hugo Garcia,hugo.garcia.5902@example.com,India,2024-10-11,Basic,183.41
5903,Sofia Martin,sofia.martin.5903@example.com,United Kingdom,2024-02-13,Standard,871.79
5904,Mia Santos,mia.santos.5904@example.com,Germany,2024-08-27,Premium,2763.80
5905,Liam Thompson,liam.thompson.5905@example.com,United Kingdom,2024-11-18,Basic,0.00
5906,Ethan Nguyen,ethan.nguyen.5906@example.com,United Kingdom,2024-09-30,Basic,159.98
5907,Amelia Nakamura,amelia.nakamura.5907@example.com,Germany,2024-07-06,Standard,948.01
5908,Arjun Taylor,arjun.taylor.5908@example.com,United States,2024-04-15,Premium,3352.31
5909,Arjun Wilson,arjun.wilson.5909@example.com,Germany,2024-04-08,Basic,0.00
5910,Ethan Kim,ethan.kim.5910@example.com,Canada,2024-03-19,Basic,144.62
5911,Zoe Dubois,zoe.dubois.5911@example.com,United States,2024-04-14,Standard,905.56
5912,Isabella Martin,isabella.martin.5912@example.com,Australia,2024-11-27,Premium,3391.44
5913,Mia Garcia,mia.garcia.5913@example.com,Canada,2025-01-06,Basic,0.00
5914,Samuel Bennett,samuel.bennett.5914@example.com,United Arab Emirates,2024-06-19,Basic,290.87
5915,Lucas Nakamura,lucas.nakamura.5915@example.com,Japan,2024-05-03,Standard,293.38
5916,Chloe Clarke,chloe.clarke.5916@example.com,United States,2024-05-17,Premium,4959.92
5917,Daniel Martin,daniel.martin.5917@example.com,India,2024-12-25,Basic,0.00
5918,Zoe Kim,zoe.kim.5918@example.com,France,2024-03-20,Basic,217.97
5919,Arjun Chen,arjun.chen.5919@example.com,Japan,2024-08-28,Standard,740.95
5920,Olivia Nakamura,olivia.nakamura.5920@example.com,United Arab Emirates,2024-07-03,Premium,7248.26
5921,Samuel Nguyen,samuel.nguyen.5921@example.com,United States,2025-01-12,Basic,0.00
5922,Sofia Patel,sofia.patel.5922@example.com,France,2025-01-20,Basic,294.37
5923,Omar Rossi,omar.rossi.5923@example.com,Singapore,2024-07-29,Standard,984.64
5924,Liam Dubois,liam.dubois.5924@example.com,United States,2024-04-08,Premium,2865.63
5925,Liam Williams,liam.williams.5925@example.com,United Arab Emirates,2025-01-07,Basic,0.00
5926,Liam Santos,liam.santos.5926@example.com,Singapore,2024-11-24,Basic,46.36
5927,Olivia Martin,olivia.martin.5927@example.com,India,2024-11-03,Standard,905.82
5928,Chloe Wilson,chloe.wilson.5928@example.com,United Arab Emirates,2024-11-01,Premium,2021.26
5929,Leo Patel,leo.patel.5929@example.com,Japan,2024-11-11,Basic,0.00
5930,Leo Ahmed,leo.ahmed.5930@example.com,India,2024-04-05,Basic,263.42
5931,Ava Nakamura,ava.nakamura.5931@example.com,India,2024-03-02,Standard,980.78
5932,Amelia Ahmed,amelia.ahmed.5932@example.com,Singapore,2024-06-17,Premium,3279.28
5933,Lucas Nakamura,lucas.nakamura.5933@example.com,Germany,2024-02-13,Basic,0.00
5934,Aisha Anderson,aisha.anderson.5934@example.com,Japan,2025-01-02,Basic,80.77
5935,Oliver Garcia,oliver.garcia.5935@example.com,United Arab Emirates,2024-03-28,Standard,999.13
5936,Hana Singh,hana.singh.5936@example.com,Japan,2024-06-29,Premium,3870.50
5937,Mateo Rossi,mateo.rossi.5937@example.com,Canada,2024-03-15,Basic,0.00
5938,Leo Wilson,leo.wilson.5938@example.com,United States,2024-02-26,Basic,198.95
5939,Chloe Rossi,chloe.rossi.5939@example.com,Singapore,2024-05-14,Standard,975.95
5940,Chloe Clarke,chloe.clarke.5940@example.com,Canada,2024-05-12,Premium,3965.25
5941,Isabella Anderson,isabella.anderson.5941@example.com,Germany,2024-11-03,Basic,0.00
5942,Mia Ahmed,mia.ahmed.5942@example.com,India,2024-06-18,Basic,29.08
5943,Nora Singh,nora.singh.5943@example.com,Singapore,2024-04-21,Standard,782.61
5944,Liam Anderson,liam.anderson.5944@example.com,United Arab Emirates,2024-10-28,Premium,4627.83
5945,Leo Santos,leo.santos.5945@example.com,Germany,2024-09-09,Basic,0.00
5946,Ethan Chen,ethan.chen.5946@example.com,United States,2024-04-27,Basic,135.96
5947,Olivia Martin,olivia.martin.5947@example.com,Australia,2024-10-09,Standard,922.24
5948,Daniel Chen,daniel.chen.5948@example.com,United States,2024-08-02,Premium,2559.31
5949,Isabella Bennett,isabella.bennett.5949@example.com,Australia,2024-05-22,Basic,0.00
5950,Amelia Singh,amelia.singh.5950@example.com,United States,2024-02-10,Basic,116.70
5951,Oliver Ahmed,oliver.ahmed.5951@example.com,India,2024-06-07,Standard,965.36
5952,Lucas Dubois,lucas.dubois.5952@example.com,Japan,2024-06-02,Premium,2274.36
5953,Hana Williams,hana.williams.5953@example.com,United Arab Emirates,2024-02-03,Basic,0.00
5954,Amelia Ahmed,amelia.ahmed.5954@example.com,Singapore,2024-11-19,Basic,213.76
5955,Hana Garcia,hana.garcia.5955@example.com,United Kingdom,2024-06-09,Standard,824.15
5956,Liam Dubois,liam.dubois.5956@example.com,United States,2024-02-12,Premium,4801.28
5957,Hana Garcia,hana.garcia.5957@example.com,India,2024-11-17,Basic,0.00
5958,Samuel Chen,samuel.chen.5958@example.com,Australia,2024-04-12,Basic,90.24
5959,Daniel Thompson,daniel.thompson.5959@example.com,Australia,2024-09-21,Standard,922.38
5960,Samuel Rossi,samuel.rossi.5960@example.com,Singapore,2024-11-22,Premium,3096.69
5961,Samuel Nakamura,samuel.nakamura.5961@example.com,United Arab Emirates,2024-02-23,Basic,0.00
5962,Chloe Bennett,chloe.bennett.5962@example.com,Singapore,2024-07-22,Basic,222.65
5963,Lucas Nguyen,lucas.nguyen.5963@example.com,United Kingdom,2024-11-07,Standard,923.96
5964,Leo Thompson,leo.thompson.5964@example.com,Germany,2024-08-17,Premium,4062.71
5965,Arjun Singh,arjun.singh.5965@example.com,United States,2024-02-12,Basic,0.00
5966,Mateo Rossi,mateo.rossi.5966@example.com,Singapore,2024-06-21,Basic,226.25
5967,Daniel Anderson,daniel.anderson.5967@example.com,Australia,2024-09-10,Standard,637.03
5968,Liam Williams,liam.williams.5968@example.com,Australia,2024-09-16,Premium,2791.72
5969,Olivia Williams,olivia.williams.5969@example.com,Singapore,2024-03-15,Basic,0.00
5970,Isabella Garcia,isabella.garcia.5970@example.com,United Arab Emirates,2024-11-11,Basic,45.83
5971,Zoe Kim,zoe.kim.5971@example.com,Germany,2024-07-18,Standard,906.47
5972,Aisha Chen,aisha.chen.5972@example.com,United Arab Emirates,2024-07-08,Premium,2094.78
5973,Sofia Bennett,sofia.bennett.5973@example.com,Australia,2024-12-22,Basic,0.00
5974,Mia Bennett,mia.bennett.5974@example.com,United Kingdom,2024-08-04,Basic,136.22
5975,Ava Santos,ava.santos.5975@example.com,Australia,2024-06-22,Standard,936.10
5976,Leo Taylor,leo.taylor.5976@example.com,United States,2024-09-16,Premium,2941.99
5977,Isabella Dubois,isabella.dubois.5977@example.com,United Arab Emirates,2024-12-07,Basic,0.00
5978,Mateo Patel,mateo.patel.5978@example.com,Germany,2024-11-24,Basic,269.47
5979,Priya Patel,priya.patel.5979@example.com,India,2024-09-09,Standard,874.58
5980,Nora Chen,nora.chen.5980@example.com,United States,2024-03-20,Premium,4920.98
5981,Noah Nguyen,,Canada,2024-06-16,Basic,0.00
5982,Zoe Bennett,zoe.bennett.5982@example.com,Canada,2025-01-27,Basic,15.29
5983,Oliver Garcia,oliver.garcia.5983@example.com,Singapore,2024-04-18,Standard,956.77
5984,Sofia Anderson,sofia.anderson.5984@example.com,Singapore,2024-09-16,Premium,2312.92
5985,Mateo Wilson,mateo.wilson.5985@example.com,United States,2024-04-17,Basic,0.00
5986,Chloe Chen,chloe.chen.5986@example.com,United States,2024-10-29,Basic,283.97
5987,Omar Ahmed,omar.ahmed.5987@example.com,United Kingdom,2024-10-12,Standard,985.07
5988,Mia Santos,mia.santos.5988@example.com,Canada,2024-09-27,Premium,3086.38
5989,Arjun Kim,arjun.kim.5989@example.com,Australia,2024-08-29,Basic,0.00
5990,Lucas Martin,lucas.martin.5990@example.com,Australia,2024-07-26,Basic,290.87
5991,Nora Bennett,nora.bennett.5991@example.com,United States,2024-06-30,Standard,972.85
5992,Olivia Martin,olivia.martin.5992@example.com,United Arab Emirates,2024-03-20,Premium,4528.44
5993,Oliver Chen,oliver.chen.5993@example.com,Singapore,2025-01-25,Basic,0.00
5994,Isabella Williams,isabella.williams.5994@example.com,Singapore,2024-03-31,Basic,159.98
5995,Daniel Taylor,daniel.taylor.5995@example.com,United Kingdom,2024-12-18,Standard,826.14
5996,Ethan Santos,ethan.santos.5996@example.com,France,2024-11-16,Premium,4289.41
5997,Amelia Wilson,amelia.wilson.5997@example.com,India,2024-03-30,Basic,0.00
5998,Noah Singh,noah.singh.5998@example.com,Japan,2024-12-05,Basic,136.21
5999,Ethan Anderson,ethan.anderson.5999@example.com,United States,2024-06-15,Standard,983.16
6000,Leo Taylor,leo.taylor.6000@example.com,United States,2024-02-28,Premium,4068.19
6001,Olivia Chen,olivia.chen.6001@example.com,Singapore,2024-06-04,Basic,0.00
6002,Aisha Chen,aisha.chen.6002@example.com,Japan,2024-03-16,Basic,163.00
6003,Amelia Garcia,amelia.garcia.6003@example.com,Canada,2024-05-13,Standard,886.41
6004,Sofia Rossi,sofia.rossi.6004@example.com,India,2024-03-07,Premium,3412.21
6005,Omar Garcia,omar.garcia.6005@example.com,Canada,2024-02-16,Basic,0.00
6006,Zoe Patel,zoe.patel.6006@example.com,Singapore,2024-08-10,Basic,30.51
6007,Amelia Thompson,amelia.thompson.6007@example.com,India,2024-09-10,Standard,891.81
6008,Isabella Anderson,isabella.anderson.6008@example.com,Germany,2024-07-09,Premium,2688.18
6009,Chloe Singh,chloe.singh.6009@example.com,Germany,2025-01-01,Basic,0.00
6010,Ethan Chen,ethan.chen.6010@example.com,Japan,2024-09-02,Basic,48.40
6011,Arjun Wilson,arjun.wilson.6011@example.com,India,2024-02-13,Standard,810.78
6012,Liam Clarke,liam.clarke.6012@example.com,United Kingdom,2024-07-20,Premium,5531.28
6013,Arjun Bennett,arjun.bennett.6013@example.com,France,2024-10-13,Basic,0.00
6014,Samuel Khan,samuel.khan.6014@example.com,Germany,2024-10-09,Basic,290.25
6015,Sofia Patel,sofia.patel.6015@example.com,Australia,2024-07-29,Standard,953.21
6016,Oliver Taylor,oliver.taylor.6016@example.com,United Kingdom,2024-10-09,Premium,1486.05
6017,Leo Nguyen,leo.nguyen.6017@example.com,Canada,2024-04-24,Basic,0.00
6018,Isabella Williams,isabella.williams.6018@example.com,Canada,2024-09-22,Basic,213.30
6019,Daniel Martin,daniel.martin.6019@example.com,India,2024-09-19,Standard,715.05
6020,Amelia Ahmed,amelia.ahmed.6020@example.com,India,2024-09-02,Premium,3842.03
6021,Priya Dubois,priya.dubois.6021@example.com,France,2025-01-23,Basic,0.00
6022,Chloe Chen,chloe.chen.6022@example.com,Canada,2024-06-21,Basic,168.58
6023,Olivia Clarke,olivia.clarke.6023@example.com,Japan,2024-08-28,Standard,891.48
6024,Oliver Nakamura,oliver.nakamura.6024@example.com,Singapore,2024-06-18,Premium,4622.42
6025,Mateo Wilson,mateo.wilson.6025@example.com,Japan,2024-09-27,Basic,0.00
6026,Olivia Martin,olivia.martin.6026@example.com,United Arab Emirates,2024-03-02,Basic,51.78
6027,Zoe Khan,zoe.khan.6027@example.com,France,2024-02-08,Standard,840.83
6028,Noah Taylor,noah.taylor.6028@example.com,United Kingdom,2024-10-19,Premium,5680.06
6029,Lucas Ahmed,lucas.ahmed.6029@example.com,United Arab Emirates,2024-10-05,Basic,0.00
6030,Lucas Chen,lucas.chen.6030@example.com,Canada,2024-05-31,Basic,160.69
6031,Isabella Patel,isabella.patel.6031@example.com,Australia,2024-07-07,Standard,845.69
6032,Noah Wilson,noah.wilson.6032@example.com,India,2024-08-12,Premium,3205.92
6033,Oliver Chen,oliver.chen.6033@example.com,United Kingdom,2024-04-18,Basic,0.00
6034,Olivia Santos,olivia.santos.6034@example.com,India,2024-06-09,Basic,118.23
6035,Mateo Kim,,Canada,2024-08-01,Standard,964.14
6036,Mia Rossi,mia.rossi.6036@example.com,Canada,2024-02-09,Premium,7494.99
6037,Chloe Patel,chloe.patel.6037@example.com,Germany,2024-12-26,Basic,0.00
6038,Olivia Williams,olivia.williams.6038@example.com,United Kingdom,2025-01-09,Basic,18.87
6039,Priya Clarke,priya.clarke.6039@example.com,Japan,2024-05-11,Standard,922.90
6040,Oliver Nguyen,oliver.nguyen.6040@example.com,United Kingdom,2024-10-29,Premium,3955.76
6041,Sofia Nakamura,sofia.nakamura.6041@example.com,Australia,2024-02-02,Basic,0.00
6042,Daniel Taylor,daniel.taylor.6042@example.com,Australia,2024-07-07,Basic,57.33
6043,Arjun Santos,arjun.santos.6043@example.com,United Arab Emirates,2024-06-27,Standard,999.93
6044,Aisha Ahmed,aisha.ahmed.6044@example.com,Canada,2024-03-05,Premium,4445.68
6045,Aisha Ahmed,aisha.ahmed.6045@example.com,Germany,2024-11-27,Basic,0.00
6046,Leo Nguyen,leo.nguyen.6046@example.com,United States,2024-08-26,Basic,243.09
6047,Chloe Patel,chloe.patel.6047@example.com,United States,2024-07-27,Standard,912.14
6048,Liam Williams,liam.williams.6048@example.com,United States,2024-05-04,Premium,2770.07
6049,Olivia Martin,olivia.martin.6049@example.com,France,2024-07-09,Basic,0.00
6050,Ava Patel,ava.patel.6050@example.com,United Kingdom,2024-05-06,Basic,234.13
6051,Arjun Bennett,arjun.bennett.6051@example.com,United Kingdom,2025-01-28,Standard,524.33
6052,Chloe Singh,chloe.singh.6052@example.com,Germany,2024-12-09,Premium,4752.47
6053,Samuel Ahmed,samuel.ahmed.6053@example.com,India,2024-02-03,Basic,0.00
6054,Arjun Thompson,arjun.thompson.6054@example.com,Canada,2024-03-23,Basic,15.29
6055,Priya Ahmed,priya.ahmed.6055@example.com,India,2024-02-28,Standard,850.41
6056,Noah Khan,noah.khan.6056@example.com,Canada,2024-03-03,Premium,3660.82
6057,Priya Khan,priya.khan.6057@example.com,United Kingdom,2024-12-01,Basic,0.00
6058,Nora Nguyen,nora.nguyen.6058@example.com,United Arab Emirates,2024-12-15,Basic,55.98
6059,Mateo Singh,mateo.singh.6059@example.com,United Kingdom,2024-03-17,Standard,971.99
6060,Mia Singh,mia.singh.6060@example.com,United States,2024-05-18,Premium,4244.70
6061,Lucas Thompson,lucas.thompson.6061@example.com,United Kingdom,2024-06-03,Basic,0.00
6062,Liam Thompson,liam.thompson.6062@example.com,United Kingdom,2024-11-28,Basic,30.86
6063,Nora Nguyen,nora.nguyen.6063@example.com,India,2024-02-24,Standard,952.14
6064,Samuel Williams,samuel.williams.6064@example.com,India,2024-04-20,Premium,3925.43
6065,Omar Clarke,omar.clarke.6065@example.com,United States,2024-10-17,Basic,0.00
6066,Mia Williams,mia.williams.6066@example.com,United Arab Emirates,2024-12-28,Basic,18.49
6067,Lucas Nakamura,lucas.nakamura.6067@example.com,Singapore,2024-07-18,Standard,927.75
6068,Omar Bennett,omar.bennett.6068@example.com,United Kingdom,2024-03-11,Premium,2830.87
6069,Ava Nakamura,ava.nakamura.6069@example.com,France,2024-05-25,Basic,0.00
6070,Isabella Ahmed,isabella.ahmed.6070@example.com,Canada,2025-01-27,Basic,153.68
6071,Liam Bennett,liam.bennett.6071@example.com,Japan,2024-04-26,Standard,930.26
6072,Oliver Ahmed,oliver.ahmed.6072@example.com,Japan,2024-10-25,Premium,1483.37
6073,Samuel Bennett,samuel.bennett.6073@example.com,Japan,2024-04-11,Basic,0.00
6074,Nora Clarke,nora.clarke.6074@example.com,United States,2024-05-27,Basic,234.13
6075,Nora Williams,nora.williams.6075@example.com,India,2024-03-26,Standard,949.75
6076,Leo Bennett,leo.bennett.6076@example.com,Singapore,2025-01-19,Premium,4425.41
6077,Aisha Williams,aisha.williams.6077@example.com,United Arab Emirates,2024-09-28,Basic,0.00
6078,Sofia Chen,sofia.chen.6078@example.com,Australia,2025-01-12,Basic,110.25
6079,Mateo Rossi,mateo.rossi.6079@example.com,India,2024-06-08,Standard,820.08
6080,Hugo Thompson,hugo.thompson.6080@example.com,United Kingdom,2024-11-01,Premium,1713.41
6081,Ava Thompson,ava.thompson.6081@example.com,France,2024-05-27,Basic,0.00
6082,Noah Nakamura,noah.nakamura.6082@example.com,India,2024-11-13,Basic,51.12
6083,Liam Bennett,liam.bennett.6083@example.com,Canada,2024-06-26,Standard,811.06
6084,Oliver Bennett,oliver.bennett.6084@example.com,Singapore,2024-08-06,Premium,4952.10
6085,Omar Nakamura,omar.nakamura.6085@example.com,Singapore,2024-02-17,Basic,0.00
6086,Amelia Martin,amelia.martin.6086@example.com,Germany,2025-01-08,Basic,167.59
6087,Lucas Khan,lucas.khan.6087@example.com,Canada,2024-05-20,Standard,971.82
6088,Chloe Martin,chloe.martin.6088@example.com,Canada,2024-04-03,Premium,4030.87
6089,Chloe Rossi,chloe.rossi.6089@example.com,United States,2024-08-15,Basic,0.00
6090,Mateo Dubois,mateo.dubois.6090@example.com,Singapore,2024-07-30,Basic,67.19
6091,Nora Patel,nora.patel.6091@example.com,India,2025-01-07,Standard,971.57
6092,Hugo Bennett,hugo.bennett.6092@example.com,India,2024-09-14,Premium,2353.30
6093,Daniel Kim,daniel.kim.6093@example.com,United Kingdom,2024-09-11,Basic,0.00
6094,Mateo Williams,mateo.williams.6094@example.com,Australia,2024-11-22,Basic,274.16
6095,Omar Chen,omar.chen.6095@example.com,United Kingdom,2024-07-14,Standard,725.94
6096,Noah Williams,noah.williams.6096@example.com,India,2024-07-02,Premium,4067.31
6097,Sofia Dubois,sofia.dubois.6097@example.com,United Kingdom,2024-02-03,Basic,0.00
6098,Hugo Bennett,hugo.bennett.6098@example.com,Australia,2024-05-12,Basic,126.55
6099,Omar Singh,omar.singh.6099@example.com,Singapore,2024-06-12,Standard,953.47
6100,Ethan Wilson,ethan.wilson.6100@example.com,Australia,2025-01-25,Premium,2816.03
6101,Samuel Williams,samuel.williams.6101@example.com,United Arab Emirates,2024-11-02,Basic,0.00
6102,Arjun Rossi,arjun.rossi.6102@example.com,Canada,2024-06-27,Basic,136.26
6103,Oliver Wilson,oliver.wilson.6103@example.com,Singapore,2024-03-05,Standard,671.39
6104,Arjun Bennett,arjun.bennett.6104@example.com,United States,2024-07-04,Premium,2948.83
6105,Liam Taylor,liam.taylor.6105@example.com,United Arab Emirates,2024-03-10,Basic,0.00
6106,Amelia Santos,amelia.santos.6106@example.com,Australia,2024-02-24,Basic,167.97
6107,Sofia Williams,sofia.williams.6107@example.com,France,2024-03-08,Standard,933.60
6108,Chloe Thompson,chloe.thompson.6108@example.com,France,2024-11-08,Premium,4031.22
6109,Chloe Wilson,chloe.wilson.6109@example.com,India,2024-06-05,Basic,0.00
6110,Arjun Clarke,arjun.clarke.6110@example.com,France,2024-05-30,Basic,47.93
6111,Lucas Nguyen,lucas.nguyen.6111@example.com,United Kingdom,2024-03-19,Standard,721.99
6112,Amelia Santos,amelia.santos.6112@example.com,United States,2024-04-01,Premium,3390.96
6113,Mia Thompson,mia.thompson.6113@example.com,India,2024-06-12,Basic,0.00
6114,Sofia Thompson,sofia.thompson.6114@example.com,Singapore,2024-11-26,Basic,72.24
6115,Leo Williams,leo.williams.6115@example.com,France,2024-09-29,Standard,743.54
6116,Arjun Nguyen,arjun.nguyen.6116@example.com,France,2024-07-14,Premium,5355.56
6117,Samuel Williams,samuel.williams.6117@example.com,Canada,2024-11-06,Basic,0.00
6118,Olivia Nakamura,olivia.nakamura.6118@example.com,Japan,2024-07-18,Basic,94.43
6119,Liam Chen,liam.chen.6119@example.com,Australia,2024-11-30,Standard,948.51
6120,Omar Rossi,omar.rossi.6120@example.com,Japan,2024-10-17,Premium,2371.92
6121,Liam Santos,liam.santos.6121@example.com,France,2024-06-12,Basic,0.00
6122,Sofia Dubois,sofia.dubois.6122@example.com,United States,2025-01-09,Basic,290.51
6123,Mateo Nakamura,mateo.nakamura.6123@example.com,Canada,2024-05-27,Standard,888.59
6124,Samuel Dubois,samuel.dubois.6124@example.com,United States,2024-04-19,Premium,4455.68
6125,Lucas Wilson,lucas.wilson.6125@example.com,India,2024-08-08,Basic,0.00
6126,Mia Taylor,mia.taylor.6126@example.com,Japan,2024-09-27,Basic,17.53
6127,Sofia Singh,sofia.singh.6127@example.com,France,2024-03-05,Standard,961.87
6128,Nora Williams,nora.williams.6128@example.com,United States,2024-09-23,Premium,3284.70
6129,Ava Singh,ava.singh.6129@example.com,Singapore,2024-09-25,Basic,0.00
6130,Liam Kim,liam.kim.6130@example.com,India,2024-06-14,Basic,99.40
6131,Zoe Thompson,zoe.thompson.6131@example.com,Singapore,2024-12-25,Standard,943.15
6132,Arjun Thompson,arjun.thompson.6132@example.com,United States,2024-05-21,Premium,3832.72
6133,Liam Thompson,liam.thompson.6133@example.com,France,2024-07-07,Basic,0.00
6134,Arjun Ahmed,arjun.ahmed.6134@example.com,United States,2024-05-06,Basic,255.47
6135,Nora Wilson,nora.wilson.6135@example.com,United Kingdom,2024-07-04,Standard,748.27
6136,Aisha Santos,aisha.santos.6136@example.com,Japan,2025-01-09,Premium,2212.22
6137,Ethan Dubois,ethan.dubois.6137@example.com,United States,2024-04-23,Basic,0.00
6138,Hana Martin,hana.martin.6138@example.com,France,2024-06-12,Basic,106.06
6139,Chloe Ahmed,chloe.ahmed.6139@example.com,India,2024-04-16,Standard,772.79
6140,Nora Martin,nora.martin.6140@example.com,Singapore,2024-10-22,Premium,3562.12
6141,Lucas Singh,lucas.singh.6141@example.com,Japan,2024-09-01,Basic,0.00
6142,Leo Patel,leo.patel.6142@example.com,Canada,2024-02-06,Basic,72.24
6143,Nora Dubois,nora.dubois.6143@example.com,Australia,2024-04-14,Standard,774.82
6144,Hugo Garcia,hugo.garcia.6144@example.com,Australia,2024-07-23,Premium,2203.38
6145,Ava Nguyen,ava.nguyen.6145@example.com,India,2024-10-01,Basic,0.00
6146,Leo Chen,leo.chen.6146@example.com,France,2024-12-06,Basic,53.28
6147,Sofia Khan,sofia.khan.6147@example.com,Singapore,2024-09-08,Standard,961.94
6148,Samuel Ahmed,samuel.ahmed.6148@example.com,Japan,2024-12-07,Premium,2215.93
6149,Noah Taylor,noah.taylor.6149@example.com,United States,2024-06-14,Basic,0.00
6150,Aisha Ahmed,aisha.ahmed.6150@example.com,India,2024-11-29,Basic,166.97
6151,Daniel Anderson,daniel.anderson.6151@example.com,Canada,2024-03-01,Standard,785.08
6152,Priya Santos,priya.santos.6152@example.com,France,2024-05-31,Premium,3675.77
6153,Mia Bennett,mia.bennett.6153@example.com,France,2024-02-14,Basic,0.00
6154,Daniel Ahmed,daniel.ahmed.6154@example.com,United Arab Emirates,2024-04-15,Basic,286.34
6155,Hugo Khan,hugo.khan.6155@example.com,United Arab Emirates,2024-09-02,Standard,810.26
6156,Samuel Garcia,samuel.garcia.6156@example.com,France,2024-12-02,Premium,3452.45
6157,Nora Taylor,nora.taylor.6157@example.com,Germany,2024-02-05,Basic,0.00
6158,Isabella Khan,isabella.khan.6158@example.com,France,2024-08-29,Basic,48.40
6159,Nora Singh,nora.singh.6159@example.com,Japan,2024-10-14,Standard,989.85
6160,Mateo Nakamura,mateo.nakamura.6160@example.com,Japan,2025-01-29,Premium,3015.66
6161,Isabella Kim,isabella.kim.6161@example.com,Germany,2024-04-22,Basic,0.00
6162,Leo Garcia,leo.garcia.6162@example.com,United Arab Emirates,2025-01-26,Basic,73.65
6163,Amelia Anderson,amelia.anderson.6163@example.com,Singapore,2024-06-12,Standard,955.63
6164,Sofia Martin,sofia.martin.6164@example.com,Japan,2024-05-18,Premium,3846.68
6165,Chloe Chen,chloe.chen.6165@example.com,Japan,2024-05-16,Basic,0.00
6166,Ethan Singh,ethan.singh.6166@example.com,Canada,2024-04-30,Basic,34.61
6167,Zoe Chen,zoe.chen.6167@example.com,Japan,2024-03-24,Standard,679.92
6168,Liam Garcia,liam.garcia.6168@example.com,Japan,2024-08-08,Premium,5773.06
6169,Zoe Thompson,zoe.thompson.6169@example.com,India,2024-12-07,Basic,0.00
6170,Liam Thompson,liam.thompson.6170@example.com,United Kingdom,2024-09-04,Basic,238.11
6171,Ethan Singh,ethan.singh.6171@example.com,Germany,2024-04-21,Standard,613.74
6172,Mateo Nguyen,mateo.nguyen.6172@example.com,France,2024-03-30,Premium,4282.75
6173,Lucas Patel,lucas.patel.6173@example.com,Singapore,2024-08-25,Basic,0.00
6174,Hana Nguyen,hana.nguyen.6174@example.com,Australia,2024-02-17,Basic,13.12
6175,Omar Martin,omar.martin.6175@example.com,United Kingdom,2024-09-05,Standard,992.70
6176,Hana Bennett,hana.bennett.6176@example.com,Australia,2024-11-26,Premium,4205.19
6177,Ethan Martin,ethan.martin.6177@example.com,United States,2024-05-03,Basic,0.00
6178,Samuel Taylor,samuel.taylor.6178@example.com,United Arab Emirates,2024-11-08,Basic,102.84
6179,Amelia Williams,amelia.williams.6179@example.com,Germany,2024-05-05,Standard,882.71
6180,Daniel Dubois,daniel.dubois.6180@example.com,Germany,2024-10-11,Premium,2252.06
6181,Olivia Singh,olivia.singh.6181@example.com,India,2024-11-06,Basic,0.00
6182,Amelia Garcia,amelia.garcia.6182@example.com,Japan,2024-09-25,Basic,185.76
6183,Amelia Khan,amelia.khan.6183@example.com,United Kingdom,2024-08-23,Standard,639.39
6184,Ava Nakamura,ava.nakamura.6184@example.com,United States,2024-07-25,Premium,3577.02
6185,Daniel Bennett,daniel.bennett.6185@example.com,United States,2024-06-29,Basic,0.00
6186,Hana Khan,hana.khan.6186@example.com,Australia,2024-05-05,Basic,43.81
6187,Leo Nakamura,leo.nakamura.6187@example.com,Canada,2024-06-09,Standard,863.58
6188,Mia Dubois,mia.dubois.6188@example.com,United Arab Emirates,2024-05-25,Premium,4548.86
6189,Liam Nakamura,liam.nakamura.6189@example.com,Canada,2024-11-15,Basic,0.00
6190,Mia Nakamura,mia.nakamura.6190@example.com,India,2024-06-03,Basic,174.52
6191,Oliver Bennett,oliver.bennett.6191@example.com,Singapore,2024-05-24,Standard,418.10
6192,Hana Singh,hana.singh.6192@example.com,India,2024-07-16,Premium,3205.97
6193,Mia Singh,mia.singh.6193@example.com,Canada,2024-07-29,Basic,0.00
6194,Mateo Clarke,mateo.clarke.6194@example.com,Singapore,2024-07-16,Basic,292.93
6195,Liam Clarke,liam.clarke.6195@example.com,Australia,2024-12-06,Standard,950.75
6196,Arjun Chen,arjun.chen.6196@example.com,Japan,2025-01-24,Premium,3712.55
6197,Ethan Thompson,ethan.thompson.6197@example.com,Canada,2024-11-03,Basic,0.00
6198,Olivia Martin,olivia.martin.6198@example.com,United Arab Emirates,2024-04-01,Basic,30.38
6199,Chloe Anderson,chloe.anderson.6199@example.com,France,2024-12-30,Standard,970.52
6200,Noah Wilson,noah.wilson.6200@example.com,United Arab Emirates,2024-09-07,Premium,3607.32
6201,Noah Chen,noah.chen.6201@example.com,India,2024-09-02,Basic,0.00
6202,Nora Dubois,nora.dubois.6202@example.com,France,2024-04-28,Basic,112.48
6203,Nora Martin,nora.martin.6203@example.com,Singapore,2024-12-26,Standard,784.35
6204,Lucas Kim,lucas.kim.6204@example.com,Australia,2024-11-28,Premium,3723.70
6205,Hugo Patel,hugo.patel.6205@example.com,United Arab Emirates,2024-12-17,Basic,0.00
6206,Hana Kim,hana.kim.6206@example.com,United States,2024-09-19,Basic,167.59
6207,Samuel Bennett,samuel.bennett.6207@example.com,Singapore,2024-11-06,Standard,641.72
6208,Leo Wilson,leo.wilson.6208@example.com,United States,2024-09-02,Premium,5901.64
6209,Samuel Thompson,samuel.thompson.6209@example.com,France,2024-08-30,Basic,0.00
6210,Amelia Martin,amelia.martin.6210@example.com,United States,2024-11-06,Basic,189.04
6211,Amelia Williams,amelia.williams.6211@example.com,United Arab Emirates,2024-04-28,Standard,342.32
6212,Mateo Singh,mateo.singh.6212@example.com,Canada,2024-05-06,Premium,3325.25
6213,Olivia Kim,olivia.kim.6213@example.com,Germany,2024-06-01,Basic,0.00
6214,Mateo Singh,mateo.singh.6214@example.com,Germany,2024-06-12,Basic,281.72
6215,Oliver Rossi,oliver.rossi.6215@example.com,United States,2024-11-26,Standard,966.89
6216,Arjun Martin,arjun.martin.6216@example.com,Canada,2024-07-28,Premium,2954.01
6217,Ava Anderson,ava.anderson.6217@example.com,Australia,2024-04-29,Basic,0.00
6218,Amelia Martin,amelia.martin.6218@example.com,Australia,2024-08-02,Basic,155.64
6219,Olivia Singh,olivia.singh.6219@example.com,Canada,2024-08-10,Standard,834.36
6220,Zoe Santos,zoe.santos.6220@example.com,France,2024-03-02,Premium,4738.64
6221,Liam Clarke,liam.clarke.6221@example.com,Australia,2024-07-22,Basic,0.00
6222,Lucas Santos,lucas.santos.6222@example.com,United States,2024-05-26,Basic,81.53
6223,Chloe Rossi,chloe.rossi.6223@example.com,Singapore,2024-11-10,Standard,729.06
6224,Oliver Wilson,oliver.wilson.6224@example.com,Australia,2024-12-16,Premium,5009.12
6225,Ava Anderson,ava.anderson.6225@example.com,Australia,2024-04-24,Basic,0.00
6226,Lucas Anderson,lucas.anderson.6226@example.com,India,2024-04-24,Basic,99.40
6227,Hana Taylor,hana.taylor.6227@example.com,Canada,2024-02-04,Standard,767.80
6228,Oliver Bennett,oliver.bennett.6228@example.com,France,2024-11-15,Premium,5564.16
6229,Samuel Nguyen,samuel.nguyen.6229@example.com,Australia,2024-04-03,Basic,0.00
6230,Sofia Patel,sofia.patel.6230@example.com,Germany,2024-03-18,Basic,27.17
6231,Ethan Rossi,ethan.rossi.6231@example.com,United States,2024-09-15,Standard,889.74
6232,Isabella Clarke,isabella.clarke.6232@example.com,India,2024-07-10,Premium,3150.61
6233,Mateo Clarke,mateo.clarke.6233@example.com,United Arab Emirates,2024-04-09,Basic,0.00
6234,Noah Williams,noah.williams.6234@example.com,Canada,2024-06-04,Basic,117.98
6235,Hugo Dubois,hugo.dubois.6235@example.com,Australia,2024-03-10,Standard,760.38
6236,Hugo Nakamura,hugo.nakamura.6236@example.com,Germany,2024-11-28,Premium,2405.64
6237,Omar Patel,omar.patel.6237@example.com,Canada,2024-03-05,Basic,0.00
6238,Amelia Dubois,amelia.dubois.6238@example.com,Canada,2024-12-01,Basic,259.97
6239,Mia Garcia,mia.garcia.6239@example.com,United Arab Emirates,2024-05-15,Standard,657.16
6240,Nora Santos,nora.santos.6240@example.com,United Arab Emirates,2024-03-22,Premium,3177.04
6241,Hana Chen,hana.chen.6241@example.com,Canada,2024-08-21,Basic,0.00
6242,Nora Garcia,nora.garcia.6242@example.com,Australia,2024-03-23,Basic,204.71
6243,Hugo Kim,hugo.kim.6243@example.com,Australia,2024-08-24,Standard,887.78
6244,Sofia Taylor,sofia.taylor.6244@example.com,Germany,2024-09-30,Premium,3570.46
6245,Isabella Chen,isabella.chen.6245@example.com,Singapore,2024-12-19,Basic,0.00
6246,Chloe Patel,chloe.patel.6246@example.com,India,2024-03-24,Basic,264.35
6247,Sofia Bennett,sofia.bennett.6247@example.com,United Arab Emirates,2024-09-05,Standard,871.06
6248,Liam Nakamura,liam.nakamura.6248@example.com,Australia,2024-02-14,Premium,5585.11
6249,Amelia Rossi,amelia.rossi.6249@example.com,United Arab Emirates,2024-04-22,Basic,0.00
6250,Daniel Nguyen,daniel.nguyen.6250@example.com,Germany,2024-07-11,Basic,186.54
6251,Sofia Patel,sofia.patel.6251@example.com,United States,2024-05-08,Standard,991.35
6252,Ethan Williams,ethan.williams.6252@example.com,United Kingdom,2024-07-31,Premium,1860.28
6253,Priya Anderson,priya.anderson.6253@example.com,France,2024-07-31,Basic,0.00
6254,Amelia Santos,amelia.santos.6254@example.com,United Kingdom,2024-06-18,Basic,5.51
6255,Ava Chen,ava.chen.6255@example.com,United Kingdom,2024-11-24,Standard,967.24
6256,Zoe Williams,zoe.williams.6256@example.com,Germany,2024-06-01,Premium,2758.14
6257,Daniel Singh,daniel.singh.6257@example.com,Singapore,2024-09-14,Basic,0.00
6258,Hugo Rossi,hugo.rossi.6258@example.com,Japan,2024-12-23,Basic,167.59
6259,Sofia Patel,sofia.patel.6259@example.com,Japan,2024-12-06,Standard,866.75
6260,Sofia Kim,sofia.kim.6260@example.com,Germany,2024-04-08,Premium,5426.37
6261,Sofia Garcia,sofia.garcia.6261@example.com,Singapore,2024-11-06,Basic,0.00
6262,Arjun Patel,arjun.patel.6262@example.com,France,2025-01-24,Basic,53.28
6263,Oliver Williams,oliver.williams.6263@example.com,United Arab Emirates,2024-05-03,Standard,698.19
6264,Samuel Bennett,samuel.bennett.6264@example.com,Germany,2024-11-04,Premium,4257.25
6265,Hugo Thompson,hugo.thompson.6265@example.com,United States,2024-09-08,Basic,0.00
6266,Hugo Dubois,hugo.dubois.6266@example.com,United Arab Emirates,2024-05-12,Basic,216.49
6267,Ava Anderson,ava.anderson.6267@example.com,Canada,2024-11-28,Standard,954.30
6268,Hana Nguyen,hana.nguyen.6268@example.com,India,2024-07-31,Premium,3325.93
6269,Liam Kim,liam.kim.6269@example.com,United Arab Emirates,2024-03-01,Basic,0.00
6270,Ethan Santos,ethan.santos.6270@example.com,Japan,2024-11-04,Basic,198.95
6271,Daniel Wilson,daniel.wilson.6271@example.com,India,2024-06-20,Standard,941.18
6272,Noah Ahmed,noah.ahmed.6272@example.com,France,2024-12-22,Premium,4681.30
6273,Aisha Kim,aisha.kim.6273@example.com,Singapore,2024-10-29,Basic,0.00
6274,Ava Nguyen,ava.nguyen.6274@example.com,Canada,2024-07-14,Basic,30.38
6275,Priya Taylor,priya.taylor.6275@example.com,Japan,2024-04-10,Standard,946.41
6276,Chloe Martin,chloe.martin.6276@example.com,United States,2024-10-18,Premium,3500.13
6277,Mia Dubois,mia.dubois.6277@example.com,Japan,2024-04-05,Basic,0.00
6278,Daniel Rossi,daniel.rossi.6278@example.com,Canada,2024-08-04,Basic,289.95
6279,Lucas Khan,lucas.khan.6279@example.com,France,2024-08-10,Standard,912.80
6280,Olivia Rossi,olivia.rossi.6280@example.com,India,2024-04-27,Premium,4686.48
6281,Oliver Martin,oliver.martin.6281@example.com,Canada,2024-05-04,Basic,0.00
6282,Omar Bennett,omar.bennett.6282@example.com,United Kingdom,2024-10-31,Basic,253.99
6283,Ethan Kim,ethan.kim.6283@example.com,India,2024-04-27,Standard,930.06
6284,Lucas Nakamura,lucas.nakamura.6284@example.com,Canada,2024-11-09,Premium,6366.14
6285,Leo Khan,leo.khan.6285@example.com,United Arab Emirates,2024-06-08,Basic,0.00
6286,Ethan Bennett,ethan.bennett.6286@example.com,United Kingdom,2024-04-27,Basic,220.68
6287,Ethan Anderson,ethan.anderson.6287@example.com,Germany,2024-03-16,Standard,991.38
6288,Lucas Rossi,lucas.rossi.6288@example.com,United Arab Emirates,2024-04-30,Premium,7471.53
6289,Mateo Bennett,mateo.bennett.6289@example.com,United States,2024-12-07,Basic,0.00
6290,Priya Taylor,priya.taylor.6290@example.com,India,2024-04-28,Basic,15.93
6291,Priya Nakamura,priya.nakamura.6291@example.com,United States,2024-04-09,Standard,688.86
6292,Leo Dubois,leo.dubois.6292@example.com,United States,2024-06-14,Premium,5079.39
6293,Isabella Singh,isabella.singh.6293@example.com,United Arab Emirates,2024-08-03,Basic,0.00
6294,Leo Khan,leo.khan.6294@example.com,Canada,2024-03-06,Basic,91.95
6295,Hugo Wilson,hugo.wilson.6295@example.com,United States,2024-02-10,Standard,920.62
6296,Priya Anderson,priya.anderson.6296@example.com,United Arab Emirates,2024-03-10,Premium,5003.58
6297,Noah Garcia,noah.garcia.6297@example.com,United Arab Emirates,2024-05-23,Basic,0.00
6298,Arjun Kim,arjun.kim.6298@example.com,Australia,2024-11-02,Basic,130.82
6299,Mateo Martin,mateo.martin.6299@example.com,Canada,2024-04-23,Standard,750.16
6300,Lucas Nakamura,lucas.nakamura.6300@example.com,United Kingdom,2024-03-16,Premium,2448.83
6301,Hana Anderson,hana.anderson.6301@example.com,India,2024-02-03,Basic,0.00
6302,Priya Singh,priya.singh.6302@example.com,India,2024-02-11,Basic,266.92
6303,Aisha Chen,aisha.chen.6303@example.com,Japan,2024-10-06,Standard,685.32
6304,Daniel Singh,daniel.singh.6304@example.com,France,2024-08-23,Premium,4055.54
6305,Mia Dubois,mia.dubois.6305@example.com,United Kingdom,2025-01-16,Basic,0.00
6306,Samuel Taylor,samuel.taylor.6306@example.com,United States,2024-09-30,Basic,160.69
6307,Leo Chen,leo.chen.6307@example.com,India,2024-06-24,Standard,530.32
6308,Ava Ahmed,ava.ahmed.6308@example.com,France,2024-02-06,Premium,3637.02
6309,Amelia Rossi,amelia.rossi.6309@example.com,France,2024-05-27,Basic,0.00
6310,Nora Martin,nora.martin.6310@example.com,Australia,2024-06-18,Basic,256.29
6311,Leo Garcia,leo.garcia.6311@example.com,Japan,2024-09-05,Standard,919.27
6312,Daniel Chen,daniel.chen.6312@example.com,Australia,2025-01-10,Premium,3899.10
6313,Liam Khan,liam.khan.6313@example.com,Australia,2024-08-29,Basic,0.00
6314,Liam Bennett,liam.bennett.6314@example.com,United Arab Emirates,2024-06-12,Basic,48.40
6315,Lucas Garcia,lucas.garcia.6315@example.com,India,2024-07-03,Standard,994.14
6316,Sofia Khan,sofia.khan.6316@example.com,United Kingdom,2024-08-18,Premium,3538.06
6317,Omar Patel,omar.patel.6317@example.com,Germany,2024-03-31,Basic,0.00
6318,Samuel Khan,samuel.khan.6318@example.com,Japan,2024-05-02,Basic,291.99
6319,Nora Thompson,nora.thompson.6319@example.com,India,2024-10-25,Standard,866.01
6320,Omar Thompson,omar.thompson.6320@example.com,India,2024-02-17,Premium,2803.13
6321,Leo Khan,leo.khan.6321@example.com,Germany,2024-12-06,Basic,0.00
6322,Lucas Martin,lucas.martin.6322@example.com,United Arab Emirates,2024-02-24,Basic,283.97
6323,Mia Taylor,mia.taylor.6323@example.com,United Kingdom,2024-09-30,Standard,933.10
6324,Isabella Santos,isabella.santos.6324@example.com,United Kingdom,2024-10-19,Premium,4300.70
6325,Oliver Nakamura,oliver.nakamura.6325@example.com,United States,2024-03-16,Basic,0.00
6326,Hugo Clarke,hugo.clarke.6326@example.com,United Arab Emirates,2024-11-16,Basic,232.40
6327,Ava Martin,ava.martin.6327@example.com,Germany,2025-01-23,Standard,943.97
6328,Ethan Singh,ethan.singh.6328@example.com,Canada,2024-06-26,Premium,2614.18
6329,Oliver Anderson,oliver.anderson.6329@example.com,Japan,2024-07-07,Basic,0.00
6330,Mia Patel,mia.patel.6330@example.com,United Kingdom,2024-10-12,Basic,55.58
6331,Ethan Anderson,ethan.anderson.6331@example.com,Germany,2024-07-26,Standard,993.74
6332,Leo Santos,leo.santos.6332@example.com,Australia,2024-10-14,Premium,4699.53
6333,Chloe Rossi,chloe.rossi.6333@example.com,Germany,2024-09-17,Basic,0.00
6334,Hana Bennett,hana.bennett.6334@example.com,Canada,2024-08-02,Basic,145.44
6335,Lucas Nguyen,lucas.nguyen.6335@example.com,France,2024-05-26,Standard,911.91
6336,Chloe Chen,chloe.chen.6336@example.com,India,2024-11-13,Premium,2860.55
6337,Hana Singh,hana.singh.6337@example.com,Germany,2025-01-18,Basic,0.00
6338,Nora Martin,nora.martin.6338@example.com,Australia,2024-10-22,Basic,172.88
6339,Leo Patel,leo.patel.6339@example.com,United Kingdom,2024-12-31,Standard,838.16
6340,Amelia Bennett,amelia.bennett.6340@example.com,United Arab Emirates,2024-07-23,Premium,2895.20
6341,Arjun Ahmed,arjun.ahmed.6341@example.com,France,2024-12-17,Basic,0.00
6342,Isabella Thompson,isabella.thompson.6342@example.com,Germany,2024-04-30,Basic,278.18
6343,Olivia Dubois,olivia.dubois.6343@example.com,Germany,2024-05-31,Standard,764.37
6344,Isabella Rossi,isabella.rossi.6344@example.com,United Arab Emirates,2024-02-09,Premium,3394.00
6345,Noah Rossi,noah.rossi.6345@example.com,Australia,2024-10-02,Basic,0.00
6346,Oliver Garcia,oliver.garcia.6346@example.com,Germany,2025-01-10,Basic,68.53
6347,Leo Singh,leo.singh.6347@example.com,Germany,2024-10-08,Standard,871.25
6348,Zoe Taylor,zoe.taylor.6348@example.com,United Kingdom,2024-06-30,Premium,3191.14
6349,Arjun Nakamura,arjun.nakamura.6349@example.com,Singapore,2024-10-25,Basic,0.00
6350,Mia Patel,mia.patel.6350@example.com,Australia,2024-09-22,Basic,91.95
6351,Noah Dubois,noah.dubois.6351@example.com,India,2024-03-14,Standard,803.09
6352,Oliver Nakamura,oliver.nakamura.6352@example.com,France,2024-08-31,Premium,2705.90
6353,Mia Taylor,mia.taylor.6353@example.com,Japan,2024-04-08,Basic,0.00
6354,Daniel Dubois,daniel.dubois.6354@example.com,Australia,2024-08-25,Basic,15.72
6355,Oliver Garcia,oliver.garcia.6355@example.com,France,2025-01-03,Standard,629.59
6356,Lucas Garcia,lucas.garcia.6356@example.com,Singapore,2024-08-09,Premium,3964.45
6357,Aisha Clarke,aisha.clarke.6357@example.com,United Arab Emirates,2024-02-18,Basic,0.00
6358,Noah Chen,noah.chen.6358@example.com,Japan,2024-10-01,Basic,102.83
6359,Priya Martin,priya.martin.6359@example.com,United Arab Emirates,2024-03-28,Standard,941.15
6360,Amelia Ahmed,amelia.ahmed.6360@example.com,Germany,2024-07-21,Premium,5260.11
6361,Noah Nakamura,noah.nakamura.6361@example.com,Singapore,2024-08-16,Basic,0.00
6362,Amelia Wilson,amelia.wilson.6362@example.com,Australia,2024-08-05,Basic,52.07
6363,Leo Taylor,leo.taylor.6363@example.com,United States,2024-07-22,Standard,773.55
6364,Noah Anderson,noah.anderson.6364@example.com,Australia,2024-09-15,Premium,5117.90
6365,Mia Taylor,mia.taylor.6365@example.com,United Arab Emirates,2024-10-18,Basic,0.00
6366,Arjun Khan,arjun.khan.6366@example.com,United States,2024-08-21,Basic,134.07
6367,Hugo Nakamura,hugo.nakamura.6367@example.com,Australia,2024-02-12,Standard,622.20
6368,Chloe Thompson,chloe.thompson.6368@example.com,United Kingdom,2024-11-07,Premium,5684.90
6369,Sofia Martin,sofia.martin.6369@example.com,Canada,2024-09-03,Basic,0.00
6370,Leo Thompson,leo.thompson.6370@example.com,United Arab Emirates,2024-12-25,Basic,106.40
6371,Mia Garcia,mia.garcia.6371@example.com,United Arab Emirates,2024-02-09,Standard,993.61
6372,Aisha Nakamura,aisha.nakamura.6372@example.com,Singapore,2024-12-28,Premium,4367.39
6373,Aisha Taylor,aisha.taylor.6373@example.com,France,2024-05-22,Basic,0.00
6374,Aisha Santos,aisha.santos.6374@example.com,United Arab Emirates,2024-02-24,Basic,153.60
6375,Chloe Thompson,chloe.thompson.6375@example.com,Australia,2024-11-20,Standard,977.49
6376,Leo Khan,leo.khan.6376@example.com,Germany,2025-01-14,Premium,3608.66
6377,Ethan Ahmed,ethan.ahmed.6377@example.com,United Arab Emirates,2024-10-15,Basic,0.00
6378,Hugo Dubois,hugo.dubois.6378@example.com,United States,2024-07-11,Basic,114.21
6379,Zoe Santos,zoe.santos.6379@example.com,United States,2025-01-09,Standard,978.11
6380,Zoe Wilson,zoe.wilson.6380@example.com,United Arab Emirates,2024-04-11,Premium,4528.10
6381,Sofia Williams,sofia.williams.6381@example.com,Japan,2024-03-02,Basic,0.00
6382,Mia Nguyen,mia.nguyen.6382@example.com,India,2025-01-24,Basic,239.62
6383,Olivia Nguyen,olivia.nguyen.6383@example.com,India,2025-01-15,Standard,943.93
6384,Samuel Nakamura,samuel.nakamura.6384@example.com,United States,2024-08-27,Premium,3400.93
6385,Chloe Khan,chloe.khan.6385@example.com,Canada,2024-03-03,Basic,0.00
6386,Olivia Dubois,olivia.dubois.6386@example.com,Canada,2024-11-22,Basic,216.79
6387,Daniel Bennett,daniel.bennett.6387@example.com,Japan,2024-05-09,Standard,941.30
6388,Hana Rossi,hana.rossi.6388@example.com,Canada,2024-10-18,Premium,1683.66
6389,Mateo Garcia,mateo.garcia.6389@example.com,United Arab Emirates,2024-11-01,Basic,0.00
6390,Ethan Thompson,ethan.thompson.6390@example.com,United Kingdom,2024-11-14,Basic,181.71
6391,Sofia Taylor,sofia.taylor.6391@example.com,France,2024-05-15,Standard,896.34
6392,Arjun Nakamura,arjun.nakamura.6392@example.com,United Kingdom,2024-09-22,Premium,1649.82
6393,Samuel Bennett,samuel.bennett.6393@example.com,Singapore,2024-09-04,Basic,0.00
6394,Lucas Clarke,lucas.clarke.6394@example.com,Germany,2024-04-28,Basic,118.23
6395,Chloe Rossi,chloe.rossi.6395@example.com,Germany,2024-04-21,Standard,943.45
6396,Amelia Khan,amelia.khan.6396@example.com,United Arab Emirates,2024-11-01,Premium,3343.90
6397,Daniel Anderson,daniel.anderson.6397@example.com,United Kingdom,2025-01-11,Basic,0.00
6398,Arjun Santos,arjun.santos.6398@example.com,Germany,2025-01-17,Basic,104.04
6399,Zoe Clarke,zoe.clarke.6399@example.com,United States,2024-03-29,Standard,949.47
6400,Lucas Kim,lucas.kim.6400@example.com,United Arab Emirates,2024-12-09,Premium,3924.10
6401,Leo Nakamura,leo.nakamura.6401@example.com,United States,2024-08-13,Basic,0.00
6402,Mateo Martin,mateo.martin.6402@example.com,United Kingdom,2024-12-12,Basic,214.52
6403,Isabella Nguyen,isabella.nguyen.6403@example.com,Japan,2024-05-08,Standard,990.45
6404,Amelia Kim,amelia.kim.6404@example.com,Germany,2024-12-07,Premium,6400.70
6405,Aisha Martin,aisha.martin.6405@example.com,Germany,2024-05-29,Basic,0.00
6406,Oliver Ahmed,oliver.ahmed.6406@example.com,Germany,2025-01-03,Basic,291.99
6407,Arjun Singh,arjun.singh.6407@example.com,Canada,2025-01-21,Standard,954.26
6408,Daniel Garcia,daniel.garcia.6408@example.com,Japan,2024-11-02,Premium,5481.37
6409,Liam Taylor,liam.taylor.6409@example.com,Japan,2024-10-15,Basic,0.00
6410,Amelia Dubois,amelia.dubois.6410@example.com,India,2024-12-25,Basic,114.21
6411,Mia Anderson,mia.anderson.6411@example.com,United Kingdom,2024-07-25,Standard,652.56
6412,Zoe Ahmed,,United Arab Emirates,2024-02-27,Premium,4526.62
6413,Liam Dubois,liam.dubois.6413@example.com,Germany,2024-11-24,Basic,0.00
6414,Samuel Chen,samuel.chen.6414@example.com,Singapore,2024-03-19,Basic,22.86
6415,Isabella Bennett,isabella.bennett.6415@example.com,Australia,2024-09-17,Standard,929.10
6416,Noah Williams,noah.williams.6416@example.com,Japan,2024-02-28,Premium,3507.94
6417,Mateo Chen,mateo.chen.6417@example.com,India,2024-12-19,Basic,0.00
6418,Lucas Singh,lucas.singh.6418@example.com,Japan,2024-02-25,Basic,264.10
6419,Ava Bennett,ava.bennett.6419@example.com,Singapore,2024-12-19,Standard,778.34
6420,Oliver Singh,oliver.singh.6420@example.com,Singapore,2024-12-24,Premium,3361.81
6421,Olivia Nakamura,olivia.nakamura.6421@example.com,Canada,2024-08-24,Basic,0.00
6422,Sofia Ahmed,sofia.ahmed.6422@example.com,Canada,2024-12-04,Basic,226.74
6423,Leo Nguyen,leo.nguyen.6423@example.com,Canada,2024-12-30,Standard,851.52
6424,Lucas Wilson,lucas.wilson.6424@example.com,Singapore,2024-07-17,Premium,4618.81
6425,Amelia Bennett,amelia.bennett.6425@example.com,Japan,2024-04-16,Basic,0.00
6426,Aisha Ahmed,aisha.ahmed.6426@example.com,United Arab Emirates,2024-07-23,Basic,134.07
6427,Hana Martin,hana.martin.6427@example.com,Japan,2024-12-20,Standard,891.32
6428,Mia Garcia,mia.garcia.6428@example.com,United Kingdom,2024-09-02,Premium,7408.95
6429,Oliver Bennett,oliver.bennett.6429@example.com,India,2024-11-30,Basic,0.00
6430,Daniel Williams,daniel.williams.6430@example.com,United Arab Emirates,2024-08-16,Basic,135.46
6431,Liam Martin,liam.martin.6431@example.com,Japan,2024-08-26,Standard,941.97
6432,Chloe Chen,chloe.chen.6432@example.com,United States,2024-11-12,Premium,1098.00
6433,Noah Ahmed,noah.ahmed.6433@example.com,Canada,2024-02-09,Basic,0.00
6434,Arjun Clarke,arjun.clarke.6434@example.com,United Kingdom,2024-09-21,Basic,115.93
6435,Noah Martin,noah.martin.6435@example.com,India,2024-05-10,Standard,918.82
6436,Daniel Patel,daniel.patel.6436@example.com,Germany,2024-06-17,Premium,5296.54
6437,Ava Santos,ava.santos.6437@example.com,United Arab Emirates,2024-08-14,Basic,0.00
6438,Zoe Martin,zoe.martin.6438@example.com,Germany,2024-07-21,Basic,42.79
6439,Aisha Thompson,aisha.thompson.6439@example.com,United States,2024-03-13,Standard,812.11
6440,Ethan Bennett,ethan.bennett.6440@example.com,Germany,2025-01-04,Premium,6078.60
6441,Daniel Chen,daniel.chen.6441@example.com,Germany,2024-04-24,Basic,0.00
6442,Daniel Kim,daniel.kim.6442@example.com,Australia,2024-08-27,Basic,291.45
6443,Mateo Bennett,mateo.bennett.6443@example.com,United Arab Emirates,2024-03-18,Standard,834.12
6444,Sofia Anderson,sofia.anderson.6444@example.com,Japan,2024-08-05,Premium,5645.07
6445,Arjun Bennett,arjun.bennett.6445@example.com,Canada,2024-11-09,Basic,0.00
6446,Mia Rossi,mia.rossi.6446@example.com,Japan,2024-08-26,Basic,282.60
6447,Priya Singh,priya.singh.6447@example.com,Australia,2024-12-09,Standard,905.11
6448,Chloe Nakamura,chloe.nakamura.6448@example.com,United States,2024-04-08,Premium,2871.29
6449,Lucas Anderson,lucas.anderson.6449@example.com,India,2024-07-12,Basic,0.00
6450,Sofia Wilson,sofia.wilson.6450@example.com,United States,2024-07-30,Basic,181.43
6451,Omar Anderson,omar.anderson.6451@example.com,India,2024-06-10,Standard,927.01
6452,Aisha Garcia,aisha.garcia.6452@example.com,Singapore,2024-09-13,Premium,4127.47
6453,Omar Patel,omar.patel.6453@example.com,United States,2024-06-04,Basic,0.00
6454,Chloe Patel,chloe.patel.6454@example.com,Singapore,2024-11-06,Basic,195.87
6455,Sofia Williams,sofia.williams.6455@example.com,France,2024-11-18,Standard,534.92
6456,Nora Thompson,nora.thompson.6456@example.com,Australia,2024-10-23,Premium,2408.46
6457,Omar Patel,omar.patel.6457@example.com,India,2024-08-29,Basic,0.00
6458,Sofia Khan,sofia.khan.6458@example.com,Canada,2024-05-29,Basic,254.85
6459,Leo Singh,leo.singh.6459@example.com,India,2024-08-25,Standard,547.15
6460,Nora Clarke,nora.clarke.6460@example.com,United Arab Emirates,2024-10-28,Premium,4761.38
6461,Leo Wilson,leo.wilson.6461@example.com,United Arab Emirates,2024-03-09,Basic,0.00
6462,Sofia Kim,sofia.kim.6462@example.com,United Arab Emirates,2024-07-08,Basic,129.64
6463,Hana Thompson,hana.thompson.6463@example.com,Canada,2024-04-10,Standard,960.26
6464,Samuel Singh,samuel.singh.6464@example.com,Germany,2024-05-06,Premium,4260.49
6465,Mateo Ahmed,mateo.ahmed.6465@example.com,India,2024-05-05,Basic,0.00
6466,Ethan Taylor,ethan.taylor.6466@example.com,United Arab Emirates,2024-12-14,Basic,85.24
6467,Sofia Bennett,sofia.bennett.6467@example.com,India,2024-09-01,Standard,741.83
6468,Chloe Garcia,chloe.garcia.6468@example.com,Japan,2024-11-18,Premium,2861.67
6469,Hana Taylor,hana.taylor.6469@example.com,Canada,2024-05-07,Basic,0.00
6470,Omar Dubois,omar.dubois.6470@example.com,United Arab Emirates,2024-11-29,Basic,278.18
6471,Mateo Chen,mateo.chen.6471@example.com,United Arab Emirates,2024-12-05,Standard,703.60
6472,Samuel Nguyen,samuel.nguyen.6472@example.com,Australia,2024-05-21,Premium,3714.14
6473,Isabella Nguyen,isabella.nguyen.6473@example.com,Japan,2024-08-23,Basic,0.00
6474,Oliver Ahmed,oliver.ahmed.6474@example.com,Japan,2025-01-29,Basic,244.37
6475,Hugo Nakamura,hugo.nakamura.6475@example.com,United Arab Emirates,2024-05-06,Standard,822.95
6476,Omar Taylor,omar.taylor.6476@example.com,United States,2024-07-04,Premium,1938.22
6477,Liam Anderson,liam.anderson.6477@example.com,Germany,2024-10-26,Basic,0.00
6478,Ethan Singh,ethan.singh.6478@example.com,Singapore,2024-06-08,Basic,126.55
6479,Mateo Anderson,mateo.anderson.6479@example.com,United Kingdom,2024-07-17,Standard,894.04
6480,Ava Clarke,ava.clarke.6480@example.com,Singapore,2024-05-08,Premium,2282.98
6481,Mateo Garcia,mateo.garcia.6481@example.com,Canada,2024-04-05,Basic,0.00
6482,Chloe Bennett,chloe.bennett.6482@example.com,United States,2024-02-03,Basic,210.38
6483,Olivia Wilson,olivia.wilson.6483@example.com,Germany,2024-02-26,Standard,586.54
6484,Zoe Nakamura,zoe.nakamura.6484@example.com,India,2024-04-16,Premium,2086.22
6485,Mateo Garcia,mateo.garcia.6485@example.com,Germany,2024-12-30,Basic,0.00
6486,Daniel Anderson,daniel.anderson.6486@example.com,United States,2024-06-25,Basic,235.65
6487,Samuel Rossi,samuel.rossi.6487@example.com,United Kingdom,2024-05-22,Standard,729.14
6488,Lucas Williams,,United States,2024-05-15,Premium,3257.18
6489,Aisha Rossi,aisha.rossi.6489@example.com,Japan,2024-07-14,Basic,0.00
6490,Sofia Nguyen,sofia.nguyen.6490@example.com,Japan,2024-04-08,Basic,287.06
6491,Noah Rossi,noah.rossi.6491@example.com,United Arab Emirates,2024-11-03,Standard,984.22
6492,Leo Santos,leo.santos.6492@example.com,India,2024-07-02,Premium,4378.72
6493,Ethan Chen,ethan.chen.6493@example.com,Germany,2024-02-06,Basic,0.00
6494,Isabella Clarke,isabella.clarke.6494@example.com,Canada,2024-02-29,Basic,106.71
6495,Aisha Martin,aisha.martin.6495@example.com,Australia,2024-07-22,Standard,915.38
6496,Arjun Bennett,arjun.bennett.6496@example.com,United Arab Emirates,2024-10-06,Premium,6187.78
6497,Leo Taylor,leo.taylor.6497@example.com,United Arab Emirates,2024-03-24,Basic,0.00
6498,Mateo Patel,mateo.patel.6498@example.com,Singapore,2024-12-14,Basic,160.69
6499,Chloe Chen,chloe.chen.6499@example.com,United Arab Emirates,2024-11-06,Standard,847.53
6500,Noah Kim,noah.kim.6500@example.com,India,2024-10-31,Premium,5246.68
6501,Sofia Bennett,sofia.bennett.6501@example.com,United Kingdom,2024-09-30,Basic,0.00
6502,Daniel Kim,daniel.kim.6502@example.com,Australia,2024-12-18,Basic,278.18
6503,Amelia Nakamura,amelia.nakamura.6503@example.com,United Arab Emirates,2024-08-28,Standard,624.55
6504,Leo Williams,leo.williams.6504@example.com,Singapore,2024-09-08,Premium,5042.89
6505,Hana Santos,hana.santos.6505@example.com,Japan,2024-04-19,Basic,0.00
6506,Zoe Wilson,zoe.wilson.6506@example.com,United States,2024-07-08,Basic,24.73
6507,Arjun Wilson,arjun.wilson.6507@example.com,Japan,2024-06-11,Standard,505.90
6508,Liam Martin,liam.martin.6508@example.com,France,2024-05-26,Premium,2624.80
6509,Olivia Khan,olivia.khan.6509@example.com,Japan,2025-01-04,Basic,0.00
6510,Mateo Santos,mateo.santos.6510@example.com,India,2024-03-21,Basic,171.37
6511,Amelia Singh,amelia.singh.6511@example.com,Japan,2024-10-08,Standard,678.63
6512,Hugo Khan,hugo.khan.6512@example.com,Canada,2024-03-09,Premium,2989.48
6513,Hugo Kim,hugo.kim.6513@example.com,United States,2024-05-26,Basic,0.00
6514,Leo Garcia,leo.garcia.6514@example.com,United Arab Emirates,2025-01-05,Basic,277.55
6515,Ethan Singh,ethan.singh.6515@example.com,Canada,2025-01-21,Standard,632.19
6516,Isabella Clarke,isabella.clarke.6516@example.com,United Arab Emirates,2024-12-02,Premium,3438.86
6517,Samuel Garcia,samuel.garcia.6517@example.com,United Arab Emirates,2024-05-12,Basic,0.00
6518,Aisha Thompson,aisha.thompson.6518@example.com,Australia,2024-05-18,Basic,215.48
6519,Nora Singh,nora.singh.6519@example.com,Australia,2024-07-02,Standard,758.42
6520,Samuel Martin,samuel.martin.6520@example.com,Germany,2024-07-08,Premium,4229.14
6521,Mia Nakamura,mia.nakamura.6521@example.com,Germany,2024-11-08,Basic,0.00
6522,Mateo Bennett,mateo.bennett.6522@example.com,Germany,2024-10-10,Basic,145.96
6523,Leo Bennett,leo.bennett.6523@example.com,Japan,2024-10-31,Standard,874.51
6524,Leo Chen,leo.chen.6524@example.com,Australia,2024-07-11,Premium,2073.08
6525,Olivia Bennett,olivia.bennett.6525@example.com,Japan,2024-08-30,Basic,0.00
6526,Isabella Garcia,isabella.garcia.6526@example.com,United Arab Emirates,2024-03-08,Basic,226.25
6527,Hugo Singh,hugo.singh.6527@example.com,Singapore,2024-08-01,Standard,760.79
6528,Olivia Thompson,olivia.thompson.6528@example.com,Australia,2025-01-02,Premium,2188.32
6529,Ethan Nguyen,ethan.nguyen.6529@example.com,United Arab Emirates,2024-07-27,Basic,0.00
6530,Olivia Patel,olivia.patel.6530@example.com,France,2024-08-15,Basic,163.10
6531,Ava Patel,ava.patel.6531@example.com,United States,2024-12-06,Standard,867.47
6532,Olivia Nguyen,olivia.nguyen.6532@example.com,France,2024-10-18,Premium,4625.15
6533,Amelia Kim,amelia.kim.6533@example.com,France,2024-11-05,Basic,0.00
6534,Samuel Garcia,samuel.garcia.6534@example.com,United Kingdom,2024-07-14,Basic,61.07
6535,Nora Patel,nora.patel.6535@example.com,Germany,2024-12-14,Standard,863.88
6536,Chloe Kim,chloe.kim.6536@example.com,Australia,2024-12-05,Premium,2377.02
6537,Daniel Williams,daniel.williams.6537@example.com,India,2024-02-25,Basic,0.00
6538,Zoe Thompson,zoe.thompson.6538@example.com,Japan,2024-02-02,Basic,85.67
6539,Noah Wilson,noah.wilson.6539@example.com,United States,2024-11-27,Standard,920.77
6540,Arjun Bennett,arjun.bennett.6540@example.com,Germany,2024-07-13,Premium,2537.52
6541,Lucas Williams,lucas.williams.6541@example.com,Singapore,2024-06-21,Basic,0.00
6542,Amelia Anderson,amelia.anderson.6542@example.com,United Arab Emirates,2025-01-30,Basic,181.71
6543,Oliver Chen,oliver.chen.6543@example.com,Canada,2024-03-13,Standard,708.38
6544,Oliver Bennett,oliver.bennett.6544@example.com,Australia,2024-11-28,Premium,3867.50
6545,Chloe Dubois,chloe.dubois.6545@example.com,Canada,2024-02-21,Basic,0.00
6546,Arjun Ahmed,arjun.ahmed.6546@example.com,France,2024-11-05,Basic,86.65
6547,Oliver Dubois,oliver.dubois.6547@example.com,Germany,2024-12-18,Standard,960.31
6548,Priya Bennett,priya.bennett.6548@example.com,Japan,2024-10-31,Premium,2382.37
6549,Oliver Bennett,oliver.bennett.6549@example.com,Canada,2024-08-19,Basic,0.00
6550,Isabella Martin,isabella.martin.6550@example.com,United Arab Emirates,2025-01-23,Basic,50.50
6551,Isabella Garcia,isabella.garcia.6551@example.com,India,2024-06-24,Standard,953.92
6552,Priya Taylor,priya.taylor.6552@example.com,United Arab Emirates,2024-05-16,Premium,2684.88
6553,Ava Anderson,ava.anderson.6553@example.com,France,2024-09-01,Basic,0.00
6554,Sofia Khan,sofia.khan.6554@example.com,United States,2024-05-08,Basic,64.44
6555,Mateo Nakamura,mateo.nakamura.6555@example.com,Germany,2024-06-14,Standard,884.77
6556,Amelia Ahmed,amelia.ahmed.6556@example.com,Singapore,2024-02-28,Premium,3875.50
6557,Leo Thompson,leo.thompson.6557@example.com,United States,2024-10-16,Basic,0.00
6558,Samuel Clarke,samuel.clarke.6558@example.com,Singapore,2024-10-05,Basic,220.68
6559,Noah Clarke,noah.clarke.6559@example.com,Canada,2024-02-22,Standard,911.75
6560,Daniel Williams,daniel.williams.6560@example.com,United Arab Emirates,2025-01-24,Premium,5253.90
6561,Mateo Garcia,mateo.garcia.6561@example.com,Singapore,2025-01-20,Basic,0.00
6562,Zoe Wilson,zoe.wilson.6562@example.com,Australia,2024-03-12,Basic,171.35
6563,Olivia Khan,olivia.khan.6563@example.com,Canada,2024-08-18,Standard,394.56
6564,Chloe Williams,chloe.williams.6564@example.com,United Kingdom,2024-07-21,Premium,2766.05
6565,Oliver Patel,oliver.patel.6565@example.com,Singapore,2024-07-23,Basic,0.00
6566,Oliver Singh,oliver.singh.6566@example.com,France,2024-04-24,Basic,264.69
6567,Chloe Anderson,chloe.anderson.6567@example.com,Canada,2025-01-02,Standard,581.34
6568,Liam Williams,liam.williams.6568@example.com,United Arab Emirates,2025-01-01,Premium,1696.64
6569,Chloe Singh,chloe.singh.6569@example.com,Germany,2024-09-20,Basic,0.00
6570,Daniel Martin,daniel.martin.6570@example.com,Canada,2024-02-10,Basic,175.96
6571,Isabella Anderson,isabella.anderson.6571@example.com,United Arab Emirates,2024-09-28,Standard,558.59
6572,Daniel Bennett,daniel.bennett.6572@example.com,Japan,2024-10-02,Premium,4075.52
6573,Mia Kim,mia.kim.6573@example.com,Germany,2024-07-01,Basic,0.00
6574,Hugo Singh,hugo.singh.6574@example.com,Singapore,2025-01-13,Basic,278.18
6575,Daniel Chen,daniel.chen.6575@example.com,Australia,2024-03-12,Standard,791.30
6576,Nora Garcia,nora.garcia.6576@example.com,Germany,2024-08-18,Premium,2285.78
6577,Samuel Garcia,samuel.garcia.6577@example.com,United Arab Emirates,2024-11-20,Basic,0.00
6578,Isabella Anderson,isabella.anderson.6578@example.com,United Arab Emirates,2024-06-19,Basic,29.59
6579,Leo Thompson,leo.thompson.6579@example.com,India,2024-08-27,Standard,653.79
6580,Sofia Taylor,sofia.taylor.6580@example.com,Canada,2024-06-07,Premium,3330.53
6581,Isabella Rossi,isabella.rossi.6581@example.com,India,2024-02-02,Basic,0.00
6582,Omar Anderson,omar.anderson.6582@example.com,United States,2024-04-11,Basic,55.93
6583,Samuel Dubois,samuel.dubois.6583@example.com,United Kingdom,2024-10-31,Standard,982.47
6584,Lucas Bennett,lucas.bennett.6584@example.com,Canada,2024-08-10,Premium,3276.07
6585,Hugo Nguyen,hugo.nguyen.6585@example.com,Japan,2024-02-04,Basic,0.00
6586,Ava Dubois,ava.dubois.6586@example.com,Singapore,2024-08-24,Basic,72.24
6587,Noah Santos,noah.santos.6587@example.com,United States,2024-08-20,Standard,899.37
6588,Arjun Singh,arjun.singh.6588@example.com,India,2024-08-21,Premium,3340.95
6589,Arjun Taylor,arjun.taylor.6589@example.com,United States,2024-08-08,Basic,0.00
6590,Noah Chen,noah.chen.6590@example.com,Singapore,2024-12-25,Basic,170.59
6591,Olivia Taylor,olivia.taylor.6591@example.com,Germany,2024-02-05,Standard,924.20
6592,Mateo Nguyen,mateo.nguyen.6592@example.com,United Arab Emirates,2024-04-02,Premium,3071.27
6593,Amelia Khan,amelia.khan.6593@example.com,United Arab Emirates,2024-02-23,Basic,0.00
6594,Hana Williams,hana.williams.6594@example.com,Canada,2024-03-02,Basic,255.05
6595,Samuel Anderson,samuel.anderson.6595@example.com,United States,2024-04-14,Standard,943.63
6596,Omar Chen,omar.chen.6596@example.com,United States,2024-12-08,Premium,4359.56
6597,Mia Santos,mia.santos.6597@example.com,Canada,2025-01-18,Basic,0.00
6598,Ava Nakamura,ava.nakamura.6598@example.com,France,2024-11-18,Basic,28.91
6599,Nora Clarke,nora.clarke.6599@example.com,France,2024-05-29,Standard,478.82
6600,Liam Rossi,liam.rossi.6600@example.com,Canada,2024-08-19,Premium,3761.13
6601,Noah Singh,noah.singh.6601@example.com,United Arab Emirates,2024-10-31,Basic,0.00
6602,Leo Singh,leo.singh.6602@example.com,Canada,2024-09-25,Basic,62.57
6603,Omar Thompson,omar.thompson.6603@example.com,Germany,2025-01-04,Standard,767.67
6604,Isabella Patel,isabella.patel.6604@example.com,Germany,2024-12-19,Premium,4948.12
6605,Hana Chen,hana.chen.6605@example.com,United States,2024-07-13,Basic,0.00
6606,Lucas Nguyen,lucas.nguyen.6606@example.com,United Arab Emirates,2024-06-24,Basic,15.72
6607,Priya Wilson,priya.wilson.6607@example.com,France,2024-05-26,Standard,954.61
6608,Aisha Garcia,aisha.garcia.6608@example.com,United Kingdom,2024-11-12,Premium,5171.16
6609,Amelia Nguyen,amelia.nguyen.6609@example.com,United Kingdom,2024-11-07,Basic,0.00
6610,Mateo Dubois,mateo.dubois.6610@example.com,France,2024-12-19,Basic,217.10
6611,Omar Ahmed,omar.ahmed.6611@example.com,Australia,2024-06-25,Standard,964.47
6612,Lucas Santos,lucas.santos.6612@example.com,India,2024-08-26,Premium,2940.23
6613,Ethan Martin,ethan.martin.6613@example.com,United Arab Emirates,2025-01-17,Basic,0.00
6614,Omar Chen,omar.chen.6614@example.com,United Kingdom,2024-10-10,Basic,254.03
6615,Mateo Thompson,mateo.thompson.6615@example.com,United States,2024-07-11,Standard,836.13
6616,Priya Taylor,priya.taylor.6616@example.com,India,2024-02-07,Premium,2578.20
6617,Arjun Taylor,arjun.taylor.6617@example.com,United Kingdom,2024-09-03,Basic,0.00
6618,Sofia Wilson,sofia.wilson.6618@example.com,Singapore,2024-09-04,Basic,91.66
6619,Amelia Nakamura,amelia.nakamura.6619@example.com,United States,2024-07-01,Standard,847.78
6620,Nora Chen,nora.chen.6620@example.com,India,2024-08-26,Premium,2318.04
6621,Amelia Chen,amelia.chen.6621@example.com,Australia,2024-07-30,Basic,0.00
6622,Olivia Kim,olivia.kim.6622@example.com,Singapore,2024-08-05,Basic,136.22
6623,Amelia Garcia,amelia.garcia.6623@example.com,France,2024-05-12,Standard,807.64
6624,Daniel Bennett,daniel.bennett.6624@example.com,United Kingdom,2024-09-13,Premium,4338.11
6625,Arjun Garcia,arjun.garcia.6625@example.com,India,2024-10-12,Basic,0.00
6626,Liam Santos,liam.santos.6626@example.com,India,2024-02-28,Basic,170.59
6627,Omar Ahmed,omar.ahmed.6627@example.com,Japan,2024-11-19,Standard,857.91
6628,Noah Kim,noah.kim.6628@example.com,Canada,2024-05-02,Premium,2940.54
6629,Mia Wilson,mia.wilson.6629@example.com,United Kingdom,2024-05-18,Basic,0.00
6630,Arjun Rossi,arjun.rossi.6630@example.com,France,2024-07-07,Basic,86.65
6631,Nora Rossi,nora.rossi.6631@example.com,Germany,2024-02-29,Standard,840.94
6632,Priya Dubois,priya.dubois.6632@example.com,Germany,2024-08-06,Premium,3085.84
6633,Ava Williams,ava.williams.6633@example.com,France,2025-01-21,Basic,0.00
6634,Nora Rossi,nora.rossi.6634@example.com,United States,2024-07-13,Basic,81.53
6635,Samuel Nakamura,samuel.nakamura.6635@example.com,United Kingdom,2024-11-20,Standard,924.09
6636,Samuel Garcia,samuel.garcia.6636@example.com,Singapore,2024-12-23,Premium,4005.36
6637,Hana Nguyen,hana.nguyen.6637@example.com,India,2024-09-10,Basic,0.00
6638,Samuel Wilson,samuel.wilson.6638@example.com,India,2024-11-24,Basic,19.31
6639,Ava Taylor,ava.taylor.6639@example.com,France,2024-08-17,Standard,855.60
6640,Liam Nguyen,liam.nguyen.6640@example.com,Australia,2024-05-10,Premium,2817.57
6641,Isabella Clarke,isabella.clarke.6641@example.com,Japan,2024-06-15,Basic,0.00
6642,Zoe Nguyen,zoe.nguyen.6642@example.com,Japan,2024-08-21,Basic,222.53
6643,Oliver Bennett,oliver.bennett.6643@example.com,France,2025-01-17,Standard,709.63
6644,Nora Singh,nora.singh.6644@example.com,Canada,2024-06-04,Premium,6066.39
6645,Samuel Thompson,samuel.thompson.6645@example.com,Japan,2024-03-17,Basic,0.00
6646,Oliver Patel,,Australia,2024-02-04,Basic,449.70
6647,Zoe Williams,zoe.williams.6647@example.com,United Arab Emirates,2024-05-06,Standard,999.53
6648,Ethan Bennett,ethan.bennett.6648@example.com,United Arab Emirates,2024-08-03,Premium,1767.42
6649,Leo Thompson,leo.thompson.6649@example.com,Australia,2024-05-22,Basic,0.00
6650,Ava Chen,ava.chen.6650@example.com,United Arab Emirates,2025-01-23,Basic,233.87
6651,Hugo Khan,hugo.khan.6651@example.com,Canada,2024-05-18,Standard,971.84
6652,Hana Dubois,hana.dubois.6652@example.com,Germany,2024-06-12,Premium,4502.22
6653,Noah Martin,noah.martin.6653@example.com,Singapore,2024-04-09,Basic,0.00
6654,Isabella Anderson,isabella.anderson.6654@example.com,Canada,2024-08-21,Basic,82.25
6655,Nora Dubois,nora.dubois.6655@example.com,United Arab Emirates,2024-11-30,Standard,734.50
6656,Zoe Martin,zoe.martin.6656@example.com,Germany,2024-04-25,Premium,4483.17
6657,Nora Thompson,nora.thompson.6657@example.com,Australia,2024-12-15,Basic,0.00
6658,Priya Martin,priya.martin.6658@example.com,Australia,2024-10-31,Basic,287.03
6659,Isabella Chen,isabella.chen.6659@example.com,United States,2024-04-10,Standard,903.01
6660,Arjun Martin,arjun.martin.6660@example.com,United States,2024-11-21,Premium,2895.69
6661,Liam Patel,liam.patel.6661@example.com,United States,2024-03-05,Basic,0.00
6662,Leo Clarke,leo.clarke.6662@example.com,Australia,2024-05-27,Basic,94.16
6663,Ethan Ahmed,ethan.ahmed.6663@example.com,Germany,2024-06-30,Standard,911.09
6664,Sofia Khan,sofia.khan.6664@example.com,Germany,2024-10-11,Premium,3274.91
6665,Daniel Garcia,daniel.garcia.6665@example.com,United Arab Emirates,2024-11-29,Basic,0.00
6666,Aisha Chen,aisha.chen.6666@example.com,United Arab Emirates,2024-02-05,Basic,255.05
6667,Daniel Thompson,daniel.thompson.6667@example.com,France,2024-07-14,Standard,933.95
6668,Olivia Santos,olivia.santos.6668@example.com,Germany,2025-01-19,Premium,8829.89
6669,Isabella Chen,isabella.chen.6669@example.com,India,2024-03-01,Basic,0.00
6670,Nora Santos,nora.santos.6670@example.com,India,2024-11-18,Basic,254.85
6671,Priya Clarke,priya.clarke.6671@example.com,United Arab Emirates,2024-03-07,Standard,990.81
6672,Ava Nguyen,ava.nguyen.6672@example.com,Australia,2024-04-04,Premium,2639.29
6673,Amelia Bennett,amelia.bennett.6673@example.com,India,2024-06-25,Basic,0.00
6674,Arjun Khan,arjun.khan.6674@example.com,Canada,2024-05-05,Basic,43.23
6675,Leo Chen,leo.chen.6675@example.com,Canada,2024-10-10,Standard,984.95
6676,Nora Nakamura,nora.nakamura.6676@example.com,Japan,2024-05-22,Premium,4457.16
6677,Ava Garcia,ava.garcia.6677@example.com,India,2024-10-17,Basic,0.00
6678,Priya Singh,priya.singh.6678@example.com,India,2024-08-24,Basic,127.65
6679,Lucas Thompson,lucas.thompson.6679@example.com,United States,2024-09-14,Standard,549.96
6680,Amelia Khan,amelia.khan.6680@example.com,Singapore,2024-08-04,Premium,4229.22
6681,Noah Anderson,noah.anderson.6681@example.com,India,2024-02-18,Basic,0.00
6682,Isabella Clarke,isabella.clarke.6682@example.com,France,2024-04-27,Basic,163.10
6683,Mateo Ahmed,mateo.ahmed.6683@example.com,Germany,2024-04-10,Standard,998.92
6684,Zoe Wilson,zoe.wilson.6684@example.com,United Kingdom,2024-02-20,Premium,2477.82
6685,Zoe Thompson,zoe.thompson.6685@example.com,Germany,2024-02-28,Basic,0.00
6686,Sofia Thompson,sofia.thompson.6686@example.com,Germany,2024-02-10,Basic,181.87
6687,Daniel Taylor,daniel.taylor.6687@example.com,Japan,2024-08-06,Standard,501.86
6688,Aisha Martin,aisha.martin.6688@example.com,India,2024-09-20,Premium,5324.49
6689,Leo Chen,leo.chen.6689@example.com,France,2024-11-18,Basic,0.00
6690,Amelia Taylor,amelia.taylor.6690@example.com,Canada,2024-02-08,Basic,83.13
6691,Noah Anderson,noah.anderson.6691@example.com,India,2024-05-08,Standard,806.76
6692,Aisha Kim,aisha.kim.6692@example.com,India,2024-06-14,Premium,5109.47
6693,Leo Garcia,leo.garcia.6693@example.com,Germany,2024-11-20,Basic,0.00
6694,Nora Patel,nora.patel.6694@example.com,France,2024-12-01,Basic,218.29
6695,Hugo Rossi,hugo.rossi.6695@example.com,Australia,2024-03-25,Standard,877.71
6696,Aisha Khan,aisha.khan.6696@example.com,United Arab Emirates,2025-01-23,Premium,2713.66
6697,Hana Thompson,hana.thompson.6697@example.com,United Arab Emirates,2024-11-04,Basic,0.00
6698,Priya Patel,priya.patel.6698@example.com,United Arab Emirates,2024-03-11,Basic,178.85
6699,Mia Clarke,mia.clarke.6699@example.com,Singapore,2024-09-06,Standard,937.04
6700,Noah Rossi,noah.rossi.6700@example.com,United Arab Emirates,2024-07-11,Premium,5954.32
6701,Isabella Bennett,isabella.bennett.6701@example.com,Germany,2024-12-02,Basic,0.00
6702,Priya Khan,priya.khan.6702@example.com,Canada,2024-09-01,Basic,148.98
6703,Leo Wilson,leo.wilson.6703@example.com,Australia,2024-04-06,Standard,939.12
6704,Sofia Anderson,sofia.anderson.6704@example.com,United Arab Emirates,2024-06-11,Premium,2315.86
6705,Chloe Williams,chloe.williams.6705@example.com,Canada,2024-03-23,Basic,0.00
6706,Ethan Nguyen,ethan.nguyen.6706@example.com,United Arab Emirates,2025-01-26,Basic,171.70
6707,Oliver Garcia,oliver.garcia.6707@example.com,United Kingdom,2024-07-18,Standard,995.36
6708,Mateo Wilson,mateo.wilson.6708@example.com,Singapore,2024-07-23,Premium,4766.58
6709,Arjun Patel,arjun.patel.6709@example.com,United States,2024-02-03,Basic,0.00
6710,Priya Garcia,priya.garcia.6710@example.com,Canada,2025-01-16,Basic,136.21
6711,Nora Taylor,nora.taylor.6711@example.com,Canada,2024-04-11,Standard,938.77
6712,Ava Rossi,ava.rossi.6712@example.com,Singapore,2025-01-26,Premium,5256.88
6713,Lucas Thompson,lucas.thompson.6713@example.com,Germany,2024-04-29,Basic,0.00
6714,Zoe Martin,zoe.martin.6714@example.com,France,2024-08-22,Basic,47.93
6715,Priya Nakamura,priya.nakamura.6715@example.com,Singapore,2025-01-22,Standard,278.45
6716,Hugo Garcia,hugo.garcia.6716@example.com,Singapore,2024-10-14,Premium,5784.24
6717,Aisha Chen,aisha.chen.6717@example.com,Canada,2024-05-15,Basic,0.00
6718,Nora Ahmed,nora.ahmed.6718@example.com,Singapore,2024-12-29,Basic,145.44
6719,Hugo Singh,hugo.singh.6719@example.com,France,2025-01-02,Standard,811.55
6720,Oliver Wilson,oliver.wilson.6720@example.com,United Kingdom,2024-08-17,Premium,3621.09
6721,Aisha Singh,aisha.singh.6721@example.com,India,2025-01-23,Basic,0.00
6722,Olivia Khan,olivia.khan.6722@example.com,Germany,2024-11-21,Basic,106.71
6723,Zoe Kim,zoe.kim.6723@example.com,India,2024-07-06,Standard,999.76
6724,Nora Rossi,nora.rossi.6724@example.com,United Arab Emirates,2024-11-01,Premium,1646.82
6725,Mia Dubois,mia.dubois.6725@example.com,United States,2025-01-13,Basic,0.00
6726,Isabella Ahmed,isabella.ahmed.6726@example.com,India,2025-01-17,Basic,136.21
6727,Nora Clarke,nora.clarke.6727@example.com,Germany,2024-11-17,Standard,486.12
6728,Chloe Khan,chloe.khan.6728@example.com,Singapore,2024-06-03,Premium,5138.84
6729,Amelia Clarke,amelia.clarke.6729@example.com,Japan,2024-04-19,Basic,0.00
6730,Ava Dubois,ava.dubois.6730@example.com,United Kingdom,2024-02-26,Basic,102.84
6731,Oliver Singh,oliver.singh.6731@example.com,United Arab Emirates,2024-04-13,Standard,841.37
6732,Leo Garcia,leo.garcia.6732@example.com,India,2024-08-24,Premium,3737.70
6733,Sofia Bennett,sofia.bennett.6733@example.com,United Kingdom,2024-09-02,Basic,0.00
6734,Isabella Kim,isabella.kim.6734@example.com,France,2024-09-18,Basic,160.74
6735,Daniel Ahmed,daniel.ahmed.6735@example.com,India,2024-06-22,Standard,998.25
6736,Isabella Thompson,isabella.thompson.6736@example.com,Singapore,2024-08-23,Premium,3287.79
6737,Isabella Santos,isabella.santos.6737@example.com,France,2024-10-10,Basic,0.00
6738,Omar Williams,omar.williams.6738@example.com,Canada,2024-06-10,Basic,166.97
6739,Hugo Taylor,hugo.taylor.6739@example.com,Germany,2024-02-03,Standard,734.44
6740,Amelia Singh,amelia.singh.6740@example.com,India,2024-10-26,Premium,2509.27
6741,Nora Santos,nora.santos.6741@example.com,Singapore,2024-08-31,Basic,0.00
6742,Aisha Chen,aisha.chen.6742@example.com,Germany,2025-01-15,Basic,30.28
6743,Noah Kim,noah.kim.6743@example.com,United Kingdom,2024-08-31,Standard,989.79
6744,Chloe Kim,chloe.kim.6744@example.com,Germany,2024-07-16,Premium,3022.48
6745,Liam Chen,liam.chen.6745@example.com,Canada,2024-06-11,Basic,0.00
6746,Lucas Patel,lucas.patel.6746@example.com,United Kingdom,2024-10-20,Basic,288.46
6747,Hana Clarke,hana.clarke.6747@example.com,Japan,2024-07-01,Standard,934.71
6748,Amelia Chen,amelia.chen.6748@example.com,Australia,2024-05-14,Premium,4910.21
6749,Aisha Taylor,aisha.taylor.6749@example.com,Singapore,2024-09-06,Basic,0.00
6750,Amelia Ahmed,amelia.ahmed.6750@example.com,Australia,2024-07-12,Basic,50.75
6751,Hugo Singh,hugo.singh.6751@example.com,United Kingdom,2024-09-19,Standard,839.35
6752,Amelia Anderson,amelia.anderson.6752@example.com,India,2024-05-10,Premium,6220.35
6753,Noah Clarke,noah.clarke.6753@example.com,Germany,2024-06-17,Basic,0.00
6754,Sofia Khan,sofia.khan.6754@example.com,Singapore,2024-12-26,Basic,118.17
6755,Leo Singh,,Canada,2024-02-24,Standard,902.69
6756,Priya Santos,priya.santos.6756@example.com,United States,2024-11-03,Premium,5228.04
6757,Mateo Nguyen,mateo.nguyen.6757@example.com,Australia,2024-02-16,Basic,0.00
6758,Mateo Patel,mateo.patel.6758@example.com,United Kingdom,2024-05-19,Basic,60.09
6759,Mia Rossi,mia.rossi.6759@example.com,United States,2024-11-25,Standard,834.72
6760,Leo Garcia,leo.garcia.6760@example.com,United Arab Emirates,2024-10-01,Premium,3986.48
6761,Mateo Thompson,mateo.thompson.6761@example.com,United Arab Emirates,2024-10-07,Basic,0.00
6762,Sofia Patel,sofia.patel.6762@example.com,France,2024-04-19,Basic,284.45
6763,Oliver Patel,oliver.patel.6763@example.com,United Kingdom,2024-05-18,Standard,991.95
6764,Omar Dubois,omar.dubois.6764@example.com,United Arab Emirates,2024-06-18,Premium,3358.43
6765,Aisha Bennett,aisha.bennett.6765@example.com,Germany,2024-07-12,Basic,0.00
6766,Noah Nakamura,noah.nakamura.6766@example.com,Australia,2024-07-31,Basic,256.31
6767,Chloe Thompson,chloe.thompson.6767@example.com,Germany,2024-10-18,Standard,871.51
6768,Amelia Rossi,amelia.rossi.6768@example.com,France,2024-10-13,Premium,1662.35
6769,Zoe Anderson,zoe.anderson.6769@example.com,United Arab Emirates,2024-06-08,Basic,0.00
6770,Daniel Bennett,daniel.bennett.6770@example.com,France,2024-11-26,Basic,55.54
6771,Zoe Nguyen,zoe.nguyen.6771@example.com,United States,2024-04-12,Standard,668.46
6772,Daniel Taylor,daniel.taylor.6772@example.com,United States,2024-04-27,Premium,4452.84
6773,Priya Clarke,priya.clarke.6773@example.com,Germany,2024-06-18,Basic,0.00
6774,Sofia Singh,sofia.singh.6774@example.com,Australia,2024-03-18,Basic,213.09
6775,Omar Ahmed,omar.ahmed.6775@example.com,United Arab Emirates,2024-04-12,Standard,986.84
6776,Isabella Ahmed,isabella.ahmed.6776@example.com,Germany,2024-12-09,Premium,2555.99
6777,Amelia Nakamura,amelia.nakamura.6777@example.com,Australia,2024-07-09,Basic,0.00
6778,Sofia Singh,sofia.singh.6778@example.com,Australia,2024-03-21,Basic,23.38
6779,Hana Nakamura,hana.nakamura.6779@example.com,Japan,2024-09-29,Standard,921.02
6780,Lucas Nguyen,lucas.nguyen.6780@example.com,India,2024-09-23,Premium,4528.67
6781,Omar Clarke,omar.clarke.6781@example.com,France,2024-03-30,Basic,0.00
6782,Daniel Wilson,daniel.wilson.6782@example.com,United Kingdom,2024-10-20,Basic,261.45
6783,Leo Patel,leo.patel.6783@example.com,Singapore,2024-04-22,Standard,949.40
6784,Ava Bennett,ava.bennett.6784@example.com,Singapore,2024-10-25,Premium,2772.06
6785,Samuel Chen,samuel.chen.6785@example.com,United Arab Emirates,2024-07-13,Basic,0.00
6786,Zoe Ahmed,zoe.ahmed.6786@example.com,India,2025-01-22,Basic,111.88
6787,Aisha Patel,aisha.patel.6787@example.com,United Kingdom,2024-11-19,Standard,997.42
6788,Leo Martin,leo.martin.6788@example.com,Australia,2024-12-28,Premium,2683.32
6789,Arjun Martin,arjun.martin.6789@example.com,India,2024-02-16,Basic,0.00
6790,Samuel Kim,samuel.kim.6790@example.com,Singapore,2024-08-11,Basic,207.54
6791,Priya Clarke,priya.clarke.6791@example.com,Germany,2024-04-25,Standard,784.88
6792,Nora Taylor,nora.taylor.6792@example.com,Japan,2024-06-29,Premium,2689.06
6793,Aisha Khan,aisha.khan.6793@example.com,United Kingdom,2024-09-15,Basic,0.00
6794,Ava Bennett,ava.bennett.6794@example.com,India,2024-08-25,Basic,112.63
6795,Ethan Rossi,ethan.rossi.6795@example.com,Australia,2025-01-02,Standard,815.48
6796,Zoe Garcia,zoe.garcia.6796@example.com,France,2024-03-19,Premium,3615.38
6797,Aisha Garcia,aisha.garcia.6797@example.com,Japan,2024-11-03,Basic,0.00
6798,Aisha Chen,aisha.chen.6798@example.com,Germany,2024-04-16,Basic,115.14
6799,Chloe Kim,chloe.kim.6799@example.com,France,2024-11-15,Standard,986.94
6800,Lucas Taylor,lucas.taylor.6800@example.com,United Arab Emirates,2024-11-07,Premium,5183.27
6801,Hana Bennett,hana.bennett.6801@example.com,India,2024-04-19,Basic,0.00
6802,Arjun Chen,arjun.chen.6802@example.com,Japan,2024-04-14,Basic,121.26
6803,Arjun Thompson,arjun.thompson.6803@example.com,United Kingdom,2024-09-18,Standard,788.93
6804,Mateo Ahmed,mateo.ahmed.6804@example.com,United Arab Emirates,2024-02-14,Premium,3458.53
6805,Sofia Martin,sofia.martin.6805@example.com,Australia,2024-09-29,Basic,0.00
6806,Daniel Rossi,daniel.rossi.6806@example.com,United States,2024-02-19,Basic,252.38
6807,Priya Taylor,priya.taylor.6807@example.com,France,2024-06-19,Standard,771.75
6808,Priya Nguyen,priya.nguyen.6808@example.com,Japan,2024-02-29,Premium,5650.86
6809,Daniel Nguyen,daniel.nguyen.6809@example.com,Germany,2024-09-26,Basic,0.00
6810,Nora Rossi,nora.rossi.6810@example.com,France,2025-01-26,Basic,277.60
6811,Mia Garcia,mia.garcia.6811@example.com,Japan,2024-09-03,Standard,943.42
6812,Hugo Santos,hugo.santos.6812@example.com,France,2024-05-14,Premium,1339.11
6813,Hana Ahmed,hana.ahmed.6813@example.com,United Kingdom,2024-11-05,Basic,0.00
6814,Oliver Clarke,oliver.clarke.6814@example.com,United States,2024-09-19,Basic,204.71
6815,Samuel Khan,samuel.khan.6815@example.com,Japan,2024-10-21,Standard,967.22
6816,Olivia Kim,olivia.kim.6816@example.com,United Arab Emirates,2024-03-05,Premium,6225.46
6817,Isabella Thompson,isabella.thompson.6817@example.com,United Arab Emirates,2024-03-01,Basic,0.00
6818,Oliver Rossi,oliver.rossi.6818@example.com,Germany,2024-08-08,Basic,146.76
6819,Aisha Clarke,aisha.clarke.6819@example.com,India,2024-04-26,Standard,903.98
6820,Chloe Nguyen,chloe.nguyen.6820@example.com,Australia,2024-10-16,Premium,2874.08
6821,Mia Nguyen,mia.nguyen.6821@example.com,Singapore,2024-09-14,Basic,0.00
6822,Leo Khan,leo.khan.6822@example.com,Singapore,2024-02-12,Basic,163.00
6823,Sofia Bennett,sofia.bennett.6823@example.com,Japan,2024-08-23,Standard,890.54
6824,Olivia Chen,olivia.chen.6824@example.com,Australia,2024-11-30,Premium,5708.43
6825,Chloe Williams,chloe.williams.6825@example.com,Canada,2024-03-30,Basic,0.00
6826,Zoe Clarke,zoe.clarke.6826@example.com,United States,2024-12-20,Basic,64.47
6827,Isabella Garcia,,Singapore,2024-11-06,Standard,545.04
6828,Liam Chen,liam.chen.6828@example.com,United Arab Emirates,2024-12-28,Premium,2753.34
6829,Oliver Ahmed,oliver.ahmed.6829@example.com,India,2025-01-01,Basic,0.00
6830,Liam Ahmed,liam.ahmed.6830@example.com,Canada,2024-02-14,Basic,65.12
6831,Zoe Thompson,zoe.thompson.6831@example.com,United States,2024-08-24,Standard,998.46
6832,Chloe Clarke,chloe.clarke.6832@example.com,United States,2024-04-01,Premium,3738.23
6833,Noah Nakamura,noah.nakamura.6833@example.com,United Arab Emirates,2024-04-08,Basic,0.00
6834,Arjun Thompson,arjun.thompson.6834@example.com,Canada,2024-11-28,Basic,276.79
6835,Oliver Chen,oliver.chen.6835@example.com,India,2024-11-10,Standard,411.80
6836,Mateo Anderson,mateo.anderson.6836@example.com,Australia,2024-06-20,Premium,2483.71
6837,Priya Ahmed,priya.ahmed.6837@example.com,India,2025-01-04,Basic,0.00
6838,Lucas Clarke,lucas.clarke.6838@example.com,Japan,2024-02-24,Basic,222.65
6839,Arjun Santos,arjun.santos.6839@example.com,United States,2024-09-03,Standard,958.52
6840,Hugo Santos,hugo.santos.6840@example.com,Japan,2024-10-19,Premium,2642.55
6841,Mateo Taylor,mateo.taylor.6841@example.com,Singapore,2024-05-26,Basic,0.00
6842,Ava Santos,ava.santos.6842@example.com,France,2025-01-19,Basic,170.62
6843,Nora Bennett,nora.bennett.6843@example.com,Japan,2024-09-14,Standard,976.81
6844,Arjun Williams,arjun.williams.6844@example.com,Canada,2025-01-02,Premium,2040.25
6845,Ava Williams,ava.williams.6845@example.com,France,2024-07-18,Basic,0.00
6846,Isabella Singh,isabella.singh.6846@example.com,France,2024-09-13,Basic,55.98
6847,Daniel Singh,daniel.singh.6847@example.com,France,2024-04-06,Standard,811.28
6848,Zoe Garcia,zoe.garcia.6848@example.com,Singapore,2024-10-02,Premium,4879.87
6849,Mateo Clarke,mateo.clarke.6849@example.com,Australia,2024-10-22,Basic,0.00
6850,Mia Patel,mia.patel.6850@example.com,Germany,2024-02-23,Basic,94.43
6851,Lucas Kim,lucas.kim.6851@example.com,Singapore,2024-11-02,Standard,850.50
6852,Ava Williams,ava.williams.6852@example.com,United Kingdom,2024-07-09,Premium,2123.38
6853,Olivia Wilson,olivia.wilson.6853@example.com,Japan,2024-02-27,Basic,0.00
6854,Zoe Williams,zoe.williams.6854@example.com,Canada,2024-05-27,Basic,241.23
6855,Zoe Santos,zoe.santos.6855@example.com,United States,2024-05-12,Standard,938.16
6856,Chloe Nguyen,chloe.nguyen.6856@example.com,Japan,2024-03-30,Premium,2301.66
6857,Isabella Dubois,isabella.dubois.6857@example.com,Singapore,2024-12-05,Basic,0.00
6858,Olivia Singh,olivia.singh.6858@example.com,United Arab Emirates,2024-12-24,Basic,215.48
6859,Nora Nakamura,nora.nakamura.6859@example.com,United Arab Emirates,2024-09-16,Standard,989.03
6860,Oliver Singh,oliver.singh.6860@example.com,Canada,2024-05-29,Premium,3026.07
6861,Zoe Wilson,zoe.wilson.6861@example.com,Germany,2024-08-01,Basic,0.00
6862,Leo Ahmed,leo.ahmed.6862@example.com,Germany,2024-06-14,Basic,67.32
6863,Leo Thompson,leo.thompson.6863@example.com,United Arab Emirates,2024-06-30,Standard,583.15
6864,Amelia Anderson,amelia.anderson.6864@example.com,India,2024-09-06,Premium,4493.25
6865,Lucas Bennett,lucas.bennett.6865@example.com,United Kingdom,2024-09-09,Basic,0.00
6866,Ava Chen,ava.chen.6866@example.com,United Arab Emirates,2024-07-13,Basic,160.74
6867,Hugo Khan,hugo.khan.6867@example.com,Japan,2024-10-17,Standard,974.39
6868,Daniel Khan,daniel.khan.6868@example.com,United Kingdom,2024-07-31,Premium,4209.27
6869,Hana Thompson,hana.thompson.6869@example.com,France,2024-09-19,Basic,0.00
6870,Priya Martin,priya.martin.6870@example.com,United Arab Emirates,2025-01-26,Basic,268.79
6871,Daniel Chen,daniel.chen.6871@example.com,Japan,2024-05-30,Standard,814.17
6872,Liam Ahmed,liam.ahmed.6872@example.com,India,2024-11-13,Premium,3091.57
6873,Samuel Khan,samuel.khan.6873@example.com,United States,2024-04-10,Basic,0.00
6874,Hana Garcia,hana.garcia.6874@example.com,France,2024-11-13,Basic,115.14
6875,Omar Wilson,omar.wilson.6875@example.com,Canada,2024-05-27,Standard,795.89
6876,Arjun Martin,arjun.martin.6876@example.com,Germany,2024-03-18,Premium,3943.22
6877,Chloe Kim,chloe.kim.6877@example.com,United Kingdom,2024-11-08,Basic,0.00
6878,Omar Patel,omar.patel.6878@example.com,Singapore,2024-06-06,Basic,297.10
6879,Hana Taylor,hana.taylor.6879@example.com,India,2024-02-13,Standard,857.32
6880,Nora Khan,nora.khan.6880@example.com,Germany,2024-06-29,Premium,3874.85
6881,Chloe Thompson,chloe.thompson.6881@example.com,Germany,2024-08-18,Basic,0.00
6882,Ethan Williams,ethan.williams.6882@example.com,France,2024-12-20,Basic,149.84
6883,Hana Kim,hana.kim.6883@example.com,Singapore,2024-06-25,Standard,995.72
6884,Zoe Garcia,zoe.garcia.6884@example.com,Japan,2024-06-17,Premium,6620.16
6885,Samuel Clarke,samuel.clarke.6885@example.com,United Kingdom,2024-09-05,Basic,0.00
6886,Olivia Nakamura,olivia.nakamura.6886@example.com,United States,2024-07-22,Basic,175.96
6887,Amelia Martin,amelia.martin.6887@example.com,Canada,2024-03-11,Standard,572.72
6888,Aisha Williams,aisha.williams.6888@example.com,India,2024-11-16,Premium,4281.09
6889,Oliver Garcia,oliver.garcia.6889@example.com,Germany,2024-03-22,Basic,0.00
6890,Arjun Wilson,arjun.wilson.6890@example.com,Germany,2025-01-07,Basic,136.26
6891,Hugo Dubois,hugo.dubois.6891@example.com,United States,2025-01-27,Standard,738.92
6892,Hana Patel,hana.patel.6892@example.com,Singapore,2024-05-15,Premium,5288.27
6893,Priya Thompson,priya.thompson.6893@example.com,Japan,2024-06-27,Basic,0.00
6894,Amelia Chen,amelia.chen.6894@example.com,United Arab Emirates,2024-04-05,Basic,50.75
6895,Oliver Dubois,oliver.dubois.6895@example.com,Germany,2025-01-06,Standard,990.76
6896,Zoe Anderson,zoe.anderson.6896@example.com,Australia,2024-02-15,Premium,5842.42
6897,Sofia Taylor,sofia.taylor.6897@example.com,France,2024-02-16,Basic,0.00
6898,Hana Rossi,hana.rossi.6898@example.com,India,2025-01-28,Basic,57.21
6899,Ethan Williams,ethan.williams.6899@example.com,Singapore,2024-05-07,Standard,818.33
6900,Leo Dubois,leo.dubois.6900@example.com,Japan,2024-09-23,Premium,2628.95
6901,Liam Clarke,liam.clarke.6901@example.com,India,2024-08-31,Basic,0.00
6902,Leo Taylor,leo.taylor.6902@example.com,United Kingdom,2024-02-01,Basic,137.72
6903,Sofia Santos,sofia.santos.6903@example.com,India,2024-06-03,Standard,957.51
6904,Mia Martin,mia.martin.6904@example.com,United States,2024-04-09,Premium,3216.32
6905,Sofia Chen,sofia.chen.6905@example.com,Australia,2024-06-17,Basic,0.00
6906,Mateo Rossi,mateo.rossi.6906@example.com,Singapore,2024-02-21,Basic,196.81
6907,Olivia Khan,olivia.khan.6907@example.com,Japan,2024-09-04,Standard,966.32
6908,Oliver Anderson,oliver.anderson.6908@example.com,India,2024-10-07,Premium,2447.05
6909,Omar Clarke,omar.clarke.6909@example.com,United States,2024-03-20,Basic,0.00
6910,Hugo Nakamura,hugo.nakamura.6910@example.com,United Arab Emirates,2024-03-08,Basic,230.89
6911,Isabella Chen,isabella.chen.6911@example.com,Germany,2024-06-21,Standard,902.06
6912,Chloe Williams,chloe.williams.6912@example.com,Germany,2024-06-30,Premium,4397.96
6913,Amelia Clarke,amelia.clarke.6913@example.com,Canada,2024-05-19,Basic,0.00
6914,Arjun Kim,arjun.kim.6914@example.com,United Kingdom,2024-09-22,Basic,256.31
6915,Lucas Dubois,lucas.dubois.6915@example.com,France,2024-09-10,Standard,699.83
6916,Lucas Chen,lucas.chen.6916@example.com,India,2024-02-27,Premium,3546.12
6917,Liam Nguyen,liam.nguyen.6917@example.com,India,2024-06-06,Basic,0.00
6918,Hugo Chen,hugo.chen.6918@example.com,India,2024-05-22,Basic,154.97
6919,Olivia Rossi,olivia.rossi.6919@example.com,United Arab Emirates,2024-08-01,Standard,937.90
6920,Samuel Dubois,samuel.dubois.6920@example.com,United Arab Emirates,2024-12-21,Premium,4473.93
6921,Isabella Kim,isabella.kim.6921@example.com,United Arab Emirates,2024-04-21,Basic,0.00
6922,Zoe Martin,zoe.martin.6922@example.com,Japan,2025-01-16,Basic,292.17
6923,Nora Dubois,nora.dubois.6923@example.com,Germany,2024-03-19,Standard,892.25
6924,Lucas Clarke,lucas.clarke.6924@example.com,United States,2024-02-14,Premium,4639.93
6925,Ava Nguyen,ava.nguyen.6925@example.com,France,2024-02-02,Basic,0.00
6926,Ethan Santos,ethan.santos.6926@example.com,France,2024-03-04,Basic,198.95
6927,Samuel Khan,samuel.khan.6927@example.com,Germany,2024-06-27,Standard,909.95
6928,Daniel Patel,daniel.patel.6928@example.com,Singapore,2024-08-23,Premium,2542.15
6929,Hugo Chen,hugo.chen.6929@example.com,Canada,2024-10-31,Basic,0.00
6930,Oliver Anderson,oliver.anderson.6930@example.com,United Arab Emirates,2024-02-01,Basic,251.83
6931,Lucas Thompson,lucas.thompson.6931@example.com,Australia,2024-05-30,Standard,938.68
6932,Olivia Patel,olivia.patel.6932@example.com,France,2024-06-21,Premium,5896.18
6933,Chloe Garcia,chloe.garcia.6933@example.com,France,2025-01-17,Basic,0.00
6934,Hugo Wilson,hugo.wilson.6934@example.com,United Arab Emirates,2024-05-12,Basic,126.57
6935,Sofia Kim,sofia.kim.6935@example.com,United Kingdom,2024-03-30,Standard,959.21
6936,Mia Rossi,mia.rossi.6936@example.com,Japan,2024-10-27,Premium,2322.52
6937,Aisha Nakamura,aisha.nakamura.6937@example.com,United Arab Emirates,2024-07-12,Basic,0.00
6938,Ava Garcia,ava.garcia.6938@example.com,Canada,2025-01-18,Basic,13.49
6939,Amelia Wilson,amelia.wilson.6939@example.com,United States,2024-11-25,Standard,941.70
6940,Isabella Wilson,isabella.wilson.6940@example.com,Australia,2024-09-13,Premium,6368.39
6941,Hugo Taylor,hugo.taylor.6941@example.com,India,2024-03-20,Basic,0.00
6942,Aisha Khan,aisha.khan.6942@example.com,United States,2025-01-23,Basic,207.67
6943,Aisha Kim,aisha.kim.6943@example.com,Singapore,2024-02-27,Standard,922.24
6944,Noah Williams,noah.williams.6944@example.com,Singapore,2024-10-03,Premium,6459.79
6945,Arjun Garcia,arjun.garcia.6945@example.com,Germany,2024-05-16,Basic,0.00
6946,Hana Garcia,hana.garcia.6946@example.com,France,2024-03-19,Basic,252.38
6947,Olivia Patel,olivia.patel.6947@example.com,Australia,2024-09-09,Standard,937.29
6948,Hugo Nguyen,hugo.nguyen.6948@example.com,India,2024-04-28,Premium,4706.70
6949,Zoe Williams,zoe.williams.6949@example.com,United States,2024-10-06,Basic,0.00
6950,Oliver Garcia,oliver.garcia.6950@example.com,Singapore,2024-09-21,Basic,127.65
6951,Liam Singh,liam.singh.6951@example.com,United Arab Emirates,2025-01-09,Standard,927.63
6952,Chloe Ahmed,chloe.ahmed.6952@example.com,France,2024-09-04,Premium,2339.84
6953,Lucas Chen,lucas.chen.6953@example.com,France,2024-09-20,Basic,0.00
6954,Noah Taylor,noah.taylor.6954@example.com,Singapore,2024-12-30,Basic,62.57
6955,Amelia Chen,amelia.chen.6955@example.com,India,2024-11-23,Standard,968.86
6956,Daniel Khan,daniel.khan.6956@example.com,Australia,2024-03-08,Premium,3538.37
6957,Omar Patel,omar.patel.6957@example.com,Canada,2025-01-27,Basic,0.00
6958,Samuel Khan,samuel.khan.6958@example.com,United States,2024-08-25,Basic,30.51
6959,Noah Singh,noah.singh.6959@example.com,Canada,2024-05-10,Standard,975.51
6960,Noah Martin,noah.martin.6960@example.com,Singapore,2024-09-09,Premium,4130.79
6961,Isabella Santos,isabella.santos.6961@example.com,United States,2025-01-11,Basic,0.00
6962,Isabella Chen,isabella.chen.6962@example.com,Canada,2024-06-27,Basic,42.79
6963,Samuel Williams,samuel.williams.6963@example.com,United Kingdom,2024-06-28,Standard,839.88
6964,Sofia Bennett,sofia.bennett.6964@example.com,India,2024-08-28,Premium,6567.78
6965,Hugo Singh,hugo.singh.6965@example.com,United Kingdom,2024-07-11,Basic,0.00
6966,Olivia Patel,olivia.patel.6966@example.com,France,2024-11-28,Basic,33.05
6967,Hana Chen,hana.chen.6967@example.com,United States,2024-03-20,Standard,832.16
6968,Chloe Taylor,chloe.taylor.6968@example.com,Australia,2024-05-16,Premium,5890.64
6969,Samuel Ahmed,samuel.ahmed.6969@example.com,Canada,2024-04-06,Basic,0.00
6970,Sofia Chen,sofia.chen.6970@example.com,Germany,2024-02-20,Basic,159.98
6971,Noah Santos,noah.santos.6971@example.com,Australia,2024-11-27,Standard,912.99
6972,Sofia Martin,sofia.martin.6972@example.com,Canada,2024-02-25,Premium,2608.09
6973,Omar Dubois,omar.dubois.6973@example.com,Canada,2025-01-01,Basic,0.00
6974,Amelia Williams,amelia.williams.6974@example.com,United Arab Emirates,2024-02-24,Basic,217.10
6975,Olivia Williams,olivia.williams.6975@example.com,Australia,2024-06-11,Standard,850.21
6976,Oliver Wilson,oliver.wilson.6976@example.com,Australia,2024-05-25,Premium,4874.76
6977,Hana Williams,hana.williams.6977@example.com,Australia,2024-05-27,Basic,0.00
6978,Zoe Martin,zoe.martin.6978@example.com,France,2024-05-03,Basic,174.88
6979,Aisha Dubois,aisha.dubois.6979@example.com,United Kingdom,2024-05-20,Standard,957.34
6980,Ethan Anderson,ethan.anderson.6980@example.com,United Arab Emirates,2024-06-10,Premium,1466.00
6981,Isabella Taylor,isabella.taylor.6981@example.com,Germany,2024-07-20,Basic,0.00
6982,Sofia Khan,sofia.khan.6982@example.com,Germany,2024-05-06,Basic,209.62
6983,Aisha Dubois,aisha.dubois.6983@example.com,Germany,2024-07-02,Standard,988.38
6984,Mateo Nakamura,mateo.nakamura.6984@example.com,India,2024-02-03,Premium,3951.93
6985,Ethan Patel,ethan.patel.6985@example.com,United Arab Emirates,2024-10-20,Basic,0.00
6986,Leo Taylor,leo.taylor.6986@example.com,Australia,2024-06-17,Basic,216.49
6987,Ethan Singh,ethan.singh.6987@example.com,United Arab Emirates,2024-08-01,Standard,942.29
6988,Arjun Taylor,arjun.taylor.6988@example.com,Japan,2024-12-22,Premium,2085.71
6989,Daniel Thompson,daniel.thompson.6989@example.com,Australia,2024-06-21,Basic,0.00
6990,Daniel Rossi,daniel.rossi.6990@example.com,Singapore,2024-12-23,Basic,129.96
6991,Zoe Kim,zoe.kim.6991@example.com,Canada,2024-12-15,Standard,896.44
6992,Hugo Anderson,hugo.anderson.6992@example.com,France,2024-08-26,Premium,2578.27
6993,Olivia Santos,olivia.santos.6993@example.com,Canada,2024-08-15,Basic,0.00
6994,Chloe Kim,chloe.kim.6994@example.com,France,2024-11-15,Basic,20.01
6995,Olivia Patel,olivia.patel.6995@example.com,Japan,2024-08-18,Standard,928.70
6996,Ethan Kim,ethan.kim.6996@example.com,Australia,2024-12-24,Premium,5660.16
6997,Aisha Singh,aisha.singh.6997@example.com,United Arab Emirates,2024-09-01,Basic,0.00
6998,Leo Wilson,leo.wilson.6998@example.com,United Kingdom,2024-06-16,Basic,149.88
6999,Hugo Kim,hugo.kim.6999@example.com,Australia,2024-06-07,Standard,991.84
7000,Chloe Rossi,chloe.rossi.7000@example.com,France,2024-04-22,Premium,4495.95
7001,Lucas Nakamura,lucas.nakamura.7001@example.com,Germany,2024-08-20,Basic,0.00
7002,Leo Santos,leo.santos.7002@example.com,Australia,2024-07-23,Basic,175.96
7003,Ava Nguyen,ava.nguyen.7003@example.com,United Arab Emirates,2025-01-23,Standard,767.64
7004,Priya Taylor,priya.taylor.7004@example.com,Canada,2024-12-21,Premium,5473.41
7005,Hana Nguyen,hana.nguyen.7005@example.com,France,2024-06-07,Basic,0.00
7006,Sofia Wilson,sofia.wilson.7006@example.com,Australia,2025-01-28,Basic,230.89
7007,Chloe Thompson,chloe.thompson.7007@example.com,United Arab Emirates,2024-04-18,Standard,680.47
7008,Lucas Williams,lucas.williams.7008@example.com,France,2024-10-01,Premium,5376.07
7009,Olivia Martin,olivia.martin.7009@example.com,Japan,2024-12-27,Basic,0.00
7010,Priya Taylor,priya.taylor.7010@example.com,Australia,2024-12-17,Basic,14.23
7011,Oliver Anderson,oliver.anderson.7011@example.com,France,2024-06-18,Standard,763.32
7012,Ava Wilson,ava.wilson.7012@example.com,India,2024-11-07,Premium,3380.66
7013,Isabella Ahmed,isabella.ahmed.7013@example.com,India,2024-06-06,Basic,0.00
7014,Daniel Rossi,daniel.rossi.7014@example.com,United States,2024-08-30,Basic,149.84
7015,Liam Dubois,liam.dubois.7015@example.com,Singapore,2024-04-16,Standard,734.49
7016,Lucas Rossi,lucas.rossi.7016@example.com,Japan,2024-11-29,Premium,3593.74
7017,Zoe Anderson,zoe.anderson.7017@example.com,United Arab Emirates,2024-12-08,Basic,0.00
7018,Oliver Garcia,oliver.garcia.7018@example.com,India,2024-03-21,Basic,232.40
7019,Omar Anderson,omar.anderson.7019@example.com,Singapore,2024-03-14,Standard,938.02
7020,Liam Dubois,liam.dubois.7020@example.com,Singapore,2025-01-01,Premium,3305.80
7021,Ava Nakamura,ava.nakamura.7021@example.com,United Kingdom,2024-02-15,Basic,0.00
7022,Arjun Bennett,arjun.bennett.7022@example.com,Japan,2024-05-17,Basic,86.65
7023,Hugo Chen,hugo.chen.7023@example.com,India,2024-03-02,Standard,980.84
7024,Hugo Martin,hugo.martin.7024@example.com,United States,2024-03-20,Premium,2226.47
7025,Mia Nguyen,mia.nguyen.7025@example.com,United Arab Emirates,2024-09-04,Basic,0.00
7026,Hugo Nguyen,hugo.nguyen.7026@example.com,United States,2024-11-11,Basic,130.82
7027,Sofia Dubois,sofia.dubois.7027@example.com,Germany,2024-11-20,Standard,920.74
7028,Ava Williams,ava.williams.7028@example.com,Canada,2024-04-03,Premium,3487.62
7029,Lucas Dubois,lucas.dubois.7029@example.com,Australia,2024-11-30,Basic,0.00
7030,Lucas Nakamura,lucas.nakamura.7030@example.com,India,2024-05-05,Basic,263.86
7031,Isabella Patel,isabella.patel.7031@example.com,Canada,2024-11-23,Standard,622.95
7032,Zoe Martin,zoe.martin.7032@example.com,India,2025-01-25,Premium,5077.41
7033,Lucas Kim,lucas.kim.7033@example.com,India,2024-05-16,Basic,0.00
7034,Ava Clarke,ava.clarke.7034@example.com,United Kingdom,2024-09-23,Basic,134.29
7035,Sofia Rossi,sofia.rossi.7035@example.com,United Arab Emirates,2024-12-19,Standard,864.73
7036,Lucas Bennett,lucas.bennett.7036@example.com,Australia,2024-08-21,Premium,1481.34
7037,Hana Patel,hana.patel.7037@example.com,Singapore,2025-01-06,Basic,0.00
7038,Olivia Williams,olivia.williams.7038@example.com,Canada,2024-12-25,Basic,174.52
7039,Leo Dubois,leo.dubois.7039@example.com,Germany,2024-11-17,Standard,469.02
7040,Nora Garcia,nora.garcia.7040@example.com,United Arab Emirates,2024-08-28,Premium,2638.68
7041,Nora Bennett,nora.bennett.7041@example.com,India,2025-01-15,Basic,0.00
7042,Oliver Anderson,oliver.anderson.7042@example.com,Australia,2024-07-18,Basic,104.73
7043,Arjun Clarke,arjun.clarke.7043@example.com,United Kingdom,2024-02-17,Standard,951.74
7044,Liam Dubois,liam.dubois.7044@example.com,United Kingdom,2024-04-27,Premium,4877.36
7045,Omar Rossi,omar.rossi.7045@example.com,United States,2024-03-30,Basic,0.00
7046,Chloe Anderson,chloe.anderson.7046@example.com,United Arab Emirates,2024-12-05,Basic,262.69
7047,Mia Rossi,mia.rossi.7047@example.com,United States,2024-03-13,Standard,944.05
7048,Ava Anderson,ava.anderson.7048@example.com,Australia,2024-06-19,Premium,4269.90
7049,Mia Khan,mia.khan.7049@example.com,Japan,2025-01-06,Basic,0.00
7050,Leo Thompson,leo.thompson.7050@example.com,Australia,2025-01-17,Basic,18.70
7051,Mia Nguyen,mia.nguyen.7051@example.com,United Kingdom,2024-06-24,Standard,953.31
7052,Noah Rossi,noah.rossi.7052@example.com,Singapore,2025-01-19,Premium,3244.62
7053,Mia Garcia,mia.garcia.7053@example.com,United States,2024-03-08,Basic,0.00
7054,Leo Thompson,leo.thompson.7054@example.com,United Arab Emirates,2024-05-21,Basic,149.88
7055,Noah Garcia,noah.garcia.7055@example.com,Germany,2024-11-05,Standard,742.66
7056,Olivia Williams,olivia.williams.7056@example.com,India,2024-02-06,Premium,4266.20
7057,Lucas Rossi,lucas.rossi.7057@example.com,United Arab Emirates,2025-01-05,Basic,0.00
7058,Daniel Garcia,daniel.garcia.7058@example.com,United States,2024-02-25,Basic,261.83
7059,Lucas Martin,lucas.martin.7059@example.com,United States,2024-04-18,Standard,998.15
7060,Aisha Nguyen,aisha.nguyen.7060@example.com,India,2024-09-01,Premium,3867.70
7061,Liam Dubois,liam.dubois.7061@example.com,Singapore,2024-02-17,Basic,0.00
7062,Samuel Garcia,samuel.garcia.7062@example.com,United Arab Emirates,2024-12-05,Basic,163.25
7063,Noah Anderson,noah.anderson.7063@example.com,Germany,2024-04-14,Standard,707.67
7064,Liam Khan,liam.khan.7064@example.com,Germany,2024-10-14,Premium,3283.60
7065,Samuel Santos,samuel.santos.7065@example.com,Germany,2024-11-10,Basic,0.00
7066,Mia Chen,mia.chen.7066@example.com,United States,2024-05-18,Basic,222.65
7067,Isabella Khan,isabella.khan.7067@example.com,United Kingdom,2024-09-05,Standard,914.85
7068,Noah Thompson,noah.thompson.7068@example.com,United Arab Emirates,2025-01-09,Premium,4996.44
7069,Liam Thompson,liam.thompson.7069@example.com,United Arab Emirates,2024-03-23,Basic,0.00
7070,Ava Nguyen,ava.nguyen.7070@example.com,India,2024-03-02,Basic,75.55
7071,Olivia Santos,olivia.santos.7071@example.com,Japan,2024-03-22,Standard,970.65
7072,Priya Garcia,priya.garcia.7072@example.com,Japan,2024-03-31,Premium,3661.27
7073,Ava Chen,ava.chen.7073@example.com,United Kingdom,2024-11-25,Basic,0.00
7074,Daniel Wilson,daniel.wilson.7074@example.com,United States,2024-04-10,Basic,292.93
7075,Lucas Nakamura,lucas.nakamura.7075@example.com,United States,2024-04-23,Standard,853.95
7076,Aisha Nguyen,aisha.nguyen.7076@example.com,United Kingdom,2024-06-28,Premium,3488.68
7077,Olivia Williams,olivia.williams.7077@example.com,Canada,2024-10-31,Basic,0.00
7078,Nora Wilson,nora.wilson.7078@example.com,France,2024-04-10,Basic,153.60
7079,Hugo Garcia,hugo.garcia.7079@example.com,United Arab Emirates,2024-05-20,Standard,984.45
7080,Leo Thompson,leo.thompson.7080@example.com,Singapore,2024-08-07,Premium,4090.64
7081,Hugo Dubois,hugo.dubois.7081@example.com,Germany,2024-09-07,Basic,0.00
7082,Ava Clarke,ava.clarke.7082@example.com,United Kingdom,2024-06-02,Basic,112.63
7083,Oliver Garcia,oliver.garcia.7083@example.com,United States,2024-12-23,Standard,613.18
7084,Hugo Wilson,hugo.wilson.7084@example.com,United Arab Emirates,2024-03-28,Premium,7421.12
7085,Daniel Dubois,daniel.dubois.7085@example.com,United Kingdom,2024-11-22,Basic,0.00
7086,Lucas Martin,lucas.martin.7086@example.com,Australia,2024-12-25,Basic,145.44
7087,Sofia Williams,sofia.williams.7087@example.com,France,2024-06-25,Standard,949.39
7088,Noah Garcia,noah.garcia.7088@example.com,Australia,2024-03-14,Premium,1891.02
7089,Isabella Khan,isabella.khan.7089@example.com,France,2024-02-27,Basic,0.00
7090,Leo Clarke,leo.clarke.7090@example.com,India,2025-01-04,Basic,134.29
7091,Ethan Dubois,ethan.dubois.7091@example.com,United Kingdom,2024-08-27,Standard,645.06
7092,Oliver Patel,oliver.patel.7092@example.com,France,2024-07-22,Premium,3351.24
7093,Ethan Santos,ethan.santos.7093@example.com,Canada,2025-01-01,Basic,0.00
7094,Hugo Wilson,hugo.wilson.7094@example.com,United Kingdom,2024-02-02,Basic,277.55
7095,Sofia Kim,sofia.kim.7095@example.com,Germany,2024-10-07,Standard,902.07
7096,Samuel Garcia,samuel.garcia.7096@example.com,Japan,2024-11-25,Premium,2946.60
7097,Oliver Clarke,oliver.clarke.7097@example.com,United Arab Emirates,2024-06-21,Basic,0.00
7098,Aisha Ahmed,aisha.ahmed.7098@example.com,France,2024-09-06,Basic,80.40
7099,Chloe Clarke,chloe.clarke.7099@example.com,Germany,2024-10-17,Standard,711.92
7100,Hana Clarke,hana.clarke.7100@example.com,Australia,2024-03-01,Premium,3692.10
7101,Amelia Kim,amelia.kim.7101@example.com,United Kingdom,2024-11-29,Basic,0.00
7102,Zoe Santos,zoe.santos.7102@example.com,India,2024-09-19,Basic,292.17
7103,Omar Dubois,omar.dubois.7103@example.com,Australia,2024-08-06,Standard,782.43
7104,Omar Ahmed,omar.ahmed.7104@example.com,Germany,2024-04-15,Premium,3726.89
7105,Ethan Nakamura,ethan.nakamura.7105@example.com,United Kingdom,2024-09-21,Basic,0.00
7106,Sofia Dubois,sofia.dubois.7106@example.com,India,2024-04-09,Basic,115.78
7107,Zoe Kim,zoe.kim.7107@example.com,India,2024-08-06,Standard,973.56
7108,Amelia Patel,amelia.patel.7108@example.com,India,2024-02-05,Premium,1492.80
7109,Hugo Bennett,hugo.bennett.7109@example.com,United States,2024-03-14,Basic,0.00
7110,Lucas Patel,lucas.patel.7110@example.com,United Kingdom,2024-05-24,Basic,42.89
7111,Amelia Dubois,amelia.dubois.7111@example.com,Singapore,2024-12-28,Standard,797.75
7112,Leo Martin,leo.martin.7112@example.com,Germany,2024-02-21,Premium,3663.01
7113,Priya Ahmed,priya.ahmed.7113@example.com,Japan,2024-03-24,Basic,0.00
7114,Amelia Bennett,amelia.bennett.7114@example.com,India,2024-08-28,Basic,43.81
7115,Oliver Clarke,oliver.clarke.7115@example.com,United States,2025-01-10,Standard,752.79
7116,Mia Williams,mia.williams.7116@example.com,Japan,2024-04-10,Premium,2974.29
7117,Oliver Chen,oliver.chen.7117@example.com,United States,2024-09-29,Basic,0.00
7118,Leo Martin,leo.martin.7118@example.com,Australia,2024-10-14,Basic,50.32
7119,Samuel Williams,samuel.williams.7119@example.com,United Kingdom,2024-07-29,Standard,892.59
7120,Daniel Martin,daniel.martin.7120@example.com,Canada,2024-05-28,Premium,4529.73
7121,Sofia Nguyen,sofia.nguyen.7121@example.com,Canada,2024-05-03,Basic,0.00
7122,Ethan Nguyen,ethan.nguyen.7122@example.com,Canada,2024-06-25,Basic,107.41
7123,Amelia Nguyen,amelia.nguyen.7123@example.com,Germany,2024-09-29,Standard,992.42
7124,Isabella Chen,isabella.chen.7124@example.com,Singapore,2024-05-09,Premium,2633.49
7125,Omar Clarke,omar.clarke.7125@example.com,United Arab Emirates,2024-12-01,Basic,0.00
7126,Lucas Singh,lucas.singh.7126@example.com,United States,2024-06-19,Basic,217.10
7127,Olivia Singh,olivia.singh.7127@example.com,Singapore,2024-06-17,Standard,805.64
7128,Nora Clarke,nora.clarke.7128@example.com,United Kingdom,2024-05-27,Premium,2911.45
7129,Omar Williams,omar.williams.7129@example.com,United Kingdom,2024-06-06,Basic,0.00
7130,Omar Bennett,omar.bennett.7130@example.com,France,2024-05-10,Basic,291.45
7131,Isabella Nakamura,isabella.nakamura.7131@example.com,Canada,2024-04-25,Standard,910.12
7132,Zoe Ahmed,zoe.ahmed.7132@example.com,United Arab Emirates,2024-04-08,Premium,3825.98
7133,Amelia Taylor,amelia.taylor.7133@example.com,Germany,2024-04-01,Basic,0.00
7134,Zoe Kim,zoe.kim.7134@example.com,Japan,2024-11-11,Basic,243.62
7135,Noah Clarke,noah.clarke.7135@example.com,Japan,2024-10-26,Standard,845.40
7136,Arjun Bennett,arjun.bennett.7136@example.com,Canada,2024-11-03,Premium,4074.08
7137,Amelia Garcia,amelia.garcia.7137@example.com,United States,2024-07-03,Basic,0.00
7138,Liam Clarke,liam.clarke.7138@example.com,Germany,2025-01-30,Basic,85.67
7139,Isabella Anderson,isabella.anderson.7139@example.com,Germany,2024-03-11,Standard,837.43
7140,Mateo Santos,mateo.santos.7140@example.com,Canada,2024-10-19,Premium,3940.58
7141,Liam Patel,liam.patel.7141@example.com,Germany,2024-09-28,Basic,0.00
7142,Oliver Taylor,oliver.taylor.7142@example.com,Japan,2024-06-27,Basic,210.38
7143,Samuel Chen,samuel.chen.7143@example.com,Singapore,2024-02-19,Standard,850.41
7144,Ethan Garcia,ethan.garcia.7144@example.com,Singapore,2025-01-11,Premium,4309.04
7145,Oliver Clarke,oliver.clarke.7145@example.com,Australia,2024-02-12,Basic,0.00
7146,Chloe Anderson,chloe.anderson.7146@example.com,France,2024-10-12,Basic,115.99
7147,Oliver Bennett,oliver.bennett.7147@example.com,Australia,2024-09-25,Standard,935.55
7148,Oliver Rossi,oliver.rossi.7148@example.com,United Kingdom,2025-01-07,Premium,4064.90
7149,Sofia Williams,sofia.williams.7149@example.com,Australia,2025-01-04,Basic,0.00
7150,Mateo Nakamura,mateo.nakamura.7150@example.com,Germany,2024-06-02,Basic,238.11
7151,Samuel Dubois,samuel.dubois.7151@example.com,United Arab Emirates,2024-11-21,Standard,995.41
7152,Amelia Santos,amelia.santos.7152@example.com,France,2024-11-09,Premium,2917.44
7153,Isabella Kim,isabella.kim.7153@example.com,Japan,2024-08-09,Basic,0.00
7154,Hana Rossi,hana.rossi.7154@example.com,Germany,2025-01-23,Basic,160.69
7155,Amelia Nguyen,amelia.nguyen.7155@example.com,Germany,2024-05-06,Standard,764.81
7156,Hana Bennett,hana.bennett.7156@example.com,India,2024-12-05,Premium,9634.56
7157,Leo Rossi,leo.rossi.7157@example.com,United States,2025-01-19,Basic,0.00
7158,Lucas Kim,lucas.kim.7158@example.com,Canada,2024-10-24,Basic,163.25
7159,Mateo Nguyen,mateo.nguyen.7159@example.com,India,2024-02-08,Standard,345.84
7160,Chloe Garcia,chloe.garcia.7160@example.com,United States,2024-08-17,Premium,2723.72
7161,Isabella Taylor,isabella.taylor.7161@example.com,Japan,2024-06-03,Basic,0.00
7162,Arjun Nakamura,arjun.nakamura.7162@example.com,Germany,2024-08-09,Basic,234.13
7163,Nora Singh,nora.singh.7163@example.com,United Kingdom,2024-08-23,Standard,581.21
7164,Isabella Chen,isabella.chen.7164@example.com,Japan,2024-08-31,Premium,1754.03
7165,Olivia Anderson,olivia.anderson.7165@example.com,India,2025-01-05,Basic,0.00
7166,Oliver Garcia,oliver.garcia.7166@example.com,Germany,2024-11-27,Basic,101.87
7167,Oliver Singh,oliver.singh.7167@example.com,Canada,2024-08-02,Standard,876.95
7168,Arjun Bennett,arjun.bennett.7168@example.com,Singapore,2024-06-23,Premium,5179.34
7169,Ava Thompson,ava.thompson.7169@example.com,India,2024-12-12,Basic,0.00
7170,Mateo Martin,mateo.martin.7170@example.com,United Arab Emirates,2024-08-22,Basic,115.78
7171,Lucas Patel,lucas.patel.7171@example.com,Germany,2024-09-23,Standard,935.28
7172,Hugo Martin,hugo.martin.7172@example.com,France,2024-02-05,Premium,4721.60
7173,Oliver Wilson,oliver.wilson.7173@example.com,Canada,2024-06-03,Basic,0.00
7174,Samuel Chen,samuel.chen.7174@example.com,Germany,2024-04-30,Basic,50.75
7175,Ava Wilson,ava.wilson.7175@example.com,Singapore,2024-02-03,Standard,873.16
7176,Noah Patel,noah.patel.7176@example.com,United Kingdom,2024-09-20,Premium,5459.46
7177,Priya Chen,priya.chen.7177@example.com,Germany,2024-03-28,Basic,0.00
7178,Samuel Santos,samuel.santos.7178@example.com,France,2024-06-06,Basic,163.25
7179,Chloe Clarke,chloe.clarke.7179@example.com,United Kingdom,2024-07-17,Standard,855.77
7180,Oliver Santos,oliver.santos.7180@example.com,France,2024-09-22,Premium,2281.70
7181,Lucas Rossi,lucas.rossi.7181@example.com,United States,2024-08-15,Basic,0.00
7182,Ethan Thompson,ethan.thompson.7182@example.com,United Arab Emirates,2024-08-12,Basic,33.05
7183,Amelia Martin,amelia.martin.7183@example.com,Germany,2024-04-25,Standard,986.40
7184,Omar Nakamura,omar.nakamura.7184@example.com,United States,2024-06-02,Premium,4298.77
7185,Ava Anderson,ava.anderson.7185@example.com,Canada,2024-12-14,Basic,0.00
7186,Isabella Clarke,isabella.clarke.7186@example.com,Germany,2024-08-02,Basic,52.39
7187,Ethan Anderson,ethan.anderson.7187@example.com,United Kingdom,2024-07-14,Standard,645.97
7188,Zoe Nguyen,zoe.nguyen.7188@example.com,Canada,2024-10-26,Premium,3860.38
7189,Chloe Anderson,chloe.anderson.7189@example.com,United States,2024-06-23,Basic,0.00
7190,Amelia Chen,amelia.chen.7190@example.com,United Arab Emirates,2024-09-10,Basic,190.87
7191,Chloe Martin,chloe.martin.7191@example.com,United Arab Emirates,2024-12-04,Standard,870.90
7192,Olivia Nakamura,olivia.nakamura.7192@example.com,Canada,2024-03-22,Premium,2741.42
7193,Hugo Wilson,hugo.wilson.7193@example.com,Canada,2024-12-04,Basic,0.00
7194,Sofia Chen,sofia.chen.7194@example.com,United States,2024-07-04,Basic,284.04
7195,Olivia Taylor,olivia.taylor.7195@example.com,Japan,2024-11-04,Standard,632.71
7196,Ethan Williams,ethan.williams.7196@example.com,France,2025-01-16,Premium,2674.59
7197,Arjun Rossi,arjun.rossi.7197@example.com,Canada,2024-08-26,Basic,0.00
7198,Chloe Clarke,chloe.clarke.7198@example.com,Australia,2024-10-01,Basic,295.73
7199,Amelia Dubois,amelia.dubois.7199@example.com,Australia,2024-04-05,Standard,965.39
7200,Omar Singh,omar.singh.7200@example.com,Australia,2024-04-03,Premium,5679.62
7201,Arjun Rossi,arjun.rossi.7201@example.com,Canada,2024-10-14,Basic,0.00
7202,Noah Wilson,noah.wilson.7202@example.com,Singapore,2024-08-02,Basic,163.67
7203,Amelia Martin,amelia.martin.7203@example.com,Canada,2024-02-24,Standard,749.52
7204,Leo Williams,leo.williams.7204@example.com,United Arab Emirates,2024-02-25,Premium,7605.94
7205,Liam Rossi,liam.rossi.7205@example.com,Australia,2024-12-26,Basic,0.00
7206,Arjun Khan,arjun.khan.7206@example.com,France,2024-12-13,Basic,272.67
7207,Arjun Thompson,arjun.thompson.7207@example.com,United Arab Emirates,2024-10-07,Standard,981.96
7208,Olivia Clarke,olivia.clarke.7208@example.com,United States,2024-02-02,Premium,3060.24
7209,Noah Bennett,noah.bennett.7209@example.com,Canada,2025-01-28,Basic,0.00
7210,Hana Santos,hana.santos.7210@example.com,India,2024-03-22,Basic,238.11
7211,Chloe Chen,chloe.chen.7211@example.com,Canada,2024-07-24,Standard,999.84
7212,Chloe Patel,chloe.patel.7212@example.com,Japan,2024-03-04,Premium,3800.44
7213,Aisha Kim,aisha.kim.7213@example.com,France,2024-12-04,Basic,0.00
7214,Lucas Bennett,lucas.bennett.7214@example.com,Japan,2024-11-23,Basic,193.64
7215,Mateo Chen,mateo.chen.7215@example.com,Australia,2024-02-01,Standard,887.02
7216,Lucas Kim,lucas.kim.7216@example.com,Australia,2024-04-10,Premium,3602.84
7217,Samuel Anderson,samuel.anderson.7217@example.com,United Kingdom,2024-08-16,Basic,0.00
7218,Zoe Nakamura,zoe.nakamura.7218@example.com,Japan,2024-10-31,Basic,274.16
7219,Olivia Wilson,olivia.wilson.7219@example.com,France,2024-08-11,Standard,907.13
7220,Lucas Nakamura,lucas.nakamura.7220@example.com,Germany,2024-06-05,Premium,3828.21
7221,Nora Bennett,nora.bennett.7221@example.com,United Kingdom,2024-12-11,Basic,0.00
7222,Lucas Kim,lucas.kim.7222@example.com,Australia,2025-01-12,Basic,275.87
7712,Mateo Williams,mateo.williams.7223@example.com,United Kingdom,2025-01-09,Premium,1870.52
7224,Nora Thompson,nora.thompson.7224@example.com,India,2024-09-03,Premium,2389.46
7225,Priya Taylor,priya.taylor.7225@example.com,France,2024-03-01,Basic,0.00
7226,Omar Martin,omar.martin.7226@example.com,Japan,2024-12-28,Basic,160.74
7227,Leo Garcia,leo.garcia.7227@example.com,Canada,2024-02-14,Standard,477.15
7228,Hana Martin,hana.martin.7228@example.com,Singapore,2024-03-16,Premium,1194.96
7229,Priya Santos,priya.santos.7229@example.com,Japan,2024-11-07,Basic,0.00
7230,Noah Taylor,noah.taylor.7230@example.com,United Kingdom,2024-12-16,Basic,150.85
7231,Noah Chen,noah.chen.7231@example.com,Canada,2024-06-05,Standard,870.63
7232,Olivia Williams,olivia.williams.7232@example.com,India,2024-10-02,Premium,2494.21
7233,Zoe Nguyen,zoe.nguyen.7233@example.com,Japan,2024-02-13,Basic,0.00
7234,Chloe Thompson,chloe.thompson.7234@example.com,India,2024-05-15,Basic,146.76
7235,Isabella Anderson,isabella.anderson.7235@example.com,Canada,2024-04-18,Standard,912.38
7236,Ava Thompson,ava.thompson.7236@example.com,United Kingdom,2024-11-03,Premium,2400.33
7237,Omar Rossi,omar.rossi.7237@example.com,Canada,2024-03-08,Basic,0.00
7238,Sofia Dubois,sofia.dubois.7238@example.com,Singapore,2024-06-25,Basic,137.44
7239,Zoe Ahmed,zoe.ahmed.7239@example.com,France,2024-08-31,Standard,706.14
7240,Arjun Thompson,arjun.thompson.7240@example.com,United Kingdom,2024-03-14,Premium,2476.68
7241,Lucas Chen,lucas.chen.7241@example.com,United Arab Emirates,2024-07-09,Basic,0.00
7242,Ava Bennett,ava.bennett.7242@example.com,United States,2024-02-15,Basic,185.76
7243,Samuel Anderson,samuel.anderson.7243@example.com,Japan,2024-07-22,Standard,547.80
7244,Arjun Rossi,arjun.rossi.7244@example.com,Singapore,2024-11-16,Premium,4640.03
7245,Priya Chen,priya.chen.7245@example.com,Australia,2025-01-25,Basic,0.00
7246,Priya Garcia,priya.garcia.7246@example.com,Australia,2024-04-14,Basic,266.92
7247,Mia Taylor,mia.taylor.7247@example.com,France,2024-12-03,Standard,815.27
7248,Daniel Ahmed,daniel.ahmed.7248@example.com,India,2024-08-13,Premium,4872.43
7249,Mateo Khan,mateo.khan.7249@example.com,Canada,2024-10-03,Basic,0.00
7250,Oliver Patel,oliver.patel.7250@example.com,United Kingdom,2024-10-09,Basic,298.24
7251,Daniel Nguyen,daniel.nguyen.7251@example.com,Australia,2025-01-15,Standard,343.88
7252,Hugo Taylor,hugo.taylor.7252@example.com,France,2024-11-18,Premium,2114.93
7253,Olivia Santos,olivia.santos.7253@example.com,Australia,2024-10-26,Basic,0.00
7254,Sofia Singh,sofia.singh.7254@example.com,United Kingdom,2024-03-22,Basic,278.19
7255,Mia Bennett,mia.bennett.7255@example.com,India,2024-07-30,Standard,856.70
7256,Ethan Taylor,ethan.taylor.7256@example.com,India,2024-06-29,Premium,4636.09
7257,Ethan Taylor,ethan.taylor.7257@example.com,Japan,2024-05-23,Basic,0.00
7258,Omar Garcia,omar.garcia.7258@example.com,Canada,2024-10-07,Basic,186.63
7259,Ethan Patel,ethan.patel.7259@example.com,France,2024-07-26,Standard,994.16
7260,Arjun Anderson,arjun.anderson.7260@example.com,Japan,2024-08-06,Premium,3742.11
7261,Daniel Dubois,daniel.dubois.7261@example.com,France,2024-08-16,Basic,0.00
7262,Mateo Thompson,mateo.thompson.7262@example.com,India,2024-06-13,Basic,221.76
7263,Aisha Nakamura,aisha.nakamura.7263@example.com,Singapore,2024-06-30,Standard,927.46
7264,Hana Taylor,hana.taylor.7264@example.com,Canada,2024-04-25,Premium,2133.83
7265,Mia Rossi,mia.rossi.7265@example.com,Germany,2025-01-28,Basic,0.00
7266,Omar Williams,omar.williams.7266@example.com,United States,2024-07-07,Basic,164.34
7267,Leo Chen,leo.chen.7267@example.com,France,2024-02-03,Standard,784.77
7268,Leo Rossi,leo.rossi.7268@example.com,Canada,2024-11-17,Premium,1818.57
7269,Leo Santos,leo.santos.7269@example.com,India,2024-10-31,Basic,0.00
7270,Isabella Williams,isabella.williams.7270@example.com,Canada,2025-01-10,Basic,164.34
7271,Noah Taylor,noah.taylor.7271@example.com,Canada,2024-09-17,Standard,996.97
7272,Leo Thompson,leo.thompson.7272@example.com,Canada,2024-12-02,Premium,2672.51
7273,Arjun Santos,arjun.santos.7273@example.com,United States,2024-12-11,Basic,0.00
7274,Nora Rossi,nora.rossi.7274@example.com,Australia,2024-06-11,Basic,118.17
7275,Daniel Patel,daniel.patel.7275@example.com,Canada,2024-03-09,Standard,832.14
7276,Sofia Rossi,sofia.rossi.7276@example.com,United Kingdom,2024-07-04,Premium,3989.42
7277,Leo Kim,leo.kim.7277@example.com,United States,2024-05-06,Basic,0.00
7278,Sofia Khan,sofia.khan.7278@example.com,Germany,2024-10-10,Basic,198.95
7279,Nora Nguyen,nora.nguyen.7279@example.com,United States,2024-06-26,Standard,893.52
7280,Omar Thompson,omar.thompson.7280@example.com,United Arab Emirates,2024-09-25,Premium,3788.39
7281,Sofia Kim,sofia.kim.7281@example.com,United Kingdom,2024-10-24,Basic,0.00
7282,Lucas Singh,lucas.singh.7282@example.com,Japan,2024-02-13,Basic,283.97
7283,Ava Anderson,ava.anderson.7283@example.com,United Arab Emirates,2024-10-29,Standard,766.58
7284,Sofia Garcia,sofia.garcia.7284@example.com,Germany,2024-09-19,Premium,1899.20
7285,Oliver Chen,oliver.chen.7285@example.com,Australia,2024-05-09,Basic,0.00
7286,Nora Chen,nora.chen.7286@example.com,United States,2024-11-17,Basic,237.50
7287,Priya Patel,priya.patel.7287@example.com,France,2024-03-04,Standard,930.18
7288,Priya Dubois,priya.dubois.7288@example.com,Japan,2024-08-23,Premium,3223.15
7289,Samuel Nakamura,samuel.nakamura.7289@example.com,United States,2024-08-21,Basic,0.00
7290,Ava Taylor,ava.taylor.7290@example.com,Australia,2025-01-09,Basic,84.90
7291,Sofia Ahmed,sofia.ahmed.7291@example.com,India,2024-05-13,Standard,983.57
7292,Amelia Williams,amelia.williams.7292@example.com,United Kingdom,2024-04-11,Premium,3434.64
7293,Sofia Bennett,sofia.bennett.7293@example.com,United States,2025-01-12,Basic,0.00
7294,Aisha Wilson,aisha.wilson.7294@example.com,Singapore,2024-06-17,Basic,85.67
7295,Sofia Dubois,sofia.dubois.7295@example.com,Germany,2024-11-05,Standard,992.85
7296,Ava Khan,ava.khan.7296@example.com,Australia,2024-09-04,Premium,4653.44
7297,Nora Rossi,nora.rossi.7297@example.com,India,2024-02-12,Basic,0.00
7298,Aisha Martin,aisha.martin.7298@example.com,Singapore,2024-12-06,Basic,53.28
7299,Chloe Thompson,chloe.thompson.7299@example.com,United Kingdom,2025-01-23,Standard,539.81
7300,Ava Dubois,ava.dubois.7300@example.com,United States,2024-07-21,Premium,5686.03
7301,Zoe Patel,zoe.patel.7301@example.com,United Arab Emirates,2024-06-26,Basic,0.00
7302,Leo Clarke,leo.clarke.7302@example.com,Canada,2024-02-13,Basic,115.99
7303,Oliver Kim,oliver.kim.7303@example.com,India,2024-06-23,Standard,539.22
7304,Hana Singh,hana.singh.7304@example.com,United Kingdom,2024-05-07,Premium,1726.38
7305,Sofia Patel,sofia.patel.7305@example.com,United Arab Emirates,2024-08-08,Basic,0.00
7306,Olivia Rossi,olivia.rossi.7306@example.com,Australia,2024-08-10,Basic,204.51
7307,Noah Bennett,noah.bennett.7307@example.com,United Kingdom,2024-03-27,Standard,781.01
7308,Isabella Wilson,isabella.wilson.7308@example.com,India,2024-03-28,Premium,3214.52
7309,Hugo Kim,hugo.kim.7309@example.com,Singapore,2025-01-19,Basic,0.00
7310,Priya Singh,priya.singh.7310@example.com,Singapore,2024-02-25,Basic,213.76
7311,Ava Ahmed,ava.ahmed.7311@example.com,Singapore,2024-11-22,Standard,931.10
7312,Zoe Singh,zoe.singh.7312@example.com,Germany,2024-06-10,Premium,5069.10
7313,Zoe Garcia,zoe.garcia.7313@example.com,United States,2024-06-24,Basic,0.00
7314,Noah Patel,noah.patel.7314@example.com,Australia,2024-03-04,Basic,41.02
7315,Omar Dubois,omar.dubois.7315@example.com,India,2024-10-18,Standard,988.84
7316,Isabella Garcia,isabella.garcia.7316@example.com,Australia,2024-07-19,Premium,5102.64
7317,Ava Ahmed,ava.ahmed.7317@example.com,United Kingdom,2024-06-20,Basic,0.00
7318,Aisha Khan,aisha.khan.7318@example.com,Japan,2024-07-08,Basic,202.82
7319,Nora Santos,nora.santos.7319@example.com,France,2024-10-16,Standard,305.44
7320,Noah Khan,noah.khan.7320@example.com,United States,2024-12-16,Premium,2401.87
7321,Zoe Bennett,zoe.bennett.7321@example.com,United Kingdom,2024-08-25,Basic,0.00
7322,Aisha Santos,aisha.santos.7322@example.com,India,2024-06-24,Basic,294.71
7323,Nora Williams,nora.williams.7323@example.com,Japan,2024-09-18,Standard,978.10
7324,Oliver Patel,oliver.patel.7324@example.com,United States,2024-03-18,Premium,4466.04
7325,Mateo Singh,mateo.singh.7325@example.com,Canada,2024-09-24,Basic,0.00
7326,Daniel Williams,daniel.williams.7326@example.com,India,2024-12-07,Basic,111.29
7327,Aisha Nguyen,aisha.nguyen.7327@example.com,Australia,2024-10-05,Standard,923.41
7328,Priya Williams,priya.williams.7328@example.com,India,2024-03-19,Premium,2723.15
7329,Liam Kim,liam.kim.7329@example.com,Singapore,2024-08-18,Basic,0.00
7330,Leo Ahmed,leo.ahmed.7330@example.com,India,2024-03-29,Basic,158.58
7331,Olivia Rossi,olivia.rossi.7331@example.com,United Arab Emirates,2024-09-28,Standard,926.42
7332,Chloe Nakamura,chloe.nakamura.7332@example.com,France,2024-11-23,Premium,3560.69
7333,Samuel Ahmed,samuel.ahmed.7333@example.com,Australia,2025-01-05,Basic,0.00
7334,Ava Martin,ava.martin.7334@example.com,India,2024-03-05,Basic,39.58
7335,Hugo Singh,hugo.singh.7335@example.com,France,2024-02-15,Standard,962.64
7336,Isabella Nguyen,isabella.nguyen.7336@example.com,Australia,2024-08-10,Premium,1202.88
7337,Ava Patel,ava.patel.7337@example.com,France,2024-12-26,Basic,0.00
7338,Oliver Garcia,oliver.garcia.7338@example.com,United Arab Emirates,2024-07-28,Basic,94.16
7339,Leo Santos,leo.santos.7339@example.com,Japan,2025-01-27,Standard,839.51
7340,Sofia Nguyen,sofia.nguyen.7340@example.com,France,2024-06-06,Premium,4741.25
7341,Omar Anderson,omar.anderson.7341@example.com,Australia,2024-11-23,Basic,0.00
7342,Zoe Rossi,zoe.rossi.7342@example.com,Singapore,2024-04-24,Basic,171.70
7343,Lucas Martin,lucas.martin.7343@example.com,India,2024-08-23,Standard,857.52
7344,Daniel Chen,daniel.chen.7344@example.com,United Kingdom,2024-09-27,Premium,6244.98
7345,Priya Thompson,priya.thompson.7345@example.com,France,2024-11-13,Basic,0.00
7346,Noah Garcia,noah.garcia.7346@example.com,France,2024-11-03,Basic,181.87
7347,Mia Taylor,mia.taylor.7347@example.com,India,2024-11-07,Standard,940.35
7348,Hugo Clarke,hugo.clarke.7348@example.com,Australia,2024-02-03,Premium,4257.87
7349,Ava Bennett,ava.bennett.7349@example.com,Canada,2024-10-21,Basic,0.00
7350,Isabella Khan,isabella.khan.7350@example.com,Canada,2024-09-24,Basic,255.47
7351,Ethan Thompson,ethan.thompson.7351@example.com,India,2024-09-08,Standard,850.17
7352,Hana Nguyen,hana.nguyen.7352@example.com,Australia,2024-06-10,Premium,4850.20
7353,Isabella Garcia,isabella.garcia.7353@example.com,France,2025-01-29,Basic,0.00
7354,Noah Martin,noah.martin.7354@example.com,France,2024-04-05,Basic,118.23
7355,Aisha Kim,aisha.kim.7355@example.com,Germany,2024-09-06,Standard,954.60
3014,Liam Anderson,liam.anderson.7356@example.com,United States,2024-11-05,Basic,294.71
7357,Nora Khan,nora.khan.7357@example.com,United States,2024-11-01,Basic,0.00
7358,Hana Thompson,hana.thompson.7358@example.com,Canada,2024-02-05,Basic,878.10
7359,Zoe Nakamura,zoe.nakamura.7359@example.com,Australia,2024-11-11,Standard,997.12
7360,Priya Martin,priya.martin.7360@example.com,Japan,2024-10-01,Premium,3542.76
7361,Hugo Nakamura,hugo.nakamura.7361@example.com,United Kingdom,2024-04-02,Basic,0.00
7362,Aisha Wilson,aisha.wilson.7362@example.com,Canada,2024-07-13,Basic,69.98
7363,Sofia Thompson,sofia.thompson.7363@example.com,Singapore,2024-08-18,Standard,507.47
7364,Ava Bennett,ava.bennett.7364@example.com,United Arab Emirates,2024-03-03,Premium,2364.92
7365,Amelia Nakamura,amelia.nakamura.7365@example.com,United Kingdom,2024-04-15,Basic,0.00
7366,Olivia Singh,olivia.singh.7366@example.com,Canada,2024-06-22,Basic,281.72
7367,Sofia Khan,sofia.khan.7367@example.com,Germany,2025-01-11,Standard,777.20
7368,Lucas Thompson,lucas.thompson.7368@example.com,Australia,2025-01-13,Premium,2074.96
7369,Noah Kim,noah.kim.7369@example.com,Japan,2025-01-20,Basic,0.00
7370,Daniel Nakamura,daniel.nakamura.7370@example.com,Japan,2024-03-20,Basic,287.38
7371,Mateo Taylor,mateo.taylor.7371@example.com,United Kingdom,2025-01-13,Standard,307.39
7372,Hana Rossi,hana.rossi.7372@example.com,Japan,2024-03-27,Premium,6122.94
7373,Chloe Kim,chloe.kim.7373@example.com,United Arab Emirates,2024-09-10,Basic,0.00
7374,Omar Dubois,omar.dubois.7374@example.com,India,2024-09-21,Basic,200.79
7375,Leo Wilson,leo.wilson.7375@example.com,United States,2024-12-07,Standard,758.90
7376,Mateo Dubois,mateo.dubois.7376@example.com,Singapore,2024-05-31,Premium,2565.07
7377,Ava Wilson,ava.wilson.7377@example.com,Germany,2024-02-09,Basic,0.00
7378,Amelia Clarke,amelia.clarke.7378@example.com,France,2024-04-18,Basic,72.24
7379,Ethan Wilson,ethan.wilson.7379@example.com,Canada,2025-01-11,Standard,970.01
7380,Chloe Kim,chloe.kim.7380@example.com,Australia,2024-09-22,Premium,4956.57
7381,Mateo Khan,mateo.khan.7381@example.com,Canada,2024-04-06,Basic,0.00
7382,Olivia Rossi,olivia.rossi.7382@example.com,United Kingdom,2024-06-12,Basic,185.77
7383,Arjun Clarke,arjun.clarke.7383@example.com,United States,2024-09-22,Standard,955.07
7384,Amelia Kim,amelia.kim.7384@example.com,Germany,2024-10-02,Premium,1187.66
7385,Daniel Anderson,daniel.anderson.7385@example.com,India,2024-02-26,Basic,0.00
7386,Liam Santos,liam.santos.7386@example.com,Japan,2024-12-24,Basic,61.07
7387,Hana Williams,,United Kingdom,2024-07-18,Standard,973.38
7388,Noah Williams,noah.williams.7388@example.com,United States,2024-03-07,Premium,2007.06
7389,Chloe Chen,chloe.chen.7389@example.com,India,2024-02-05,Basic,0.00
7390,Amelia Ahmed,amelia.ahmed.7390@example.com,United States,2024-04-09,Basic,241.23
7391,Chloe Kim,chloe.kim.7391@example.com,Singapore,2024-11-19,Standard,761.23
7392,Priya Khan,priya.khan.7392@example.com,Germany,2024-09-27,Premium,2707.37
7393,Isabella Clarke,isabella.clarke.7393@example.com,Japan,2024-11-11,Basic,0.00
7394,Ava Anderson,ava.anderson.7394@example.com,France,2024-06-27,Basic,226.74
7395,Aisha Ahmed,aisha.ahmed.7395@example.com,Australia,2024-08-02,Standard,661.23
7396,Hugo Garcia,hugo.garcia.7396@example.com,United Arab Emirates,2024-05-06,Premium,4245.98
7397,Liam Wilson,liam.wilson.7397@example.com,United Arab Emirates,2024-08-25,Basic,0.00
7398,Hugo Rossi,hugo.rossi.7398@example.com,United Kingdom,2024-06-09,Basic,213.30
7399,Chloe Anderson,chloe.anderson.7399@example.com,Singapore,2024-08-30,Standard,955.26
7400,Zoe Dubois,zoe.dubois.7400@example.com,Germany,2025-01-13,Premium,3512.47
7401,Arjun Chen,arjun.chen.7401@example.com,United States,2024-05-17,Basic,0.00
7402,Olivia Thompson,olivia.thompson.7402@example.com,Canada,2025-01-02,Basic,290.87
7403,Leo Taylor,leo.taylor.7403@example.com,France,2024-04-15,Standard,603.69
7404,Aisha Chen,aisha.chen.7404@example.com,Germany,2024-08-20,Premium,2957.12
7405,Oliver Santos,oliver.santos.7405@example.com,Germany,2024-11-30,Basic,0.00
7406,Ethan Thompson,ethan.thompson.7406@example.com,Canada,2024-06-28,Basic,172.88
7407,Amelia Singh,amelia.singh.7407@example.com,United States,2025-01-18,Standard,884.71
7408,Samuel Chen,samuel.chen.7408@example.com,United States,2024-11-06,Premium,2165.56
7409,Chloe Singh,chloe.singh.7409@example.com,United Kingdom,2024-07-05,Basic,0.00
7410,Daniel Dubois,daniel.dubois.7410@example.com,United States,2024-07-13,Basic,22.95
7411,Olivia Rossi,olivia.rossi.7411@example.com,United States,2024-11-13,Standard,874.66
7412,Isabella Patel,isabella.patel.7412@example.com,Australia,2024-04-14,Premium,5310.57
7413,Hugo Williams,hugo.williams.7413@example.com,India,2024-12-30,Basic,0.00
7414,Ava Singh,ava.singh.7414@example.com,Australia,2024-05-31,Basic,232.40
7415,Isabella Taylor,isabella.taylor.7415@example.com,Australia,2024-08-14,Standard,984.09
7416,Mateo Khan,mateo.khan.7416@example.com,United States,2024-03-17,Premium,1605.89
7417,Noah Singh,noah.singh.7417@example.com,United States,2024-11-28,Basic,0.00
7418,Noah Ahmed,noah.ahmed.7418@example.com,United Arab Emirates,2024-11-28,Basic,159.98
7419,Arjun Garcia,arjun.garcia.7419@example.com,Singapore,2024-09-15,Standard,793.03
7420,Aisha Williams,aisha.williams.7420@example.com,United States,2024-07-08,Premium,4512.88
7421,Oliver Singh,oliver.singh.7421@example.com,Canada,2024-10-27,Basic,0.00
7422,Zoe Anderson,zoe.anderson.7422@example.com,France,2025-01-23,Basic,235.65
7423,Mia Garcia,mia.garcia.7423@example.com,France,2024-11-05,Standard,589.59
7424,Mateo Martin,mateo.martin.7424@example.com,United Arab Emirates,2025-01-15,Premium,4540.64
7425,Noah Clarke,noah.clarke.7425@example.com,Australia,2024-02-26,Basic,0.00
7426,Mia Anderson,mia.anderson.7426@example.com,Japan,2024-09-01,Basic,285.26
7427,Leo Garcia,leo.garcia.7427@example.com,Australia,2024-09-01,Standard,887.39
7428,Chloe Martin,chloe.martin.7428@example.com,Singapore,2024-12-26,Premium,2598.48
7429,Amelia Ahmed,amelia.ahmed.7429@example.com,United Kingdom,2024-04-12,Basic,0.00
7430,Sofia Taylor,sofia.taylor.7430@example.com,Singapore,2024-03-06,Basic,115.99
7431,Omar Rossi,omar.rossi.7431@example.com,Germany,2024-09-22,Standard,746.80
7432,Priya Patel,priya.patel.7432@example.com,Japan,2024-02-02,Premium,3905.10
7433,Omar Anderson,omar.anderson.7433@example.com,United Kingdom,2024-03-17,Basic,0.00
7434,Noah Kim,noah.kim.7434@example.com,Singapore,2024-05-19,Basic,194.37
7435,Daniel Anderson,daniel.anderson.7435@example.com,United States,2024-12-10,Standard,984.69
7436,Leo Thompson,leo.thompson.7436@example.com,Australia,2024-12-06,Premium,3777.70
7437,Nora Clarke,nora.clarke.7437@example.com,Singapore,2024-06-28,Basic,0.00
7438,Sofia Williams,sofia.williams.7438@example.com,Singapore,2024-11-26,Basic,126.55
7439,Liam Wilson,liam.wilson.7439@example.com,Canada,2025-01-07,Standard,984.44
7440,Leo Clarke,leo.clarke.7440@example.com,Australia,2024-09-30,Premium,5393.18
7441,Leo Kim,leo.kim.7441@example.com,United States,2024-03-25,Basic,0.00
7442,Chloe Thompson,chloe.thompson.7442@example.com,India,2024-10-03,Basic,116.81
7443,Priya Williams,priya.williams.7443@example.com,Singapore,2024-10-11,Standard,947.51
7444,Hugo Dubois,hugo.dubois.7444@example.com,Canada,2025-01-02,Premium,3103.32
7445,Aisha Nguyen,aisha.nguyen.7445@example.com,Australia,2024-08-28,Basic,0.00
7446,Arjun Taylor,arjun.taylor.7446@example.com,Singapore,2024-10-27,Basic,113.07
7447,Daniel Kim,daniel.kim.7447@example.com,United States,2024-03-16,Standard,745.34
7448,Samuel Dubois,samuel.dubois.7448@example.com,Canada,2024-09-23,Premium,4408.66
7449,Chloe Martin,chloe.martin.7449@example.com,United Arab Emirates,2024-04-22,Basic,0.00
7450,Ethan Taylor,ethan.taylor.7450@example.com,India,2024-09-10,Basic,167.97
7451,Nora Ahmed,nora.ahmed.7451@example.com,Singapore,2024-02-06,Standard,833.75
7452,Hana Khan,hana.khan.7452@example.com,Japan,2024-12-26,Premium,3192.41
7453,Chloe Garcia,chloe.garcia.7453@example.com,India,2024-07-16,Basic,0.00
7454,Ethan Martin,ethan.martin.7454@example.com,Singapore,2024-12-25,Basic,154.97
7455,Mateo Nguyen,mateo.nguyen.7455@example.com,United Arab Emirates,2024-02-01,Standard,900.47
7456,Nora Wilson,nora.wilson.7456@example.com,United Arab Emirates,2024-11-25,Premium,2850.52
7457,Arjun Santos,arjun.santos.7457@example.com,United Arab Emirates,2024-11-01,Basic,0.00
7458,Liam Chen,liam.chen.7458@example.com,France,2024-07-24,Basic,136.21
7459,Mateo Thompson,mateo.thompson.7459@example.com,Japan,2024-09-26,Standard,944.85
7460,Sofia Taylor,sofia.taylor.7460@example.com,France,2024-12-05,Premium,3015.13
7461,Hugo Dubois,hugo.dubois.7461@example.com,Germany,2024-02-13,Basic,0.00
7462,Oliver Khan,oliver.khan.7462@example.com,Singapore,2024-08-08,Basic,259.19
7463,Samuel Nguyen,samuel.nguyen.7463@example.com,United States,2024-07-12,Standard,864.41
7464,Amelia Garcia,amelia.garcia.7464@example.com,Germany,2024-04-04,Premium,1696.97
7465,Nora Williams,nora.williams.7465@example.com,India,2024-07-18,Basic,0.00
7466,Hugo Nguyen,hugo.nguyen.7466@example.com,United Arab Emirates,2024-05-07,Basic,22.95
7467,Hana Garcia,hana.garcia.7467@example.com,Canada,2024-11-29,Standard,822.19
7468,Omar Dubois,omar.dubois.7468@example.com,France,2024-03-19,Premium,3725.27
7469,Oliver Nguyen,oliver.nguyen.7469@example.com,Japan,2024-03-13,Basic,0.00
7470,Zoe Williams,zoe.williams.7470@example.com,Germany,2024-10-27,Basic,158.71
7471,Leo Singh,leo.singh.7471@example.com,United States,2024-12-30,Standard,971.25
7472,Omar Singh,omar.singh.7472@example.com,United States,2024-12-05,Premium,4058.80
7473,Ethan Patel,ethan.patel.7473@example.com,Germany,2024-12-01,Basic,0.00
7474,Priya Martin,priya.martin.7474@example.com,Singapore,2024-09-16,Basic,215.69
7475,Oliver Thompson,oliver.thompson.7475@example.com,France,2024-12-24,Standard,834.64
7476,Nora Singh,nora.singh.7476@example.com,Australia,2024-12-25,Premium,4579.93
7477,Amelia Chen,amelia.chen.7477@example.com,United Arab Emirates,2024-05-11,Basic,0.00
7478,Amelia Williams,amelia.williams.7478@example.com,United Kingdom,2024-04-17,Basic,248.56
7479,Isabella Bennett,isabella.bennett.7479@example.com,United Kingdom,2024-12-26,Standard,987.17
7480,Aisha Dubois,aisha.dubois.7480@example.com,United States,2024-10-10,Premium,2308.15
7481,Mia Martin,mia.martin.7481@example.com,United Arab Emirates,2024-02-12,Basic,0.00
7482,Chloe Clarke,chloe.clarke.7482@example.com,France,2024-04-17,Basic,284.45
7483,Ethan Martin,ethan.martin.7483@example.com,Australia,2024-05-07,Standard,984.62
7484,Leo Clarke,leo.clarke.7484@example.com,Australia,2024-04-01,Premium,4135.83
7485,Zoe Nguyen,zoe.nguyen.7485@example.com,United States,2024-08-15,Basic,0.00
7486,Ethan Singh,ethan.singh.7486@example.com,United States,2024-10-13,Basic,82.25
7487,Zoe Khan,zoe.khan.7487@example.com,United States,2024-04-10,Standard,925.96
7488,Mia Martin,mia.martin.7488@example.com,India,2024-12-30,Premium,3634.48
7489,Priya Taylor,priya.taylor.7489@example.com,Canada,2024-06-12,Basic,0.00
7490,Priya Rossi,priya.rossi.7490@example.com,Japan,2024-08-05,Basic,292.93
7491,Arjun Thompson,arjun.thompson.7491@example.com,Germany,2024-02-13,Standard,848.16
7492,Priya Santos,priya.santos.7492@example.com,Japan,2025-01-19,Premium,2684.15
7493,Olivia Patel,olivia.patel.7493@example.com,Germany,2024-08-19,Basic,0.00
7494,Daniel Clarke,daniel.clarke.7494@example.com,France,2024-08-27,Basic,97.69
7495,Daniel Thompson,daniel.thompson.7495@example.com,Germany,2024-02-26,Standard,872.65
7496,Samuel Dubois,samuel.dubois.7496@example.com,Singapore,2024-10-10,Premium,2465.55
7497,Ava Kim,ava.kim.7497@example.com,Germany,2024-06-09,Basic,0.00
7498,Omar Anderson,omar.anderson.7498@example.com,Germany,2024-07-19,Basic,60.09
7499,Samuel Garcia,samuel.garcia.7499@example.com,Germany,2024-08-13,Standard,864.01
7500,Zoe Taylor,zoe.taylor.7500@example.com,Singapore,2024-11-01,Premium,4947.62
7501,Daniel Taylor,daniel.taylor.7501@example.com,France,2024-10-21,Basic,0.00
7502,Ava Patel,ava.patel.7502@example.com,Singapore,2024-05-12,Basic,256.31
7503,Lucas Nguyen,lucas.nguyen.7503@example.com,Australia,2025-01-04,Standard,788.86
7504,Omar Nguyen,omar.nguyen.7504@example.com,India,2024-12-19,Premium,2294.58
7505,Ethan Taylor,ethan.taylor.7505@example.com,Japan,2024-05-21,Basic,0.00
7506,Leo Dubois,leo.dubois.7506@example.com,Germany,2024-10-23,Basic,115.93
7507,Isabella Anderson,isabella.anderson.7507@example.com,Canada,2024-02-16,Standard,667.60
7508,Daniel Nakamura,daniel.nakamura.7508@example.com,Japan,2024-08-05,Premium,2121.60
7509,Aisha Thompson,aisha.thompson.7509@example.com,United States,2024-10-18,Basic,0.00
7510,Mateo Wilson,mateo.wilson.7510@example.com,Australia,2024-04-22,Basic,287.03
7511,Zoe Taylor,zoe.taylor.7511@example.com,United Arab Emirates,2024-11-14,Standard,908.32
7512,Ava Patel,ava.patel.7512@example.com,Germany,2024-06-04,Premium,2476.05
7513,Samuel Taylor,samuel.taylor.7513@example.com,United Arab Emirates,2025-01-19,Basic,0.00
7514,Isabella Nguyen,isabella.nguyen.7514@example.com,United States,2024-08-01,Basic,15.20
7515,Amelia Wilson,amelia.wilson.7515@example.com,France,2024-03-02,Standard,986.53
7516,Omar Singh,omar.singh.7516@example.com,United Arab Emirates,2024-04-30,Premium,4542.09
7517,Oliver Patel,oliver.patel.7517@example.com,India,2024-09-25,Basic,0.00
7518,Ethan Bennett,ethan.bennett.7518@example.com,United States,2024-09-22,Basic,256.29
7519,Ava Patel,ava.patel.7519@example.com,Canada,2024-12-05,Standard,817.99
7520,Ava Rossi,ava.rossi.7520@example.com,United States,2025-01-22,Premium,8575.30
7521,Nora Nakamura,nora.nakamura.7521@example.com,Australia,2024-10-08,Basic,0.00
7522,Sofia Rossi,sofia.rossi.7522@example.com,France,2024-06-18,Basic,158.58
7523,Zoe Kim,zoe.kim.7523@example.com,United States,2024-06-03,Standard,982.61
7524,Oliver Bennett,oliver.bennett.7524@example.com,United Kingdom,2024-09-03,Premium,1637.15
7525,Sofia Santos,sofia.santos.7525@example.com,Singapore,2024-07-29,Basic,0.00
7526,Liam Kim,liam.kim.7526@example.com,United States,2025-01-12,Basic,189.80
7527,Sofia Bennett,sofia.bennett.7527@example.com,Germany,2024-07-25,Standard,351.46
7528,Amelia Martin,amelia.martin.7528@example.com,Singapore,2024-03-20,Premium,1360.12
7529,Lucas Khan,lucas.khan.7529@example.com,France,2024-05-27,Basic,0.00
7530,Olivia Chen,olivia.chen.7530@example.com,Japan,2024-12-02,Basic,65.12
7531,Mia Anderson,mia.anderson.7531@example.com,Australia,2024-10-09,Standard,811.73
7532,Mateo Santos,mateo.santos.7532@example.com,Australia,2024-03-12,Premium,2262.81
7533,Samuel Williams,samuel.williams.7533@example.com,United Kingdom,2024-04-13,Basic,0.00
7534,Arjun Kim,arjun.kim.7534@example.com,United Arab Emirates,2024-02-15,Basic,138.10
7535,Mia Martin,mia.martin.7535@example.com,India,2024-08-02,Standard,797.99
7536,Ethan Nakamura,ethan.nakamura.7536@example.com,Germany,2024-04-17,Premium,2824.77
7537,Oliver Taylor,oliver.taylor.7537@example.com,India,2024-05-04,Basic,0.00
7538,Daniel Kim,daniel.kim.7538@example.com,United Kingdom,2025-01-20,Basic,44.53
7539,Noah Ahmed,noah.ahmed.7539@example.com,France,2024-10-11,Standard,512.45
7540,Arjun Ahmed,arjun.ahmed.7540@example.com,Australia,2024-11-10,Premium,3712.00
7541,Priya Kim,priya.kim.7541@example.com,France,2024-06-29,Basic,0.00
7542,Isabella Garcia,isabella.garcia.7542@example.com,Germany,2024-12-20,Basic,163.25
7543,Leo Singh,leo.singh.7543@example.com,United Arab Emirates,2024-12-17,Standard,770.94
7544,Olivia Rossi,olivia.rossi.7544@example.com,Australia,2024-07-15,Premium,4701.88
7545,Liam Garcia,liam.garcia.7545@example.com,Japan,2025-01-06,Basic,0.00
7546,Lucas Kim,lucas.kim.7546@example.com,France,2024-07-10,Basic,183.44
7547,Daniel Anderson,daniel.anderson.7547@example.com,Japan,2025-01-23,Standard,970.29
7548,Noah Taylor,noah.taylor.7548@example.com,Canada,2024-09-30,Premium,2609.61
7549,Ethan Nguyen,ethan.nguyen.7549@example.com,United Kingdom,2024-08-31,Basic,0.00
7550,Nora Khan,nora.khan.7550@example.com,Australia,2024-09-14,Basic,136.22
7551,Mia Dubois,mia.dubois.7551@example.com,United Kingdom,2024-04-12,Standard,936.18
7552,Olivia Santos,olivia.santos.7552@example.com,Japan,2024-08-10,Premium,2517.55
7553,Leo Martin,leo.martin.7553@example.com,India,2024-06-11,Basic,0.00
7554,Liam Martin,liam.martin.7554@example.com,India,2024-02-15,Basic,27.03
7555,Aisha Patel,aisha.patel.7555@example.com,Singapore,2024-04-01,Standard,803.19
7556,Aisha Nakamura,aisha.nakamura.7556@example.com,India,2024-04-22,Premium,2648.48
7557,Amelia Rossi,amelia.rossi.7557@example.com,United Arab Emirates,2024-03-02,Basic,0.00
7558,Leo Rossi,leo.rossi.7558@example.com,Australia,2024-03-14,Basic,274.79
7559,Mateo Taylor,mateo.taylor.7559@example.com,Australia,2024-02-11,Standard,881.25
7560,Arjun Clarke,arjun.clarke.7560@example.com,United Arab Emirates,2024-07-22,Premium,3924.91
7561,Olivia Taylor,olivia.taylor.7561@example.com,Japan,2024-03-02,Basic,0.00
7562,Lucas Santos,lucas.santos.7562@example.com,United States,2025-01-30,Basic,67.19
7563,Isabella Clarke,isabella.clarke.7563@example.com,United Arab Emirates,2024-11-03,Standard,990.75
7564,Sofia Chen,sofia.chen.7564@example.com,India,2024-09-13,Premium,3779.70
7565,Arjun Williams,arjun.williams.7565@example.com,Canada,2024-05-21,Basic,0.00
7566,Mia Anderson,mia.anderson.7566@example.com,Singapore,2024-11-11,Basic,256.31
7567,Aisha Singh,aisha.singh.7567@example.com,Germany,2024-10-15,Standard,771.63
7568,Omar Garcia,omar.garcia.7568@example.com,Germany,2024-12-29,Premium,2132.66
7569,Sofia Singh,sofia.singh.7569@example.com,Canada,2024-08-08,Basic,0.00
7570,Mateo Anderson,mateo.anderson.7570@example.com,India,2024-07-02,Basic,17.53
7571,Omar Singh,omar.singh.7571@example.com,Canada,2024-11-10,Standard,844.00
7572,Ethan Anderson,ethan.anderson.7572@example.com,United Kingdom,2024-06-06,Premium,2894.36
7573,Mia Chen,mia.chen.7573@example.com,Japan,2024-08-04,Basic,0.00
7574,Omar Nakamura,omar.nakamura.7574@example.com,India,2024-09-26,Basic,57.33
7575,Ethan Clarke,ethan.clarke.7575@example.com,United Arab Emirates,2024-03-04,Standard,699.63
7576,Liam Santos,liam.santos.7576@example.com,Germany,2024-11-29,Premium,2512.24
3670,Amelia Wilson,amelia.wilson.7577@example.com,Germany,2024-05-10,Basic,154.97
7578,Olivia Ahmed,olivia.ahmed.7578@example.com,Australia,2024-12-28,Basic,151.32
7579,Lucas Anderson,lucas.anderson.7579@example.com,India,2024-12-11,Standard,861.90
7580,Omar Anderson,omar.anderson.7580@example.com,United Kingdom,2024-02-20,Premium,4881.24
7581,Daniel Martin,daniel.martin.7581@example.com,United Arab Emirates,2024-10-05,Basic,0.00
7582,Hugo Williams,hugo.williams.7582@example.com,United Kingdom,2024-07-14,Basic,191.91
7583,Amelia Taylor,amelia.taylor.7583@example.com,Canada,2025-01-15,Standard,834.74
7584,Hana Williams,hana.williams.7584@example.com,Japan,2024-12-06,Premium,4312.02
7585,Sofia Dubois,sofia.dubois.7585@example.com,France,2024-03-04,Basic,0.00
7586,Nora Khan,nora.khan.7586@example.com,Canada,2024-10-18,Basic,220.68
7587,Liam Taylor,liam.taylor.7587@example.com,Canada,2025-01-16,Standard,713.89
7588,Mateo Garcia,mateo.garcia.7588@example.com,United States,2024-10-15,Premium,2652.69
7589,Hugo Anderson,hugo.anderson.7589@example.com,United Arab Emirates,2024-04-20,Basic,0.00
7590,Ethan Williams,ethan.williams.7590@example.com,United Arab Emirates,2024-11-08,Basic,213.76
7591,Arjun Dubois,arjun.dubois.7591@example.com,United Arab Emirates,2024-03-10,Standard,955.72
7592,Isabella Nakamura,isabella.nakamura.7592@example.com,Australia,2025-01-13,Premium,1946.42
7593,Nora Taylor,nora.taylor.7593@example.com,Japan,2024-03-30,Basic,0.00
7594,Amelia Kim,amelia.kim.7594@example.com,Canada,2024-11-16,Basic,182.79
7595,Aisha Nakamura,aisha.nakamura.7595@example.com,Japan,2024-02-01,Standard,978.14
7596,Nora Wilson,nora.wilson.7596@example.com,France,2024-12-01,Premium,3558.39
7597,Samuel Clarke,samuel.clarke.7597@example.com,United Kingdom,2024-08-10,Basic,0.00
7598,Ava Singh,ava.singh.7598@example.com,Germany,2024-06-20,Basic,19.31
7599,Isabella Singh,isabella.singh.7599@example.com,United States,2024-05-01,Standard,866.37
7600,Amelia Chen,amelia.chen.7600@example.com,India,2024-10-24,Premium,1556.92
7601,Arjun Nguyen,arjun.nguyen.7601@example.com,Japan,2024-11-11,Basic,0.00
7602,Mateo Singh,mateo.singh.7602@example.com,Australia,2024-07-08,Basic,183.00
7603,Zoe Kim,zoe.kim.7603@example.com,United States,2024-04-28,Standard,799.39
7604,Mateo Santos,mateo.santos.7604@example.com,Singapore,2024-08-23,Premium,2532.38
7605,Nora Dubois,nora.dubois.7605@example.com,United States,2024-06-01,Basic,0.00
7606,Zoe Singh,zoe.singh.7606@example.com,Germany,2024-02-05,Basic,110.25
7607,Mateo Khan,mateo.khan.7607@example.com,Germany,2024-08-27,Standard,808.36
7608,Daniel Nakamura,daniel.nakamura.7608@example.com,France,2024-07-02,Premium,1948.41
7609,Zoe Garcia,zoe.garcia.7609@example.com,Singapore,2025-01-30,Basic,0.00
7610,Samuel Chen,samuel.chen.7610@example.com,Australia,2024-09-05,Basic,193.10
7611,Oliver Ahmed,oliver.ahmed.7611@example.com,United Kingdom,2024-02-23,Standard,957.08
7612,Olivia Anderson,olivia.anderson.7612@example.com,Singapore,2025-01-06,Premium,5102.03
7613,Sofia Nakamura,sofia.nakamura.7613@example.com,Canada,2024-03-08,Basic,0.00
7614,Noah Santos,noah.santos.7614@example.com,United Kingdom,2024-06-04,Basic,264.69
7615,Arjun Patel,arjun.patel.7615@example.com,India,2024-03-02,Standard,963.19
7616,Liam Nguyen,liam.nguyen.7616@example.com,Germany,2024-04-22,Premium,4519.88
7617,Sofia Bennett,sofia.bennett.7617@example.com,United Kingdom,2024-05-31,Basic,0.00
7618,Oliver Nguyen,oliver.nguyen.7618@example.com,Canada,2024-08-04,Basic,101.87
7619,Arjun Martin,arjun.martin.7619@example.com,United States,2024-11-08,Standard,554.61
7620,Samuel Khan,samuel.khan.7620@example.com,United Kingdom,2025-01-10,Premium,4112.73
7621,Chloe Ahmed,chloe.ahmed.7621@example.com,United Kingdom,2024-12-23,Basic,0.00
7622,Leo Anderson,leo.anderson.7622@example.com,India,2024-02-05,Basic,136.22
7623,Arjun Nguyen,arjun.nguyen.7623@example.com,United Arab Emirates,2025-01-12,Standard,512.93
7624,Daniel Garcia,daniel.garcia.7624@example.com,Japan,2024-06-05,Premium,4255.53
7625,Samuel Dubois,samuel.dubois.7625@example.com,United Arab Emirates,2024-02-07,Basic,0.00
7626,Nora Ahmed,nora.ahmed.7626@example.com,United Arab Emirates,2025-01-27,Basic,80.77
7627,Lucas Thompson,,India,2024-10-04,Standard,743.40
7628,Ethan Singh,ethan.singh.7628@example.com,United States,2024-02-12,Premium,4750.70
7629,Omar Chen,omar.chen.7629@example.com,United Kingdom,2024-06-11,Basic,0.00
7630,Priya Williams,priya.williams.7630@example.com,United States,2024-09-30,Basic,193.12
7631,Amelia Nakamura,amelia.nakamura.7631@example.com,United Kingdom,2024-09-10,Standard,791.13
7632,Arjun Patel,arjun.patel.7632@example.com,Singapore,2024-08-05,Premium,2462.43
7633,Amelia Nguyen,amelia.nguyen.7633@example.com,United Arab Emirates,2024-07-14,Basic,0.00
7634,Liam Martin,liam.martin.7634@example.com,Australia,2024-09-22,Basic,45.83
7635,Amelia Ahmed,amelia.ahmed.7635@example.com,France,2024-03-13,Standard,867.74
7636,Liam Rossi,liam.rossi.7636@example.com,United Kingdom,2024-12-15,Premium,1992.36
7637,Mia Wilson,mia.wilson.7637@example.com,France,2024-06-12,Basic,0.00
7638,Omar Taylor,omar.taylor.7638@example.com,United Arab Emirates,2024-09-29,Basic,255.47
7639,Sofia Clarke,sofia.clarke.7639@example.com,India,2024-07-26,Standard,713.93
7640,Isabella Dubois,isabella.dubois.7640@example.com,United Kingdom,2024-12-04,Premium,2198.24
7641,Ethan Nakamura,ethan.nakamura.7641@example.com,India,2024-10-13,Basic,0.00
7642,Olivia Anderson,olivia.anderson.7642@example.com,Japan,2024-09-16,Basic,129.64
7643,Samuel Williams,samuel.williams.7643@example.com,Singapore,2024-10-14,Standard,508.24
7644,Leo Chen,leo.chen.7644@example.com,India,2024-06-03,Premium,2164.16
7645,Hana Kim,hana.kim.7645@example.com,India,2024-03-26,Basic,0.00
7646,Sofia Dubois,sofia.dubois.7646@example.com,India,2024-09-13,Basic,99.40
7647,Oliver Anderson,oliver.anderson.7647@example.com,United States,2024-08-09,Standard,877.68
7648,Omar Thompson,omar.thompson.7648@example.com,Australia,2024-09-22,Premium,4566.46
7649,Liam Khan,liam.khan.7649@example.com,Singapore,2024-10-26,Basic,0.00
7650,Hugo Wilson,hugo.wilson.7650@example.com,United States,2024-04-25,Basic,195.87
7651,Samuel Chen,samuel.chen.7651@example.com,Australia,2025-01-17,Standard,716.84
7652,Zoe Wilson,zoe.wilson.7652@example.com,India,2024-03-07,Premium,4740.44
7653,Lucas Wilson,lucas.wilson.7653@example.com,India,2024-08-14,Basic,0.00
7654,Ethan Thompson,ethan.thompson.7654@example.com,India,2024-05-15,Basic,193.67
7655,Samuel Khan,samuel.khan.7655@example.com,United States,2024-07-01,Standard,912.53
7656,Daniel Williams,daniel.williams.7656@example.com,United Kingdom,2024-09-22,Premium,3848.76
7657,Leo Williams,leo.williams.7657@example.com,Germany,2024-04-30,Basic,0.00
7658,Zoe Williams,zoe.williams.7658@example.com,France,2024-05-06,Basic,171.54
7659,Lucas Ahmed,lucas.ahmed.7659@example.com,Australia,2024-03-29,Standard,646.61
7660,Mateo Dubois,mateo.dubois.7660@example.com,Singapore,2024-09-03,Premium,3501.79
7661,Ava Taylor,ava.taylor.7661@example.com,Germany,2024-10-03,Basic,0.00
7662,Amelia Patel,amelia.patel.7662@example.com,India,2024-07-10,Basic,213.09
7663,Chloe Nguyen,chloe.nguyen.7663@example.com,United Arab Emirates,2024-08-17,Standard,889.71
7664,Hana Ahmed,hana.ahmed.7664@example.com,Japan,2024-02-12,Premium,3249.25
7665,Ava Dubois,ava.dubois.7665@example.com,Singapore,2024-11-13,Basic,0.00
7666,Arjun Bennett,arjun.bennett.7666@example.com,United States,2024-06-22,Basic,145.86
7667,Oliver Anderson,oliver.anderson.7667@example.com,Japan,2025-01-15,Standard,613.97
7668,Mateo Anderson,mateo.anderson.7668@example.com,India,2024-05-27,Premium,4576.24
7669,Priya Garcia,priya.garcia.7669@example.com,France,2024-11-22,Basic,0.00
7670,Ethan Chen,ethan.chen.7670@example.com,United Arab Emirates,2024-03-30,Basic,243.62
7671,Daniel Martin,daniel.martin.7671@example.com,Japan,2024-03-01,Standard,782.77
7672,Chloe Santos,chloe.santos.7672@example.com,United Arab Emirates,2024-05-25,Premium,3253.58
7673,Mia Garcia,mia.garcia.7673@example.com,United States,2024-06-15,Basic,0.00
7674,Noah Dubois,noah.dubois.7674@example.com,Canada,2024-11-23,Basic,269.47
7675,Liam Garcia,liam.garcia.7675@example.com,Singapore,2024-09-19,Standard,986.38
7676,Ethan Chen,ethan.chen.7676@example.com,Singapore,2024-04-21,Premium,2650.48
7677,Mia Thompson,mia.thompson.7677@example.com,United Kingdom,2024-10-23,Basic,0.00
7678,Ava Bennett,ava.bennett.7678@example.com,United Kingdom,2024-11-01,Basic,263.86
7679,Liam Nakamura,liam.nakamura.7679@example.com,United Arab Emirates,2024-08-24,Standard,935.13
7680,Zoe Singh,zoe.singh.7680@example.com,Japan,2024-07-21,Premium,5242.92
7681,Daniel Nakamura,daniel.nakamura.7681@example.com,Singapore,2024-12-10,Basic,0.00
7682,Samuel Ahmed,samuel.ahmed.7682@example.com,Germany,2024-11-22,Basic,58.94
7683,Hugo Wilson,hugo.wilson.7683@example.com,United Arab Emirates,2024-12-11,Standard,935.95
7684,Nora Clarke,nora.clarke.7684@example.com,United Arab Emirates,2024-03-01,Premium,4229.42
7685,Isabella Martin,isabella.martin.7685@example.com,Canada,2024-03-26,Basic,0.00
7686,Hugo Williams,hugo.williams.7686@example.com,United Kingdom,2024-06-22,Basic,120.63
7687,Oliver Taylor,oliver.taylor.7687@example.com,France,2024-09-01,Standard,843.25
7688,Omar Ahmed,omar.ahmed.7688@example.com,United Kingdom,2024-11-10,Premium,6378.00
7689,Mateo Nguyen,mateo.nguyen.7689@example.com,United Kingdom,2024-02-05,Basic,0.00
7690,Leo Garcia,leo.garcia.7690@example.com,Japan,2024-05-19,Basic,207.54
7691,Zoe Santos,zoe.santos.7691@example.com,India,2024-06-04,Standard,831.63
7692,Liam Taylor,liam.taylor.7692@example.com,Australia,2024-03-20,Premium,5128.92
7693,Ethan Clarke,ethan.clarke.7693@example.com,Japan,2024-08-06,Basic,0.00
7694,Omar Nakamura,omar.nakamura.7694@example.com,Canada,2024-08-31,Basic,287.03
7695,Liam Taylor,liam.taylor.7695@example.com,United Arab Emirates,2024-07-06,Standard,828.18
7696,Mateo Taylor,mateo.taylor.7696@example.com,Australia,2024-10-07,Premium,3440.97
7697,Oliver Ahmed,oliver.ahmed.7697@example.com,United Kingdom,2024-03-17,Basic,0.00
7698,Hana Khan,hana.khan.7698@example.com,Singapore,2025-01-19,Basic,181.71
7699,Priya Rossi,priya.rossi.7699@example.com,United Arab Emirates,2024-11-26,Standard,841.93
7700,Noah Dubois,noah.dubois.7700@example.com,Singapore,2024-04-26,Premium,2266.96
7701,Priya Singh,priya.singh.7701@example.com,United Kingdom,2024-05-17,Basic,0.00
7702,Zoe Bennett,zoe.bennett.7702@example.com,Japan,2024-03-11,Basic,177.38
7703,Leo Thompson,leo.thompson.7703@example.com,France,2024-05-07,Standard,921.24
7704,Daniel Martin,daniel.martin.7704@example.com,United Kingdom,2024-08-18,Premium,2836.90
7705,Arjun Khan,arjun.khan.7705@example.com,India,2024-04-02,Basic,0.00
7706,Arjun Garcia,arjun.garcia.7706@example.com,Japan,2024-12-11,Basic,101.87
7707,Aisha Santos,aisha.santos.7707@example.com,Germany,2024-11-23,Standard,928.81
7708,Noah Singh,noah.singh.7708@example.com,Germany,2025-01-18,Premium,2102.28
7709,Mateo Singh,mateo.singh.7709@example.com,Australia,2024-10-01,Basic,0.00
7710,Daniel Martin,daniel.martin.7710@example.com,United Arab Emirates,2024-08-01,Basic,112.48
7711,Samuel Wilson,samuel.wilson.7711@example.com,France,2024-10-22,Standard,221.25
7712,Isabella Ahmed,isabella.ahmed.7712@example.com,Australia,2024-07-24,Premium,1870.52
7713,Priya Taylor,priya.taylor.7713@example.com,Australia,2025-01-14,Basic,0.00
7714,Mateo Rossi,mateo.rossi.7714@example.com,Singapore,2024-04-04,Basic,81.53
7715,Sofia Thompson,sofia.thompson.7715@example.com,Germany,2024-05-22,Standard,848.73
7716,Mateo Chen,mateo.chen.7716@example.com,Canada,2024-07-14,Premium,3484.41
7717,Isabella Williams,isabella.williams.7717@example.com,Japan,2024-06-19,Basic,0.00
7718,Olivia Clarke,olivia.clarke.7718@example.com,Canada,2024-07-15,Basic,182.79
7719,Oliver Garcia,oliver.garcia.7719@example.com,Germany,2024-10-10,Standard,861.40
7720,Leo Martin,leo.martin.7720@example.com,United Kingdom,2025-01-26,Premium,1621.82
7721,Ethan Khan,ethan.khan.7721@example.com,India,2024-02-20,Basic,0.00
7722,Liam Nguyen,liam.nguyen.7722@example.com,India,2024-05-30,Basic,50.32
7723,Hana Clarke,hana.clarke.7723@example.com,Germany,2024-08-02,Standard,777.40
7724,Mia Williams,mia.williams.7724@example.com,Australia,2024-11-11,Premium,5177.81
7725,Mia Santos,mia.santos.7725@example.com,Australia,2024-03-20,Basic,0.00
7726,Isabella Dubois,isabella.dubois.7726@example.com,Australia,2024-02-27,Basic,266.92
7727,Mateo Anderson,mateo.anderson.7727@example.com,United States,2024-09-28,Standard,970.24
7728,Mateo Dubois,mateo.dubois.7728@example.com,Singapore,2025-01-04,Premium,8761.88
7729,Samuel Santos,samuel.santos.7729@example.com,United Arab Emirates,2024-02-24,Basic,0.00
7730,Zoe Rossi,zoe.rossi.7730@example.com,India,2025-01-22,Basic,112.63
7731,Daniel Wilson,daniel.wilson.7731@example.com,France,2024-11-23,Standard,794.49
7732,Oliver Nakamura,oliver.nakamura.7732@example.com,Canada,2024-12-19,Premium,3419.91
7733,Mia Singh,mia.singh.7733@example.com,Singapore,2024-12-09,Basic,0.00
7734,Mateo Martin,mateo.martin.7734@example.com,United Kingdom,2024-09-23,Basic,57.33
7735,Hugo Khan,hugo.khan.7735@example.com,France,2024-12-30,Standard,919.71
7736,Olivia Taylor,olivia.taylor.7736@example.com,India,2024-10-18,Premium,2031.54
7737,Olivia Garcia,olivia.garcia.7737@example.com,Australia,2024-05-21,Basic,0.00
7738,Mateo Thompson,mateo.thompson.7738@example.com,Australia,2024-09-07,Basic,171.37
7739,Nora Bennett,nora.bennett.7739@example.com,Japan,2025-01-20,Standard,521.03
7740,Sofia Williams,sofia.williams.7740@example.com,Japan,2025-01-02,Premium,3182.76
7741,Arjun Wilson,arjun.wilson.7741@example.com,United States,2025-01-27,Basic,0.00
7742,Ethan Wilson,ethan.wilson.7742@example.com,Canada,2024-12-30,Basic,174.77
7743,Ethan Martin,ethan.martin.7743@example.com,Germany,2024-03-20,Standard,925.90
7744,Priya Clarke,priya.clarke.7744@example.com,Singapore,2024-05-28,Premium,2602.78
7745,Noah Taylor,noah.taylor.7745@example.com,Australia,2024-05-05,Basic,0.00
7746,Samuel Anderson,samuel.anderson.7746@example.com,India,2024-07-10,Basic,18.87
7747,Lucas Bennett,lucas.bennett.7747@example.com,United Kingdom,2024-11-05,Standard,892.01
7748,Liam Wilson,liam.wilson.7748@example.com,Germany,2024-06-17,Premium,5396.00
7749,Ethan Wilson,ethan.wilson.7749@example.com,Singapore,2024-06-18,Basic,0.00
7750,Sofia Bennett,sofia.bennett.7750@example.com,Canada,2025-01-20,Basic,237.48
7751,Mia Anderson,mia.anderson.7751@example.com,France,2024-02-04,Standard,678.39
7752,Priya Clarke,priya.clarke.7752@example.com,Germany,2024-09-12,Premium,4786.55
7753,Leo Kim,leo.kim.7753@example.com,United Kingdom,2024-04-01,Basic,0.00
7754,Daniel Ahmed,daniel.ahmed.7754@example.com,India,2025-01-02,Basic,200.79
7755,Olivia Santos,olivia.santos.7755@example.com,India,2024-06-20,Standard,922.62
7756,Amelia Clarke,amelia.clarke.7756@example.com,United Arab Emirates,2024-06-25,Premium,4977.28
7757,Liam Wilson,liam.wilson.7757@example.com,Japan,2024-07-29,Basic,0.00
7758,Ava Clarke,ava.clarke.7758@example.com,Singapore,2024-12-14,Basic,62.40
7759,Priya Garcia,priya.garcia.7759@example.com,Australia,2024-09-27,Standard,930.06
7760,Noah Santos,noah.santos.7760@example.com,Germany,2024-12-22,Premium,4514.09
7761,Sofia Wilson,sofia.wilson.7761@example.com,France,2024-03-19,Basic,0.00
7762,Daniel Clarke,daniel.clarke.7762@example.com,United States,2024-10-18,Basic,184.83
7763,Ethan Dubois,ethan.dubois.7763@example.com,United Kingdom,2025-01-07,Standard,982.77
7764,Olivia Bennett,olivia.bennett.7764@example.com,Australia,2024-07-12,Premium,6335.78
7765,Chloe Santos,chloe.santos.7765@example.com,United Arab Emirates,2024-06-16,Basic,0.00
7766,Ethan Rossi,ethan.rossi.7766@example.com,United Arab Emirates,2024-04-30,Basic,213.76
7767,Noah Martin,noah.martin.7767@example.com,Australia,2024-10-03,Standard,979.82
7768,Chloe Dubois,chloe.dubois.7768@example.com,India,2024-11-25,Premium,3107.43
7769,Daniel Taylor,daniel.taylor.7769@example.com,United Arab Emirates,2024-04-29,Basic,0.00
7770,Ethan Rossi,ethan.rossi.7770@example.com,France,2024-05-30,Basic,107.41
7771,Arjun Nguyen,arjun.nguyen.7771@example.com,India,2024-03-19,Standard,731.68
7772,Hana Patel,hana.patel.7772@example.com,United Kingdom,2024-03-05,Premium,3109.98
7773,Zoe Nguyen,zoe.nguyen.7773@example.com,Australia,2024-12-08,Basic,0.00
7774,Daniel Bennett,daniel.bennett.7774@example.com,United Arab Emirates,2024-05-29,Basic,168.99
7775,Lucas Chen,lucas.chen.7775@example.com,Germany,2024-12-31,Standard,934.03
7776,Zoe Chen,zoe.chen.7776@example.com,Germany,2024-02-02,Premium,5394.98
7777,Chloe Taylor,chloe.taylor.7777@example.com,Canada,2024-10-20,Basic,0.00
7778,Samuel Khan,samuel.khan.7778@example.com,Germany,2024-08-28,Basic,136.22
7779,Ava Khan,ava.khan.7779@example.com,Germany,2025-01-11,Standard,939.69
7780,Aisha Nguyen,aisha.nguyen.7780@example.com,United Arab Emirates,2024-05-28,Premium,5683.64
7781,Arjun Patel,arjun.patel.7781@example.com,Australia,2024-09-29,Basic,0.00
7782,Omar Williams,omar.williams.7782@example.com,Singapore,2024-08-14,Basic,263.42
7783,Leo Clarke,leo.clarke.7783@example.com,Germany,2024-02-20,Standard,980.51
7784,Aisha Taylor,aisha.taylor.7784@example.com,France,2024-06-27,Premium,3994.23
7785,Ethan Wilson,ethan.wilson.7785@example.com,Australia,2024-11-14,Basic,0.00
7786,Ethan Dubois,ethan.dubois.7786@example.com,United Arab Emirates,2024-04-09,Basic,158.71
7787,Oliver Santos,oliver.santos.7787@example.com,France,2024-02-11,Standard,919.99
7788,Nora Patel,nora.patel.7788@example.com,Australia,2024-07-24,Premium,3074.17
7789,Amelia Rossi,amelia.rossi.7789@example.com,France,2024-04-24,Basic,0.00
7790,Oliver Ahmed,oliver.ahmed.7790@example.com,United Arab Emirates,2024-08-10,Basic,198.79
7791,Mateo Patel,mateo.patel.7791@example.com,Japan,2024-12-20,Standard,963.13
7792,Amelia Anderson,amelia.anderson.7792@example.com,United Arab Emirates,2024-09-06,Premium,3961.30
7793,Mateo Taylor,mateo.taylor.7793@example.com,Germany,2024-07-17,Basic,0.00
7794,Ava Santos,ava.santos.7794@example.com,United Arab Emirates,2024-03-21,Basic,210.38
7795,Hugo Dubois,hugo.dubois.7795@example.com,France,2024-02-23,Standard,925.19
7796,Mia Nakamura,mia.nakamura.7796@example.com,United Kingdom,2024-11-08,Premium,5644.57
7797,Aisha Khan,aisha.khan.7797@example.com,United States,2024-02-20,Basic,0.00
7798,Hana Rossi,hana.rossi.7798@example.com,France,2024-06-20,Basic,43.81
7799,Sofia Nguyen,sofia.nguyen.7799@example.com,Singapore,2024-09-21,Standard,618.12
7800,Ava Patel,ava.patel.7800@example.com,Germany,2024-12-09,Premium,3540.59
7801,Zoe Dubois,zoe.dubois.7801@example.com,India,2024-10-22,Basic,0.00
7802,Leo Taylor,leo.taylor.7802@example.com,Japan,2024-11-28,Basic,106.40
7803,Oliver Clarke,oliver.clarke.7803@example.com,United Arab Emirates,2024-06-12,Standard,799.54
7804,Nora Bennett,nora.bennett.7804@example.com,India,2025-01-24,Premium,1814.87
7805,Liam Nakamura,liam.nakamura.7805@example.com,United States,2024-09-09,Basic,0.00
7806,Hana Singh,hana.singh.7806@example.com,United Kingdom,2024-06-13,Basic,148.98
7807,Mateo Nakamura,mateo.nakamura.7807@example.com,United Kingdom,2024-03-13,Standard,747.84
7808,Amelia Khan,amelia.khan.7808@example.com,Singapore,2024-06-13,Premium,2284.28
7809,Priya Nakamura,priya.nakamura.7809@example.com,United Kingdom,2024-07-22,Basic,0.00
7810,Chloe Thompson,chloe.thompson.7810@example.com,France,2024-09-02,Basic,115.78
7811,Leo Santos,leo.santos.7811@example.com,United States,2024-12-31,Standard,458.98
7812,Isabella Garcia,isabella.garcia.7812@example.com,Singapore,2024-10-16,Premium,5365.39
7813,Leo Bennett,leo.bennett.7813@example.com,United Kingdom,2024-08-15,Basic,0.00
7814,Hugo Wilson,hugo.wilson.7814@example.com,Germany,2024-11-15,Basic,185.77
7815,Samuel Martin,samuel.martin.7815@example.com,Australia,2024-06-25,Standard,983.02
7816,Priya Khan,priya.khan.7816@example.com,France,2024-12-09,Premium,4853.99
7817,Zoe Taylor,zoe.taylor.7817@example.com,United Arab Emirates,2024-10-22,Basic,0.00
7818,Isabella Bennett,isabella.bennett.7818@example.com,Germany,2024-07-15,Basic,102.84
7819,Amelia Santos,amelia.santos.7819@example.com,India,2024-08-28,Standard,918.78
7820,Priya Rossi,priya.rossi.7820@example.com,Australia,2024-10-06,Premium,4357.13
7821,Isabella Wilson,isabella.wilson.7821@example.com,United States,2024-04-10,Basic,0.00
7822,Priya Patel,priya.patel.7822@example.com,Canada,2024-11-14,Basic,69.98
7823,Leo Garcia,leo.garcia.7823@example.com,Japan,2025-01-25,Standard,986.73
7824,Oliver Rossi,oliver.rossi.7824@example.com,Canada,2024-07-19,Premium,2871.81
7825,Nora Williams,nora.williams.7825@example.com,Germany,2024-02-18,Basic,0.00
7826,Sofia Santos,sofia.santos.7826@example.com,United States,2025-01-15,Basic,183.44
7827,Arjun Nguyen,arjun.nguyen.7827@example.com,France,2025-01-27,Standard,870.11
7828,Hugo Taylor,hugo.taylor.7828@example.com,Canada,2024-08-11,Premium,7518.57
7829,Lucas Ahmed,lucas.ahmed.7829@example.com,United Kingdom,2024-12-19,Basic,0.00
7830,Leo Anderson,leo.anderson.7830@example.com,Singapore,2024-12-28,Basic,145.86
7831,Lucas Rossi,lucas.rossi.7831@example.com,Australia,2024-08-27,Standard,930.80
7832,Oliver Singh,oliver.singh.7832@example.com,India,2024-05-11,Premium,2719.26
7833,Isabella Ahmed,isabella.ahmed.7833@example.com,France,2024-05-24,Basic,0.00
7834,Amelia Garcia,amelia.garcia.7834@example.com,United States,2024-03-12,Basic,157.25
7835,Sofia Nakamura,sofia.nakamura.7835@example.com,Singapore,2024-11-22,Standard,998.45
7836,Chloe Clarke,chloe.clarke.7836@example.com,France,2024-03-15,Premium,3527.04
7837,Mateo Khan,mateo.khan.7837@example.com,United States,2024-06-30,Basic,0.00
7838,Zoe Ahmed,zoe.ahmed.7838@example.com,France,2024-04-16,Basic,104.04
7839,Priya Thompson,priya.thompson.7839@example.com,Japan,2024-07-29,Standard,809.04
7840,Aisha Dubois,aisha.dubois.7840@example.com,Japan,2024-02-25,Premium,2617.47
7841,Ava Dubois,ava.dubois.7841@example.com,France,2024-08-31,Basic,0.00
7842,Sofia Singh,sofia.singh.7842@example.com,Australia,2024-09-04,Basic,235.65
7843,Ava Patel,ava.patel.7843@example.com,Germany,2025-01-14,Standard,870.41
7844,Lucas Khan,lucas.khan.7844@example.com,United Arab Emirates,2024-06-12,Premium,2785.13
7845,Chloe Ahmed,chloe.ahmed.7845@example.com,United Arab Emirates,2024-08-12,Basic,0.00
7846,Samuel Anderson,samuel.anderson.7846@example.com,Australia,2024-03-25,Basic,271.42
7847,Oliver Garcia,oliver.garcia.7847@example.com,Canada,2024-05-11,Standard,955.22
7848,Arjun Kim,arjun.kim.7848@example.com,Japan,2025-01-13,Premium,2960.84
7849,Leo Garcia,leo.garcia.7849@example.com,Japan,2024-02-25,Basic,0.00
7850,Nora Anderson,nora.anderson.7850@example.com,United Kingdom,2024-09-16,Basic,193.43
7851,Lucas Patel,lucas.patel.7851@example.com,France,2024-09-24,Standard,876.44
7852,Nora Taylor,nora.taylor.7852@example.com,Canada,2025-01-11,Premium,1903.39
7853,Leo Chen,leo.chen.7853@example.com,India,2024-06-05,Basic,0.00
7854,Chloe Nakamura,chloe.nakamura.7854@example.com,Singapore,2024-07-10,Basic,60.09
7855,Priya Singh,priya.singh.7855@example.com,Singapore,2024-12-11,Standard,707.99
7856,Oliver Clarke,oliver.clarke.7856@example.com,Japan,2024-10-11,Premium,3316.91
7857,Mia Thompson,mia.thompson.7857@example.com,France,2024-12-10,Basic,0.00
7858,Mia Wilson,mia.wilson.7858@example.com,Australia,2024-06-26,Basic,197.84
7859,Aisha Santos,aisha.santos.7859@example.com,Canada,2024-11-27,Standard,905.85
7860,Omar Khan,omar.khan.7860@example.com,Japan,2024-09-23,Premium,6615.26
7861,Mia Bennett,mia.bennett.7861@example.com,Australia,2024-10-01,Basic,0.00
7862,Chloe Nakamura,chloe.nakamura.7862@example.com,India,2024-11-12,Basic,290.87
7863,Hugo Wilson,hugo.wilson.7863@example.com,United States,2024-06-15,Standard,576.23
7864,Sofia Bennett,sofia.bennett.7864@example.com,Japan,2024-09-03,Premium,4866.29
7865,Nora Kim,nora.kim.7865@example.com,United Kingdom,2024-07-07,Basic,0.00
7866,Mateo Nakamura,mateo.nakamura.7866@example.com,France,2024-05-13,Basic,187.83
7867,Lucas Garcia,lucas.garcia.7867@example.com,United Kingdom,2024-07-12,Standard,946.59
7868,Hugo Khan,hugo.khan.7868@example.com,Australia,2024-03-02,Premium,5015.41
7869,Mateo Rossi,mateo.rossi.7869@example.com,United States,2024-02-17,Basic,0.00
7870,Zoe Singh,zoe.singh.7870@example.com,United Arab Emirates,2024-06-22,Basic,234.79
7871,Samuel Singh,samuel.singh.7871@example.com,India,2024-08-09,Standard,855.35
7872,Chloe Kim,chloe.kim.7872@example.com,Singapore,2024-04-17,Premium,5294.98
7873,Arjun Wilson,arjun.wilson.7873@example.com,Germany,2024-07-25,Basic,0.00
7874,Arjun Ahmed,arjun.ahmed.7874@example.com,France,2025-01-01,Basic,192.32
7875,Daniel Taylor,daniel.taylor.7875@example.com,France,2024-06-05,Standard,988.29
7876,Isabella Martin,isabella.martin.7876@example.com,Australia,2025-01-12,Premium,5073.77
7877,Sofia Taylor,sofia.taylor.7877@example.com,India,2024-02-17,Basic,0.00
7878,Zoe Bennett,zoe.bennett.7878@example.com,United States,2024-06-13,Basic,10.02
7879,Nora Bennett,nora.bennett.7879@example.com,United Arab Emirates,2024-03-12,Standard,755.37
7880,Olivia Singh,olivia.singh.7880@example.com,Australia,2024-07-07,Premium,5412.50
7881,Hana Kim,hana.kim.7881@example.com,India,2024-03-11,Basic,0.00
7882,Olivia Clarke,olivia.clarke.7882@example.com,United Arab Emirates,2024-10-14,Basic,261.92
7883,Hana Rossi,hana.rossi.7883@example.com,India,2024-07-10,Standard,986.68
7884,Olivia Garcia,olivia.garcia.7884@example.com,Singapore,2024-03-24,Premium,3642.52
7885,Daniel Santos,daniel.santos.7885@example.com,Singapore,2024-05-21,Basic,0.00
7886,Samuel Nakamura,samuel.nakamura.7886@example.com,Germany,2024-08-24,Basic,31.25
7887,Leo Garcia,leo.garcia.7887@example.com,Germany,2024-07-06,Standard,948.38
7888,Hugo Nakamura,hugo.nakamura.7888@example.com,India,2024-03-19,Premium,1720.25
7889,Aisha Taylor,aisha.taylor.7889@example.com,Singapore,2024-10-07,Basic,0.00
7890,Daniel Bennett,daniel.bennett.7890@example.com,Germany,2024-09-24,Basic,100.63
7891,Samuel Rossi,samuel.rossi.7891@example.com,India,2024-08-23,Standard,799.08
7892,Daniel Dubois,daniel.dubois.7892@example.com,Singapore,2024-04-16,Premium,3191.76
7893,Priya Clarke,priya.clarke.7893@example.com,United States,2024-08-09,Basic,0.00
7894,Priya Chen,priya.chen.7894@example.com,France,2024-08-25,Basic,83.16
7895,Isabella Clarke,isabella.clarke.7895@example.com,United Arab Emirates,2024-08-10,Standard,924.16
7896,Amelia Ahmed,amelia.ahmed.7896@example.com,United Arab Emirates,2024-03-06,Premium,6089.64
7897,Mia Martin,,Australia,2025-01-20,Basic,0.00
7898,Arjun Bennett,arjun.bennett.7898@example.com,Canada,2024-11-21,Basic,276.79
7899,Priya Martin,priya.martin.7899@example.com,Japan,2024-09-04,Standard,804.50
7900,Lucas Bennett,lucas.bennett.7900@example.com,France,2024-06-22,Premium,4574.19
7901,Hugo Anderson,hugo.anderson.7901@example.com,United Arab Emirates,2024-10-31,Basic,0.00
7902,Leo Martin,leo.martin.7902@example.com,Canada,2024-03-06,Basic,81.28
7903,Mia Singh,mia.singh.7903@example.com,France,2024-03-06,Standard,948.08
7904,Ava Garcia,ava.garcia.7904@example.com,Singapore,2024-08-17,Premium,3649.84
7905,Chloe Singh,chloe.singh.7905@example.com,Germany,2024-10-06,Basic,0.00
7906,Lucas Nakamura,lucas.nakamura.7906@example.com,Australia,2024-05-20,Basic,82.36
7907,Oliver Rossi,oliver.rossi.7907@example.com,United Kingdom,2024-06-09,Standard,596.07
7908,Nora Ahmed,nora.ahmed.7908@example.com,France,2024-04-26,Premium,3645.97
7909,Mia Nakamura,mia.nakamura.7909@example.com,Germany,2024-07-04,Basic,0.00
7910,Sofia Bennett,sofia.bennett.7910@example.com,Australia,2024-07-17,Basic,183.44
7911,Mateo Patel,mateo.patel.7911@example.com,Germany,2024-03-24,Standard,881.69
7912,Amelia Martin,amelia.martin.7912@example.com,Australia,2024-10-16,Premium,5382.49
7913,Hugo Anderson,hugo.anderson.7913@example.com,France,2024-03-14,Basic,0.00
7914,Oliver Taylor,oliver.taylor.7914@example.com,India,2024-07-08,Basic,34.61
7915,Hugo Thompson,hugo.thompson.7915@example.com,Germany,2024-03-20,Standard,990.49
7916,Ava Garcia,ava.garcia.7916@example.com,Australia,2024-08-06,Premium,2822.95
7917,Olivia Ahmed,olivia.ahmed.7917@example.com,Australia,2024-02-05,Basic,0.00
7918,Sofia Kim,sofia.kim.7918@example.com,Singapore,2024-08-10,Basic,102.22
7919,Ava Patel,ava.patel.7919@example.com,India,2024-07-12,Standard,981.65
7920,Oliver Garcia,oliver.garcia.7920@example.com,France,2024-05-18,Premium,4946.93
7921,Mateo Ahmed,mateo.ahmed.7921@example.com,Singapore,2024-08-05,Basic,0.00
7922,Zoe Martin,zoe.martin.7922@example.com,United Kingdom,2024-10-08,Basic,213.20
7923,Oliver Clarke,oliver.clarke.7923@example.com,France,2024-07-25,Standard,940.98
7924,Mateo Clarke,mateo.clarke.7924@example.com,United States,2024-11-22,Premium,2760.13
7925,Aisha Wilson,aisha.wilson.7925@example.com,United Kingdom,2024-04-28,Basic,0.00
7926,Oliver Dubois,oliver.dubois.7926@example.com,France,2024-08-03,Basic,145.44
7927,Aisha Williams,aisha.williams.7927@example.com,India,2024-09-23,Standard,922.30
7928,Omar Clarke,omar.clarke.7928@example.com,Canada,2024-05-21,Premium,2494.43
7929,Oliver Khan,oliver.khan.7929@example.com,United Kingdom,2024-11-27,Basic,0.00
7930,Arjun Wilson,arjun.wilson.7930@example.com,Singapore,2024-11-19,Basic,202.82
7931,Olivia Nguyen,olivia.nguyen.7931@example.com,United States,2024-02-29,Standard,963.12
7932,Ava Nguyen,ava.nguyen.7932@example.com,United Kingdom,2024-06-12,Premium,2723.56
7933,Chloe Khan,chloe.khan.7933@example.com,Germany,2024-04-06,Basic,0.00
7934,Priya Clarke,priya.clarke.7934@example.com,Canada,2024-07-09,Basic,193.43
7935,Ethan Williams,ethan.williams.7935@example.com,United Arab Emirates,2024-08-08,Standard,987.63
7936,Hana Nakamura,hana.nakamura.7936@example.com,Australia,2024-02-27,Premium,3393.54
7937,Hana Williams,hana.williams.7937@example.com,Canada,2024-03-04,Basic,0.00
7938,Aisha Santos,aisha.santos.7938@example.com,Canada,2024-09-29,Basic,164.34
7939,Ava Wilson,ava.wilson.7939@example.com,United Kingdom,2024-03-16,Standard,790.32
7940,Lucas Dubois,lucas.dubois.7940@example.com,United Kingdom,2024-05-11,Premium,3304.92
7941,Arjun Garcia,arjun.garcia.7941@example.com,France,2024-12-25,Basic,0.00
7942,Omar Kim,omar.kim.7942@example.com,Australia,2024-02-28,Basic,183.44
7943,Olivia Santos,olivia.santos.7943@example.com,Australia,2024-02-20,Standard,963.00
7944,Ava Singh,ava.singh.7944@example.com,Germany,2024-07-01,Premium,2469.06
7945,Amelia Nakamura,amelia.nakamura.7945@example.com,Japan,2024-10-30,Basic,0.00
7946,Olivia Williams,olivia.williams.7946@example.com,United States,2024-12-12,Basic,134.29
7947,Samuel Taylor,samuel.taylor.7947@example.com,France,2024-12-11,Standard,940.62
7948,Oliver Wilson,oliver.wilson.7948@example.com,France,2024-07-13,Premium,2807.25
7949,Nora Taylor,nora.taylor.7949@example.com,India,2024-06-01,Basic,0.00
7950,Samuel Wilson,samuel.wilson.7950@example.com,France,2024-07-05,Basic,253.99
7951,Liam Nguyen,liam.nguyen.7951@example.com,Canada,2024-12-02,Standard,822.89
7952,Hana Williams,hana.williams.7952@example.com,Canada,2024-08-27,Premium,2571.32
7953,Mateo Clarke,mateo.clarke.7953@example.com,Germany,2024-07-24,Basic,0.00
7954,Sofia Singh,sofia.singh.7954@example.com,India,2024-07-07,Basic,19.44
7955,Daniel Garcia,daniel.garcia.7955@example.com,United Arab Emirates,2024-03-24,Standard,620.91
7956,Amelia Taylor,amelia.taylor.7956@example.com,United Kingdom,2025-01-21,Premium,1845.31
7957,Samuel Dubois,samuel.dubois.7957@example.com,India,2025-01-19,Basic,0.00
7958,Mateo Garcia,mateo.garcia.7958@example.com,United States,2024-03-02,Basic,284.04
7959,Priya Ahmed,priya.ahmed.7959@example.com,Canada,2024-04-22,Standard,630.21
7960,Daniel Patel,daniel.patel.7960@example.com,Canada,2024-04-04,Premium,3598.91
7961,Chloe Nguyen,chloe.nguyen.7961@example.com,Canada,2024-09-01,Basic,0.00
7962,Aisha Chen,aisha.chen.7962@example.com,Canada,2025-01-17,Basic,99.56
7963,Olivia Thompson,olivia.thompson.7963@example.com,France,2024-12-23,Standard,596.68
7964,Chloe Martin,chloe.martin.7964@example.com,India,2024-12-13,Premium,6136.93
7965,Hana Dubois,hana.dubois.7965@example.com,Canada,2024-02-16,Basic,0.00
7966,Aisha Khan,aisha.khan.7966@example.com,Germany,2024-10-12,Basic,220.68
7967,Hana Garcia,hana.garcia.7967@example.com,United States,2024-02-06,Standard,996.69
7968,Omar Rossi,omar.rossi.7968@example.com,Australia,2024-04-12,Premium,3610.01
7969,Daniel Kim,daniel.kim.7969@example.com,Japan,2024-04-07,Basic,0.00
7970,Sofia Nguyen,sofia.nguyen.7970@example.com,Japan,2024-02-26,Basic,290.25
7971,Priya Khan,priya.khan.7971@example.com,Canada,2024-04-15,Standard,755.78
7972,Amelia Singh,amelia.singh.7972@example.com,Japan,2024-06-16,Premium,4240.24
7973,Oliver Santos,oliver.santos.7973@example.com,United Arab Emirates,2024-10-10,Basic,0.00
7974,Samuel Chen,samuel.chen.7974@example.com,Germany,2024-05-08,Basic,171.54
7975,Oliver Nakamura,oliver.nakamura.7975@example.com,United Kingdom,2024-04-15,Standard,679.32
7976,Mateo Kim,mateo.kim.7976@example.com,United Kingdom,2024-07-01,Premium,4032.40
7977,Isabella Martin,isabella.martin.7977@example.com,United States,2024-07-19,Basic,0.00
7978,Daniel Ahmed,daniel.ahmed.7978@example.com,United States,2025-01-27,Basic,174.52
7979,Sofia Ahmed,sofia.ahmed.7979@example.com,India,2024-02-09,Standard,978.66
7980,Chloe Singh,chloe.singh.7980@example.com,Germany,2024-11-09,Premium,4375.74
7981,Amelia Martin,amelia.martin.7981@example.com,Canada,2024-06-14,Basic,0.00
7982,Amelia Taylor,amelia.taylor.7982@example.com,France,2024-07-03,Basic,80.77
7983,Hugo Patel,hugo.patel.7983@example.com,Japan,2024-08-23,Standard,788.42
7984,Priya Clarke,priya.clarke.7984@example.com,France,2024-02-22,Premium,3413.43
7985,Priya Rossi,priya.rossi.7985@example.com,United States,2024-06-11,Basic,0.00
7986,Olivia Ahmed,olivia.ahmed.7986@example.com,United Arab Emirates,2024-10-16,Basic,94.16
7987,Isabella Taylor,isabella.taylor.7987@example.com,India,2025-01-18,Standard,979.26
7988,Mia Khan,mia.khan.7988@example.com,United States,2024-03-20,Premium,4351.71
7989,Chloe Santos,chloe.santos.7989@example.com,France,2024-09-08,Basic,0.00
7990,Sofia Anderson,sofia.anderson.7990@example.com,Singapore,2024-11-13,Basic,287.06
7991,Hugo Ahmed,hugo.ahmed.7991@example.com,Singapore,2024-10-19,Standard,976.65
7992,Nora Dubois,nora.dubois.7992@example.com,France,2024-09-05,Premium,4774.86
7993,Priya Clarke,priya.clarke.7993@example.com,United Arab Emirates,2024-06-01,Basic,0.00
7994,Olivia Khan,olivia.khan.7994@example.com,India,2025-01-03,Basic,287.06
7995,Noah Taylor,noah.taylor.7995@example.com,Canada,2024-04-11,Standard,709.72
7996,Hana Bennett,hana.bennett.7996@example.com,United Kingdom,2024-03-22,Premium,4071.99
7997,Samuel Khan,samuel.khan.7997@example.com,Singapore,2024-08-14,Basic,0.00
7998,Amelia Patel,amelia.patel.7998@example.com,Japan,2024-11-28,Basic,155.64
7999,Mia Nakamura,mia.nakamura.7999@example.com,United Kingdom,2024-11-22,Standard,522.25
8000,Mateo Bennett,mateo.bennett.8000@example.com,Australia,2024-10-18,Premium,3646.29
8001,Amelia Khan,amelia.khan.8001@example.com,France,2024-04-03,Basic,0.00
8002,Samuel Patel,samuel.patel.8002@example.com,Singapore,2024-11-27,Basic,53.28
8003,Isabella Anderson,isabella.anderson.8003@example.com,Singapore,2024-04-27,Standard,979.70
8004,Priya Rossi,priya.rossi.8004@example.com,Germany,2024-07-07,Premium,2232.50
8005,Olivia Rossi,olivia.rossi.8005@example.com,United Kingdom,2024-06-12,Basic,0.00
8006,Nora Rossi,nora.rossi.8006@example.com,United States,2024-08-04,Basic,51.78
8007,Arjun Wilson,arjun.wilson.8007@example.com,Japan,2024-04-06,Standard,734.76
8008,Oliver Anderson,oliver.anderson.8008@example.com,United Arab Emirates,2024-08-02,Premium,3111.81
8009,Olivia Taylor,olivia.taylor.8009@example.com,Japan,2024-05-21,Basic,0.00
8010,Zoe Singh,zoe.singh.8010@example.com,United Arab Emirates,2024-07-19,Basic,51.78
8011,Samuel Anderson,samuel.anderson.8011@example.com,Canada,2025-01-02,Standard,882.61
8012,Samuel Dubois,samuel.dubois.8012@example.com,Japan,2024-02-05,Premium,2354.91
8013,Oliver Patel,oliver.patel.8013@example.com,Singapore,2024-10-22,Basic,0.00
8014,Chloe Ahmed,chloe.ahmed.8014@example.com,India,2024-07-19,Basic,244.37
8015,Chloe Chen,chloe.chen.8015@example.com,United Arab Emirates,2024-04-26,Standard,935.65
8016,Omar Nguyen,omar.nguyen.8016@example.com,Canada,2024-04-22,Premium,3839.20
8017,Aisha Martin,aisha.martin.8017@example.com,Singapore,2024-02-01,Basic,0.00
8018,Liam Ahmed,liam.ahmed.8018@example.com,Australia,2024-04-19,Basic,292.17
8019,Arjun Kim,arjun.kim.8019@example.com,Australia,2024-02-22,Standard,865.23
8020,Leo Ahmed,leo.ahmed.8020@example.com,Singapore,2024-07-25,Premium,3534.88
8021,Leo Nguyen,leo.nguyen.8021@example.com,Germany,2025-01-14,Basic,0.00
8022,Leo Thompson,leo.thompson.8022@example.com,India,2024-12-24,Basic,64.47
8023,Hugo Ahmed,hugo.ahmed.8023@example.com,United States,2024-12-09,Standard,705.95
8024,Chloe Patel,chloe.patel.8024@example.com,France,2024-11-09,Premium,1878.35
8025,Arjun Thompson,arjun.thompson.8025@example.com,Germany,2024-06-23,Basic,0.00
8026,Hana Santos,hana.santos.8026@example.com,United Arab Emirates,2024-10-01,Basic,145.44
8027,Isabella Chen,isabella.chen.8027@example.com,United Kingdom,2024-05-29,Standard,907.90
8028,Omar Khan,omar.khan.8028@example.com,United Kingdom,2024-10-02,Premium,4752.24
8029,Isabella Kim,isabella.kim.8029@example.com,France,2024-12-04,Basic,0.00
8030,Zoe Martin,zoe.martin.8030@example.com,Singapore,2025-01-24,Basic,144.62
8031,Mateo Thompson,mateo.thompson.8031@example.com,Germany,2024-11-02,Standard,841.07
8032,Priya Nakamura,priya.nakamura.8032@example.com,Germany,2024-03-16,Premium,4317.92
8033,Daniel Garcia,daniel.garcia.8033@example.com,Germany,2024-10-27,Basic,0.00
8034,Chloe Martin,chloe.martin.8034@example.com,India,2024-09-15,Basic,137.44
8035,Isabella Williams,isabella.williams.8035@example.com,United Kingdom,2024-12-12,Standard,944.79
8036,Mateo Thompson,mateo.thompson.8036@example.com,India,2024-06-11,Premium,3144.85
8037,Isabella Anderson,isabella.anderson.8037@example.com,Germany,2024-12-10,Basic,0.00
8038,Leo Kim,leo.kim.8038@example.com,France,2024-03-08,Basic,182.13
8039,Omar Taylor,omar.taylor.8039@example.com,Germany,2024-03-29,Standard,887.83
8040,Mateo Dubois,mateo.dubois.8040@example.com,Japan,2024-10-29,Premium,2631.91
8041,Mateo Taylor,mateo.taylor.8041@example.com,Australia,2024-02-05,Basic,0.00
8042,Noah Rossi,noah.rossi.8042@example.com,Australia,2024-07-29,Basic,81.53
8043,Samuel Ahmed,samuel.ahmed.8043@example.com,Canada,2024-03-03,Standard,461.88
8044,Liam Dubois,liam.dubois.8044@example.com,Australia,2024-02-20,Premium,1194.86
8045,Olivia Santos,olivia.santos.8045@example.com,United Arab Emirates,2024-10-01,Basic,0.00
8046,Zoe Chen,zoe.chen.8046@example.com,Canada,2024-06-23,Basic,281.72
8047,Sofia Chen,sofia.chen.8047@example.com,Singapore,2024-06-23,Standard,914.70
8048,Oliver Khan,oliver.khan.8048@example.com,Germany,2025-01-05,Premium,3800.77
8049,Mateo Martin,mateo.martin.8049@example.com,Japan,2024-08-14,Basic,0.00
8050,Leo Nguyen,leo.nguyen.8050@example.com,United States,2024-11-17,Basic,234.79
8051,Zoe Ahmed,zoe.ahmed.8051@example.com,Germany,2024-09-11,Standard,981.79
8052,Zoe Singh,zoe.singh.8052@example.com,United Kingdom,2024-12-21,Premium,3993.69
8053,Aisha Singh,aisha.singh.8053@example.com,Germany,2024-02-05,Basic,0.00
8054,Ava Khan,ava.khan.8054@example.com,Germany,2024-11-10,Basic,287.06
8055,Amelia Garcia,amelia.garcia.8055@example.com,France,2024-05-23,Standard,588.50
8056,Nora Anderson,nora.anderson.8056@example.com,France,2024-10-27,Premium,3150.18
8057,Chloe Dubois,chloe.dubois.8057@example.com,Japan,2024-03-25,Basic,0.00
8058,Omar Santos,omar.santos.8058@example.com,Germany,2024-06-19,Basic,108.59
8059,Leo Bennett,leo.bennett.8059@example.com,France,2024-06-05,Standard,966.69
8060,Hana Chen,hana.chen.8060@example.com,India,2024-02-21,Premium,3403.09
8061,Mateo Taylor,mateo.taylor.8061@example.com,Japan,2024-06-16,Basic,0.00
8062,Samuel Dubois,samuel.dubois.8062@example.com,Canada,2024-10-11,Basic,217.97
8063,Sofia Singh,sofia.singh.8063@example.com,France,2024-05-16,Standard,892.88
8064,Chloe Wilson,chloe.wilson.8064@example.com,United Arab Emirates,2024-11-20,Premium,1759.25
8065,Olivia Williams,olivia.williams.8065@example.com,United Arab Emirates,2025-01-19,Basic,0.00
8066,Sofia Ahmed,sofia.ahmed.8066@example.com,France,2024-08-28,Basic,67.32
8067,Nora Chen,nora.chen.8067@example.com,Singapore,2024-08-05,Standard,974.79
8068,Samuel Singh,samuel.singh.8068@example.com,Canada,2024-03-15,Premium,2996.17
8069,Omar Santos,omar.santos.8069@example.com,Australia,2024-11-12,Basic,0.00
8070,Arjun Bennett,arjun.bennett.8070@example.com,Japan,2024-09-20,Basic,259.19
8071,Isabella Santos,isabella.santos.8071@example.com,Singapore,2024-04-12,Standard,814.57
8072,Olivia Martin,olivia.martin.8072@example.com,India,2024-05-04,Premium,2795.96
8073,Leo Patel,leo.patel.8073@example.com,Australia,2024-12-07,Basic,0.00
8074,Omar Dubois,omar.dubois.8074@example.com,Japan,2024-12-25,Basic,183.00
8075,Aisha Patel,aisha.patel.8075@example.com,Germany,2024-08-21,Standard,960.69
8076,Amelia Nakamura,amelia.nakamura.8076@example.com,Singapore,2024-12-09,Premium,3722.17
8077,Amelia Thompson,amelia.thompson.8077@example.com,France,2024-03-14,Basic,0.00
8078,Daniel Rossi,daniel.rossi.8078@example.com,United Arab Emirates,2024-03-23,Basic,263.86
8079,Mateo Ahmed,mateo.ahmed.8079@example.com,United Kingdom,2024-09-21,Standard,455.98
8080,Hugo Kim,hugo.kim.8080@example.com,France,2024-03-07,Premium,2000.13
8081,Sofia Rossi,sofia.rossi.8081@example.com,Germany,2024-07-03,Basic,0.00
8082,Liam Wilson,liam.wilson.8082@example.com,United Arab Emirates,2024-04-25,Basic,118.23
8083,Isabella Khan,isabella.khan.8083@example.com,United Kingdom,2024-09-07,Standard,908.21
8084,Mia Clarke,mia.clarke.8084@example.com,Singapore,2024-05-02,Premium,3885.78
8085,Aisha Anderson,aisha.anderson.8085@example.com,Singapore,2024-12-26,Basic,0.00
8086,Isabella Rossi,isabella.rossi.8086@example.com,Japan,2024-06-19,Basic,22.09
8087,Nora Nakamura,nora.nakamura.8087@example.com,India,2024-07-29,Standard,940.77
8088,Chloe Santos,chloe.santos.8088@example.com,United Arab Emirates,2024-02-19,Premium,4183.64
8089,Hugo Bennett,hugo.bennett.8089@example.com,France,2024-07-16,Basic,0.00
8090,Lucas Clarke,lucas.clarke.8090@example.com,Germany,2024-12-29,Basic,263.86
8091,Priya Khan,priya.khan.8091@example.com,Germany,2024-05-24,Standard,959.57
8092,Leo Nguyen,leo.nguyen.8092@example.com,Japan,2025-01-02,Premium,3520.49
8093,Hugo Williams,hugo.williams.8093@example.com,France,2024-08-29,Basic,0.00
8094,Hana Martin,hana.martin.8094@example.com,Canada,2024-02-02,Basic,270.79
8095,Hana Patel,hana.patel.8095@example.com,United Arab Emirates,2024-02-28,Standard,668.77
8096,Hugo Dubois,hugo.dubois.8096@example.com,Australia,2024-07-02,Premium,4359.10
8097,Liam Kim,liam.kim.8097@example.com,Australia,2024-08-03,Basic,0.00
8098,Hana Nakamura,hana.nakamura.8098@example.com,Japan,2024-04-04,Basic,243.62
8099,Noah Singh,noah.singh.8099@example.com,United Kingdom,2024-04-04,Standard,980.17
8100,Isabella Patel,isabella.patel.8100@example.com,Japan,2024-09-20,Premium,5413.73
8101,Arjun Wilson,arjun.wilson.8101@example.com,United Arab Emirates,2024-06-14,Basic,0.00
8102,Arjun Garcia,arjun.garcia.8102@example.com,Germany,2025-01-21,Basic,153.60
8103,Oliver Thompson,oliver.thompson.8103@example.com,Canada,2024-04-29,Standard,956.62
8104,Omar Kim,omar.kim.8104@example.com,Japan,2024-10-14,Premium,2690.54
8105,Isabella Dubois,isabella.dubois.8105@example.com,Germany,2024-03-25,Basic,0.00
8106,Arjun Santos,arjun.santos.8106@example.com,Germany,2024-12-28,Basic,29.70
8107,Samuel Thompson,samuel.thompson.8107@example.com,Germany,2024-03-20,Standard,983.64
8108,Chloe Nguyen,chloe.nguyen.8108@example.com,France,2024-12-29,Premium,5238.76
8109,Omar Nakamura,omar.nakamura.8109@example.com,Australia,2024-12-14,Basic,0.00
8110,Daniel Santos,daniel.santos.8110@example.com,Canada,2024-06-01,Basic,282.60
8111,Sofia Nguyen,sofia.nguyen.8111@example.com,France,2024-08-09,Standard,751.81
8112,Omar Nguyen,omar.nguyen.8112@example.com,United States,2025-01-11,Premium,5938.77
8113,Samuel Rossi,samuel.rossi.8113@example.com,France,2024-10-06,Basic,0.00
8114,Samuel Clarke,samuel.clarke.8114@example.com,Germany,2024-10-07,Basic,74.50
8115,Omar Ahmed,omar.ahmed.8115@example.com,United Kingdom,2024-12-31,Standard,972.88
8116,Leo Dubois,leo.dubois.8116@example.com,United States,2024-04-20,Premium,3346.13
8117,Aisha Patel,aisha.patel.8117@example.com,United Kingdom,2024-05-10,Basic,0.00
8118,Leo Martin,leo.martin.8118@example.com,Australia,2024-05-20,Basic,267.87
8119,Samuel Wilson,samuel.wilson.8119@example.com,Japan,2024-02-01,Standard,961.07
8120,Lucas Bennett,lucas.bennett.8120@example.com,Japan,2024-03-24,Premium,5139.36
8121,Mia Dubois,mia.dubois.8121@example.com,United Arab Emirates,2024-09-15,Basic,0.00
8122,Zoe Williams,zoe.williams.8122@example.com,Germany,2024-10-10,Basic,288.46
8123,Daniel Rossi,daniel.rossi.8123@example.com,Japan,2025-01-21,Standard,899.99
8124,Arjun Wilson,arjun.wilson.8124@example.com,United Kingdom,2024-11-11,Premium,3466.19
8125,Omar Santos,omar.santos.8125@example.com,United Arab Emirates,2024-07-24,Basic,0.00
8126,Noah Ahmed,noah.ahmed.8126@example.com,Australia,2024-10-13,Basic,135.96
8127,Lucas Kim,lucas.kim.8127@example.com,India,2024-02-19,Standard,943.58
8128,Liam Nakamura,liam.nakamura.8128@example.com,United States,2024-05-08,Premium,4917.63
8129,Mateo Dubois,mateo.dubois.8129@example.com,United Kingdom,2024-02-10,Basic,0.00
8130,Olivia Nakamura,olivia.nakamura.8130@example.com,France,2024-12-12,Basic,13.12
8131,Daniel Bennett,daniel.bennett.8131@example.com,United States,2024-03-25,Standard,991.20
8132,Nora Singh,nora.singh.8132@example.com,India,2024-09-23,Premium,5142.23
8133,Hana Patel,hana.patel.8133@example.com,United Arab Emirates,2024-02-18,Basic,0.00
8134,Hugo Nguyen,hugo.nguyen.8134@example.com,India,2025-01-24,Basic,17.53
8135,Mateo Martin,mateo.martin.8135@example.com,Singapore,2024-07-10,Standard,796.42
8136,Isabella Williams,isabella.williams.8136@example.com,India,2025-01-26,Premium,4376.12
8137,Sofia Williams,sofia.williams.8137@example.com,France,2024-11-23,Basic,0.00
8138,Arjun Nguyen,arjun.nguyen.8138@example.com,United Arab Emirates,2024-09-05,Basic,189.80
8139,Nora Dubois,nora.dubois.8139@example.com,Australia,2024-07-30,Standard,951.25
8140,Ava Taylor,ava.taylor.8140@example.com,Japan,2024-06-02,Premium,4660.82
8141,Omar Kim,omar.kim.8141@example.com,Singapore,2024-12-01,Basic,0.00
8142,Leo Singh,leo.singh.8142@example.com,Japan,2024-03-01,Basic,292.70
8143,Nora Chen,nora.chen.8143@example.com,Canada,2024-10-31,Standard,965.53
8144,Oliver Khan,oliver.khan.8144@example.com,Germany,2024-03-15,Premium,1330.54
8145,Ava Anderson,ava.anderson.8145@example.com,France,2024-03-26,Basic,0.00
8146,Ava Clarke,ava.clarke.8146@example.com,United States,2024-03-10,Basic,149.88
8147,Mia Khan,mia.khan.8147@example.com,United States,2024-12-06,Standard,594.86
8148,Nora Wilson,nora.wilson.8148@example.com,Canada,2024-10-10,Premium,3992.22
8149,Zoe Wilson,zoe.wilson.8149@example.com,United Arab Emirates,2024-05-27,Basic,0.00
8150,Leo Dubois,leo.dubois.8150@example.com,Australia,2024-07-10,Basic,263.42
8151,Hugo Rossi,hugo.rossi.8151@example.com,India,2024-09-14,Standard,974.18
8152,Olivia Patel,olivia.patel.8152@example.com,Singapore,2024-02-12,Premium,3477.78
8153,Ava Bennett,ava.bennett.8153@example.com,United States,2024-09-21,Basic,0.00
8154,Daniel Anderson,daniel.anderson.8154@example.com,France,2024-12-18,Basic,162.73
8155,Leo Kim,leo.kim.8155@example.com,Singapore,2024-04-19,Standard,935.60
8156,Chloe Bennett,chloe.bennett.8156@example.com,Singapore,2024-04-30,Premium,3981.90
8157,Isabella Martin,isabella.martin.8157@example.com,India,2024-06-01,Basic,0.00
8158,Samuel Thompson,samuel.thompson.8158@example.com,United Arab Emirates,2024-06-15,Basic,175.96
8159,Priya Garcia,priya.garcia.8159@example.com,Canada,2024-10-17,Standard,867.04
8160,Aisha Dubois,aisha.dubois.8160@example.com,India,2024-11-25,Premium,4919.81
8161,Liam Garcia,liam.garcia.8161@example.com,Canada,2025-01-10,Basic,0.00
8162,Sofia Khan,sofia.khan.8162@example.com,Canada,2024-03-10,Basic,42.89
8163,Mia Martin,mia.martin.8163@example.com,France,2024-04-22,Standard,677.54
8164,Chloe Garcia,chloe.garcia.8164@example.com,United Kingdom,2024-11-26,Premium,4646.23
8165,Hugo Nguyen,hugo.nguyen.8165@example.com,United Arab Emirates,2024-04-16,Basic,0.00
8166,Isabella Clarke,isabella.clarke.8166@example.com,Germany,2024-08-20,Basic,258.12
8167,Isabella Nakamura,isabella.nakamura.8167@example.com,Germany,2024-12-19,Standard,545.75
8168,Zoe Patel,zoe.patel.8168@example.com,India,2024-08-09,Premium,2635.94
8169,Priya Khan,priya.khan.8169@example.com,Canada,2024-08-10,Basic,0.00
8170,Daniel Santos,daniel.santos.8170@example.com,Germany,2024-06-26,Basic,198.95
8171,Olivia Williams,olivia.williams.8171@example.com,Singapore,2024-03-21,Standard,880.86
8172,Priya Nguyen,priya.nguyen.8172@example.com,France,2024-03-15,Premium,5687.99
8173,Ava Dubois,ava.dubois.8173@example.com,Japan,2024-05-07,Basic,0.00
8174,Aisha Bennett,aisha.bennett.8174@example.com,France,2024-04-14,Basic,57.33
8175,Noah Khan,noah.khan.8175@example.com,Singapore,2024-12-28,Standard,700.36
8176,Zoe Nguyen,zoe.nguyen.8176@example.com,United Kingdom,2025-01-19,Premium,3226.54
8177,Hana Khan,hana.khan.8177@example.com,Japan,2024-09-07,Basic,0.00
8178,Aisha Wilson,aisha.wilson.8178@example.com,United Kingdom,2024-11-01,Basic,46.36
8179,Mia Thompson,mia.thompson.8179@example.com,United Kingdom,2024-06-13,Standard,988.57
8180,Chloe Chen,chloe.chen.8180@example.com,Canada,2024-02-15,Premium,3635.41
8181,Olivia Patel,olivia.patel.8181@example.com,Singapore,2024-06-04,Basic,0.00
8182,Ava Anderson,ava.anderson.8182@example.com,France,2024-06-16,Basic,187.83
8183,Noah Williams,noah.williams.8183@example.com,United Kingdom,2024-05-05,Standard,984.83
8184,Nora Martin,nora.martin.8184@example.com,Singapore,2024-05-17,Premium,3114.21
8185,Chloe Bennett,chloe.bennett.8185@example.com,Australia,2024-02-01,Basic,0.00
8186,Aisha Thompson,aisha.thompson.8186@example.com,India,2024-06-29,Basic,194.37
8187,Nora Thompson,nora.thompson.8187@example.com,United States,2024-11-20,Standard,860.58
8188,Amelia Taylor,amelia.taylor.8188@example.com,Japan,2024-09-10,Premium,5113.53
8189,Liam Nguyen,liam.nguyen.8189@example.com,Australia,2024-09-26,Basic,0.00
8190,Chloe Chen,chloe.chen.8190@example.com,United Arab Emirates,2024-08-10,Basic,110.72
8191,Amelia Thompson,amelia.thompson.8191@example.com,India,2024-12-31,Standard,729.07
8192,Hugo Garcia,hugo.garcia.8192@example.com,India,2024-05-05,Premium,1898.28
8193,Liam Thompson,liam.thompson.8193@example.com,Canada,2024-02-22,Basic,0.00
8194,Lucas Nguyen,lucas.nguyen.8194@example.com,Singapore,2024-10-22,Basic,85.44
8195,Chloe Nguyen,chloe.nguyen.8195@example.com,United States,2025-01-02,Standard,730.54
8196,Lucas Williams,lucas.williams.8196@example.com,Singapore,2024-08-18,Premium,4229.49
8197,Hana Anderson,hana.anderson.8197@example.com,United States,2024-05-26,Basic,0.00
8198,Daniel Martin,daniel.martin.8198@example.com,India,2024-07-02,Basic,106.67
8199,Zoe Santos,zoe.santos.8199@example.com,India,2024-06-11,Standard,882.18
8200,Mateo Taylor,mateo.taylor.8200@example.com,Japan,2024-07-02,Premium,3309.45
8201,Liam Rossi,liam.rossi.8201@example.com,United Arab Emirates,2024-03-14,Basic,0.00
8202,Chloe Singh,chloe.singh.8202@example.com,France,2025-01-16,Basic,187.83
8203,Arjun Clarke,arjun.clarke.8203@example.com,United States,2024-08-17,Standard,476.96
8204,Mia Rossi,mia.rossi.8204@example.com,United States,2024-11-16,Premium,4657.11
8205,Samuel Thompson,samuel.thompson.8205@example.com,United States,2024-05-28,Basic,0.00
8206,Lucas Chen,lucas.chen.8206@example.com,France,2025-01-04,Basic,284.48
8207,Liam Clarke,liam.clarke.8207@example.com,Japan,2025-01-15,Standard,916.49
8208,Noah Williams,noah.williams.8208@example.com,Singapore,2024-03-07,Premium,4188.94
8209,Samuel Kim,samuel.kim.8209@example.com,Singapore,2024-11-20,Basic,0.00
8210,Liam Khan,liam.khan.8210@example.com,India,2024-11-05,Basic,51.12
8211,Sofia Rossi,sofia.rossi.8211@example.com,India,2024-09-25,Standard,750.37
8212,Amelia Nakamura,amelia.nakamura.8212@example.com,Germany,2024-04-30,Premium,7514.08
8213,Liam Santos,liam.santos.8213@example.com,Australia,2024-03-06,Basic,0.00
8214,Mateo Anderson,mateo.anderson.8214@example.com,India,2024-04-11,Basic,284.10
8215,Isabella Martin,isabella.martin.8215@example.com,India,2024-02-02,Standard,923.78
8216,Sofia Martin,sofia.martin.8216@example.com,United Kingdom,2024-09-04,Premium,3943.11
8217,Hana Bennett,hana.bennett.8217@example.com,Singapore,2025-01-28,Basic,0.00
8218,Aisha Nakamura,aisha.nakamura.8218@example.com,France,2024-06-21,Basic,153.68
8219,Aisha Bennett,aisha.bennett.8219@example.com,Canada,2024-12-05,Standard,555.44
8220,Arjun Khan,arjun.khan.8220@example.com,France,2024-11-06,Premium,1306.44
8221,Arjun Ahmed,arjun.ahmed.8221@example.com,Germany,2024-05-09,Basic,0.00
8222,Daniel Clarke,daniel.clarke.8222@example.com,United Kingdom,2024-02-03,Basic,298.24
8223,Leo Kim,leo.kim.8223@example.com,Japan,2024-06-02,Standard,851.33
8224,Isabella Garcia,isabella.garcia.8224@example.com,Japan,2024-07-09,Premium,5592.96
8225,Isabella Patel,isabella.patel.8225@example.com,India,2024-11-20,Basic,0.00
8226,Ava Kim,ava.kim.8226@example.com,United Kingdom,2024-02-14,Basic,64.44
8227,Ethan Garcia,ethan.garcia.8227@example.com,Germany,2024-02-25,Standard,804.69
8228,Olivia Chen,olivia.chen.8228@example.com,Singapore,2024-06-05,Premium,4791.09
8229,Ava Garcia,ava.garcia.8229@example.com,United Arab Emirates,2024-07-19,Basic,0.00
8230,Omar Ahmed,omar.ahmed.8230@example.com,United Arab Emirates,2025-01-27,Basic,30.38
8231,Hugo Rossi,hugo.rossi.8231@example.com,United Arab Emirates,2024-02-07,Standard,751.48
8232,Arjun Santos,arjun.santos.8232@example.com,United Arab Emirates,2024-09-20,Premium,3503.08
8233,Liam Thompson,liam.thompson.8233@example.com,Japan,2024-03-13,Basic,0.00
8234,Hugo Bennett,hugo.bennett.8234@example.com,Australia,2024-02-17,Basic,113.07
8235,Omar Taylor,omar.taylor.8235@example.com,Singapore,2024-09-19,Standard,702.30
8236,Noah Rossi,noah.rossi.8236@example.com,Germany,2024-03-09,Premium,3395.10
8237,Sofia Patel,sofia.patel.8237@example.com,India,2024-02-03,Basic,0.00
8238,Isabella Garcia,isabella.garcia.8238@example.com,India,2024-06-09,Basic,239.62
8239,Oliver Anderson,oliver.anderson.8239@example.com,Singapore,2024-11-29,Standard,639.94
8240,Isabella Khan,isabella.khan.8240@example.com,Australia,2024-09-17,Premium,3697.61
8241,Chloe Nguyen,chloe.nguyen.8241@example.com,Germany,2024-03-31,Basic,0.00
8242,Oliver Nakamura,oliver.nakamura.8242@example.com,India,2024-09-22,Basic,217.10
8243,Nora Taylor,nora.taylor.8243@example.com,United States,2024-02-05,Standard,771.53
8244,Chloe Patel,chloe.patel.8244@example.com,Australia,2024-07-08,Premium,2610.35
8245,Isabella Rossi,isabella.rossi.8245@example.com,Japan,2025-01-12,Basic,0.00
8246,Zoe Anderson,zoe.anderson.8246@example.com,United Kingdom,2024-12-24,Basic,178.82
8247,Hugo Anderson,hugo.anderson.8247@example.com,United States,2024-05-27,Standard,950.70
8248,Arjun Martin,arjun.martin.8248@example.com,Germany,2024-11-24,Premium,3978.78
8249,Leo Nakamura,leo.nakamura.8249@example.com,France,2024-10-13,Basic,0.00
8250,Mia Santos,mia.santos.8250@example.com,United Kingdom,2024-02-01,Basic,40.42
8251,Lucas Nguyen,lucas.nguyen.8251@example.com,Germany,2024-10-31,Standard,917.02
8252,Noah Rossi,noah.rossi.8252@example.com,Germany,2025-01-24,Premium,3047.75
8253,Nora Khan,nora.khan.8253@example.com,United Kingdom,2024-11-04,Basic,0.00
8254,Olivia Kim,olivia.kim.8254@example.com,India,2024-02-11,Basic,155.83
8255,Isabella Wilson,isabella.wilson.8255@example.com,Canada,2024-10-05,Standard,714.46
8256,Noah Nakamura,noah.nakamura.8256@example.com,United Arab Emirates,2024-11-25,Premium,2089.36
8257,Omar Rossi,omar.rossi.8257@example.com,Germany,2024-10-02,Basic,0.00
8258,Leo Williams,leo.williams.8258@example.com,United Kingdom,2024-03-27,Basic,264.23
8259,Noah Thompson,noah.thompson.8259@example.com,United Arab Emirates,2024-09-30,Standard,876.37
8260,Chloe Wilson,chloe.wilson.8260@example.com,Japan,2024-08-04,Premium,3988.27
8261,Lucas Kim,lucas.kim.8261@example.com,India,2024-07-24,Basic,0.00
8262,Nora Chen,nora.chen.8262@example.com,Singapore,2024-11-16,Basic,5.51
8263,Nora Chen,nora.chen.8263@example.com,Canada,2024-08-17,Standard,269.94
8264,Daniel Rossi,daniel.rossi.8264@example.com,Australia,2024-07-01,Premium,3643.36
8265,Aisha Santos,,Germany,2025-01-14,Basic,0.00
8266,Amelia Khan,amelia.khan.8266@example.com,United Arab Emirates,2024-02-06,Basic,144.68
8267,Mateo Ahmed,mateo.ahmed.8267@example.com,Germany,2025-01-16,Standard,976.64
8268,Chloe Ahmed,chloe.ahmed.8268@example.com,France,2024-09-01,Premium,4778.29
8269,Amelia Taylor,amelia.taylor.8269@example.com,India,2024-11-29,Basic,0.00
8270,Samuel Clarke,samuel.clarke.8270@example.com,Canada,2024-12-29,Basic,152.94
8271,Priya Taylor,priya.taylor.8271@example.com,United Kingdom,2024-05-22,Standard,807.02
8272,Aisha Chen,aisha.chen.8272@example.com,India,2024-11-07,Premium,3858.37
8273,Hugo Singh,hugo.singh.8273@example.com,United Arab Emirates,2024-09-14,Basic,0.00
8274,Nora Nakamura,nora.nakamura.8274@example.com,Japan,2024-12-02,Basic,168.99
8275,Omar Nakamura,omar.nakamura.8275@example.com,United States,2024-12-31,Standard,737.57
8276,Ava Rossi,ava.rossi.8276@example.com,United Arab Emirates,2024-08-27,Premium,4285.00
8277,Sofia Dubois,sofia.dubois.8277@example.com,Australia,2024-10-12,Basic,0.00
8278,Nora Rossi,nora.rossi.8278@example.com,Canada,2024-09-15,Basic,168.99
8279,Olivia Garcia,olivia.garcia.8279@example.com,United States,2024-09-12,Standard,968.59
8280,Arjun Kim,arjun.kim.8280@example.com,United Kingdom,2024-04-07,Premium,4363.28
8281,Oliver Clarke,oliver.clarke.8281@example.com,India,2024-04-29,Basic,0.00
8282,Ethan Singh,ethan.singh.8282@example.com,India,2024-11-03,Basic,160.74
8283,Zoe Martin,zoe.martin.8283@example.com,Germany,2024-05-14,Standard,937.50
8284,Ethan Anderson,ethan.anderson.8284@example.com,Australia,2025-01-16,Premium,2583.46
8285,Arjun Singh,arjun.singh.8285@example.com,Canada,2024-05-21,Basic,0.00
8286,Mateo Rossi,mateo.rossi.8286@example.com,Australia,2024-06-09,Basic,115.14
8287,Mia Dubois,mia.dubois.8287@example.com,United States,2024-08-24,Standard,997.05
8288,Priya Bennett,priya.bennett.8288@example.com,India,2024-11-16,Premium,3976.20
8289,Mia Anderson,mia.anderson.8289@example.com,United States,2024-08-23,Basic,0.00
8290,Mateo Kim,mateo.kim.8290@example.com,Canada,2024-05-08,Basic,102.22
8291,Isabella Nakamura,isabella.nakamura.8291@example.com,Singapore,2024-08-19,Standard,881.01
8292,Isabella Chen,isabella.chen.8292@example.com,United Arab Emirates,2024-07-06,Premium,3592.13
8293,Olivia Chen,olivia.chen.8293@example.com,Singapore,2024-07-25,Basic,0.00
8294,Arjun Thompson,arjun.thompson.8294@example.com,United States,2024-02-17,Basic,47.93
8295,Chloe Patel,chloe.patel.8295@example.com,Germany,2024-10-29,Standard,637.14
8296,Oliver Santos,oliver.santos.8296@example.com,Germany,2024-10-30,Premium,4336.74
8297,Hugo Santos,hugo.santos.8297@example.com,Australia,2024-03-26,Basic,0.00
8298,Liam Rossi,liam.rossi.8298@example.com,Singapore,2024-02-06,Basic,210.76
8299,Mia Martin,mia.martin.8299@example.com,France,2024-07-29,Standard,914.04
8300,Lucas Chen,lucas.chen.8300@example.com,Singapore,2024-02-04,Premium,2773.15
8301,Isabella Anderson,isabella.anderson.8301@example.com,Japan,2024-08-29,Basic,0.00
8302,Lucas Chen,lucas.chen.8302@example.com,France,2024-07-20,Basic,287.03
8303,Amelia Thompson,amelia.thompson.8303@example.com,Singapore,2024-09-05,Standard,931.19
8304,Oliver Ahmed,oliver.ahmed.8304@example.com,Japan,2024-11-05,Premium,2067.22
8305,Chloe Bennett,chloe.bennett.8305@example.com,Canada,2024-02-22,Basic,0.00
8306,Arjun Rossi,arjun.rossi.8306@example.com,Canada,2024-04-27,Basic,14.92
8307,Liam Anderson,liam.anderson.8307@example.com,United Kingdom,2024-10-04,Standard,883.01
8308,Noah Garcia,noah.garcia.8308@example.com,United Arab Emirates,2024-07-16,Premium,6522.66
8309,Oliver Dubois,oliver.dubois.8309@example.com,India,2024-05-17,Basic,0.00
8310,Hana Rossi,hana.rossi.8310@example.com,Canada,2024-11-03,Basic,64.44
8311,Hugo Rossi,hugo.rossi.8311@example.com,Singapore,2024-10-05,Standard,693.91
8312,Ethan Ahmed,ethan.ahmed.8312@example.com,Japan,2024-05-14,Premium,1916.34
8313,Priya Garcia,priya.garcia.8313@example.com,Germany,2024-04-21,Basic,0.00
8314,Lucas Rossi,lucas.rossi.8314@example.com,France,2024-08-28,Basic,73.08
8315,Ethan Rossi,ethan.rossi.8315@example.com,United Kingdom,2024-09-30,Standard,833.66
8316,Daniel Rossi,daniel.rossi.8316@example.com,India,2024-07-08,Premium,4095.31
8317,Lucas Williams,lucas.williams.8317@example.com,India,2024-02-05,Basic,0.00
8318,Arjun Khan,arjun.khan.8318@example.com,Canada,2024-11-04,Basic,256.47
8319,Oliver Ahmed,oliver.ahmed.8319@example.com,United States,2024-09-29,Standard,700.62
8320,Amelia Bennett,amelia.bennett.8320@example.com,France,2024-03-12,Premium,2378.10
8321,Priya Singh,priya.singh.8321@example.com,Canada,2024-10-27,Basic,0.00
8322,Hugo Wilson,hugo.wilson.8322@example.com,France,2025-01-16,Basic,45.83
8323,Olivia Chen,olivia.chen.8323@example.com,United States,2024-04-16,Standard,635.62
8324,Daniel Martin,daniel.martin.8324@example.com,United States,2024-03-14,Premium,5501.78
8325,Samuel Thompson,samuel.thompson.8325@example.com,France,2024-07-02,Basic,0.00
8326,Omar Patel,omar.patel.8326@example.com,United Kingdom,2024-08-22,Basic,155.64
8327,Mia Ahmed,mia.ahmed.8327@example.com,Japan,2024-12-14,Standard,981.66
8328,Sofia Garcia,sofia.garcia.8328@example.com,United States,2024-06-17,Premium,6215.22
8329,Chloe Taylor,chloe.taylor.8329@example.com,Canada,2024-09-26,Basic,0.00
8330,Isabella Bennett,isabella.bennett.8330@example.com,United Kingdom,2024-08-01,Basic,68.60
8331,Ethan Dubois,ethan.dubois.8331@example.com,United Arab Emirates,2024-09-17,Standard,689.07
8332,Mia Patel,mia.patel.8332@example.com,Canada,2024-02-27,Premium,1904.80
8333,Arjun Dubois,arjun.dubois.8333@example.com,United States,2024-10-04,Basic,0.00
8334,Oliver Santos,oliver.santos.8334@example.com,Germany,2024-11-04,Basic,181.87
8335,Ava Khan,ava.khan.8335@example.com,United States,2024-11-20,Standard,987.22
8336,Omar Ahmed,omar.ahmed.8336@example.com,Japan,2024-04-13,Premium,6126.06
8337,Arjun Nguyen,arjun.nguyen.8337@example.com,Australia,2024-08-22,Basic,0.00
8338,Oliver Bennett,oliver.bennett.8338@example.com,India,2024-02-26,Basic,129.96
8339,Olivia Patel,olivia.patel.8339@example.com,France,2024-09-16,Standard,929.34
8340,Mateo Chen,mateo.chen.8340@example.com,Australia,2024-04-09,Premium,5952.85
8341,Chloe Thompson,chloe.thompson.8341@example.com,United Kingdom,2024-06-17,Basic,0.00
8342,Samuel Nguyen,samuel.nguyen.8342@example.com,France,2024-10-14,Basic,117.98
8343,Priya Williams,priya.williams.8343@example.com,United Arab Emirates,2024-12-21,Standard,397.77
8344,Nora Bennett,nora.bennett.8344@example.com,United Kingdom,2024-08-05,Premium,4184.60
8345,Noah Williams,noah.williams.8345@example.com,United Arab Emirates,2024-09-09,Basic,0.00
8346,Hugo Clarke,hugo.clarke.8346@example.com,Japan,2025-01-08,Basic,96.25
8347,Sofia Bennett,sofia.bennett.8347@example.com,United Arab Emirates,2024-04-07,Standard,844.32
8348,Omar Garcia,omar.garcia.8348@example.com,United Arab Emirates,2024-04-07,Premium,2326.66
8349,Noah Williams,noah.williams.8349@example.com,Singapore,2024-04-20,Basic,0.00
8350,Oliver Kim,oliver.kim.8350@example.com,Canada,2024-06-01,Basic,202.82
8351,Arjun Chen,arjun.chen.8351@example.com,United Arab Emirates,2024-09-18,Standard,947.61
8352,Amelia Patel,amelia.patel.8352@example.com,United Arab Emirates,2024-12-28,Premium,3193.46
8353,Ava Thompson,ava.thompson.8353@example.com,United Arab Emirates,2024-07-24,Basic,0.00
8354,Aisha Martin,aisha.martin.8354@example.com,United Arab Emirates,2024-03-24,Basic,272.67
8355,Isabella Nguyen,isabella.nguyen.8355@example.com,France,2024-07-15,Standard,519.44
8356,Liam Garcia,liam.garcia.8356@example.com,India,2024-05-19,Premium,1502.38
8357,Mateo Nakamura,mateo.nakamura.8357@example.com,United Kingdom,2024-06-24,Basic,0.00
8358,Mateo Martin,mateo.martin.8358@example.com,United States,2024-09-26,Basic,190.87
8359,Isabella Nakamura,isabella.nakamura.8359@example.com,Germany,2025-01-22,Standard,427.73
8360,Liam Wilson,liam.wilson.8360@example.com,Canada,2024-07-03,Premium,6213.37
8361,Oliver Nakamura,oliver.nakamura.8361@example.com,Australia,2024-11-25,Basic,0.00
8362,Leo Martin,leo.martin.8362@example.com,India,2024-04-07,Basic,210.38
8363,Omar Clarke,omar.clarke.8363@example.com,United Kingdom,2024-10-22,Standard,862.40
8364,Oliver Anderson,oliver.anderson.8364@example.com,United Kingdom,2024-05-02,Premium,3976.47
8365,Lucas Rossi,lucas.rossi.8365@example.com,Japan,2024-09-18,Basic,0.00
8366,Arjun Taylor,arjun.taylor.8366@example.com,Japan,2024-10-03,Basic,42.89
8367,Ethan Patel,ethan.patel.8367@example.com,Germany,2024-05-08,Standard,816.64
8368,Zoe Wilson,zoe.wilson.8368@example.com,Australia,2024-12-19,Premium,2221.85
8369,Isabella Wilson,isabella.wilson.8369@example.com,United Arab Emirates,2024-09-24,Basic,0.00
8370,Aisha Thompson,aisha.thompson.8370@example.com,Canada,2024-12-06,Basic,262.69
8371,Chloe Kim,chloe.kim.8371@example.com,Japan,2024-03-28,Standard,913.72
8372,Isabella Dubois,isabella.dubois.8372@example.com,Germany,2024-05-25,Premium,1778.25
8373,Aisha Singh,aisha.singh.8373@example.com,Canada,2024-12-11,Basic,0.00
8374,Hana Singh,hana.singh.8374@example.com,Australia,2024-06-18,Basic,197.84
8375,Oliver Bennett,oliver.bennett.8375@example.com,Germany,2024-04-05,Standard,780.79
8376,Lucas Thompson,lucas.thompson.8376@example.com,United Arab Emirates,2024-09-02,Premium,2706.60
8377,Noah Bennett,noah.bennett.8377@example.com,United States,2024-11-17,Basic,0.00
8378,Lucas Bennett,lucas.bennett.8378@example.com,United Arab Emirates,2024-03-05,Basic,118.23
8379,Leo Kim,leo.kim.8379@example.com,Japan,2024-05-27,Standard,466.32
8380,Hugo Taylor,hugo.taylor.8380@example.com,Canada,2024-06-27,Premium,4841.27
8381,Ethan Dubois,ethan.dubois.8381@example.com,India,2025-01-21,Basic,0.00
8382,Priya Chen,priya.chen.8382@example.com,Canada,2024-08-06,Basic,281.72
8383,Mia Clarke,mia.clarke.8383@example.com,Canada,2024-02-17,Standard,657.00
8384,Arjun Taylor,arjun.taylor.8384@example.com,United Arab Emirates,2024-05-29,Premium,2046.81
8385,Noah Clarke,noah.clarke.8385@example.com,United Kingdom,2024-06-17,Basic,0.00
8386,Zoe Singh,zoe.singh.8386@example.com,United Kingdom,2025-01-13,Basic,244.37
8387,Isabella Chen,isabella.chen.8387@example.com,Japan,2024-06-03,Standard,837.39
8388,Liam Williams,liam.williams.8388@example.com,Japan,2024-05-05,Premium,1050.69
8389,Ethan Dubois,ethan.dubois.8389@example.com,Germany,2024-03-05,Basic,0.00
8390,Mia Thompson,mia.thompson.8390@example.com,France,2024-09-03,Basic,283.10
8391,Hana Bennett,hana.bennett.8391@example.com,United States,2024-12-21,Standard,977.80
8392,Olivia Ahmed,olivia.ahmed.8392@example.com,Germany,2024-04-05,Premium,7006.64
8393,Mateo Anderson,mateo.anderson.8393@example.com,Australia,2024-07-18,Basic,0.00
8394,Mateo Ahmed,mateo.ahmed.8394@example.com,Germany,2024-09-17,Basic,163.25
8395,Lucas Martin,lucas.martin.8395@example.com,Canada,2024-11-21,Standard,840.08
8396,Oliver Anderson,oliver.anderson.8396@example.com,France,2024-12-12,Premium,3178.33
8397,Leo Taylor,leo.taylor.8397@example.com,Japan,2024-10-02,Basic,0.00
8398,Olivia Kim,olivia.kim.8398@example.com,Australia,2024-12-01,Basic,220.68
8399,Amelia Martin,amelia.martin.8399@example.com,Canada,2024-09-08,Standard,977.00
8400,Ethan Wilson,ethan.wilson.8400@example.com,Japan,2024-05-31,Premium,4014.18
8401,Chloe Santos,chloe.santos.8401@example.com,United States,2024-02-22,Basic,0.00
8402,Samuel Khan,samuel.khan.8402@example.com,Canada,2024-12-06,Basic,193.67
8403,Hana Bennett,hana.bennett.8403@example.com,United Arab Emirates,2024-02-20,Standard,963.55
8404,Priya Singh,priya.singh.8404@example.com,India,2024-07-03,Premium,1915.50
8405,Nora Taylor,nora.taylor.8405@example.com,United Kingdom,2024-12-27,Basic,0.00
8406,Lucas Wilson,lucas.wilson.8406@example.com,Canada,2024-09-19,Basic,197.84
8407,Aisha Thompson,aisha.thompson.8407@example.com,Australia,2025-01-27,Standard,730.69
8408,Isabella Santos,isabella.santos.8408@example.com,Germany,2025-01-03,Premium,4254.98
8409,Noah Wilson,noah.wilson.8409@example.com,Canada,2024-12-25,Basic,0.00
8410,Arjun Williams,arjun.williams.8410@example.com,India,2024-12-14,Basic,163.25
8411,Hugo Clarke,hugo.clarke.8411@example.com,Canada,2025-01-27,Standard,790.02
8412,Samuel Singh,samuel.singh.8412@example.com,India,2024-09-14,Premium,4021.85
8413,Omar Patel,omar.patel.8413@example.com,United Arab Emirates,2024-05-26,Basic,0.00
8414,Mateo Khan,mateo.khan.8414@example.com,Germany,2024-05-29,Basic,238.11
8415,Daniel Rossi,daniel.rossi.8415@example.com,India,2024-11-27,Standard,961.87
8416,Amelia Patel,amelia.patel.8416@example.com,France,2024-05-19,Premium,4016.45
8417,Samuel Rossi,samuel.rossi.8417@example.com,Canada,2025-01-18,Basic,0.00
8418,Omar Martin,omar.martin.8418@example.com,Singapore,2024-09-28,Basic,21.64
8419,Oliver Anderson,oliver.anderson.8419@example.com,France,2024-09-21,Standard,685.88
8420,Ava Anderson,ava.anderson.8420@example.com,Singapore,2024-03-22,Premium,4230.31
8421,Arjun Anderson,arjun.anderson.8421@example.com,United States,2024-10-04,Basic,0.00
8422,Arjun Patel,arjun.patel.8422@example.com,France,2024-06-07,Basic,163.67
8423,Zoe Khan,zoe.khan.8423@example.com,United States,2024-05-03,Standard,891.04
8424,Arjun Taylor,arjun.taylor.8424@example.com,Germany,2024-03-23,Premium,5759.87
8425,Ethan Chen,ethan.chen.8425@example.com,Germany,2024-10-01,Basic,0.00
8426,Mia Bennett,mia.bennett.8426@example.com,United Arab Emirates,2024-11-02,Basic,26.52
8427,Omar Khan,omar.khan.8427@example.com,Japan,2024-04-21,Standard,970.99
8428,Noah Anderson,noah.anderson.8428@example.com,Australia,2024-07-27,Premium,5140.38
8429,Noah Santos,noah.santos.8429@example.com,United Kingdom,2024-08-23,Basic,0.00
8430,Noah Chen,noah.chen.8430@example.com,Australia,2024-04-08,Basic,134.07
8431,Isabella Williams,isabella.williams.8431@example.com,United States,2024-10-07,Standard,889.24
8432,Priya Garcia,priya.garcia.8432@example.com,France,2024-08-01,Premium,2658.39
8433,Isabella Nguyen,isabella.nguyen.8433@example.com,Japan,2024-02-28,Basic,0.00
8434,Hana Patel,hana.patel.8434@example.com,United States,2024-06-19,Basic,175.96
8435,Sofia Chen,sofia.chen.8435@example.com,Germany,2024-07-24,Standard,979.60
8436,Chloe Wilson,chloe.wilson.8436@example.com,United Kingdom,2024-03-12,Premium,3232.38
8437,Hana Clarke,hana.clarke.8437@example.com,Canada,2024-08-09,Basic,0.00
8438,Omar Garcia,omar.garcia.8438@example.com,Canada,2024-07-14,Basic,85.67
8439,Arjun Ahmed,arjun.ahmed.8439@example.com,United States,2024-10-06,Standard,993.57
8440,Aisha Garcia,aisha.garcia.8440@example.com,United Arab Emirates,2024-03-18,Premium,3670.58
8441,Arjun Kim,arjun.kim.8441@example.com,United States,2024-07-28,Basic,0.00
8442,Priya Anderson,priya.anderson.8442@example.com,Germany,2024-12-09,Basic,272.61
8443,Mia Garcia,mia.garcia.8443@example.com,United Arab Emirates,2024-09-28,Standard,520.25
8444,Liam Santos,liam.santos.8444@example.com,Japan,2024-07-10,Premium,5314.41
8445,Omar Thompson,omar.thompson.8445@example.com,United Kingdom,2024-08-19,Basic,0.00
8446,Leo Anderson,leo.anderson.8446@example.com,Canada,2024-10-21,Basic,62.02
8447,Zoe Chen,zoe.chen.8447@example.com,Germany,2024-08-28,Standard,902.92
8448,Arjun Bennett,arjun.bennett.8448@example.com,India,2024-04-02,Premium,3592.23
8449,Samuel Taylor,samuel.taylor.8449@example.com,Canada,2024-03-10,Basic,0.00
8450,Daniel Nguyen,daniel.nguyen.8450@example.com,France,2024-09-09,Basic,106.06
8451,Arjun Santos,arjun.santos.8451@example.com,Canada,2024-02-05,Standard,980.23
8452,Amelia Nakamura,amelia.nakamura.8452@example.com,India,2024-03-09,Premium,3198.92
8453,Isabella Singh,isabella.singh.8453@example.com,Germany,2024-04-19,Basic,0.00
8454,Noah Santos,noah.santos.8454@example.com,United Arab Emirates,2024-11-14,Basic,180.59
8455,Daniel Dubois,daniel.dubois.8455@example.com,Singapore,2024-08-02,Standard,932.01
8456,Daniel Taylor,daniel.taylor.8456@example.com,United Arab Emirates,2024-09-16,Premium,3551.42
8457,Nora Garcia,nora.garcia.8457@example.com,Germany,2024-05-08,Basic,0.00
8458,Daniel Khan,daniel.khan.8458@example.com,India,2024-02-13,Basic,261.92
8459,Aisha Singh,aisha.singh.8459@example.com,United Arab Emirates,2024-02-20,Standard,955.73
8460,Liam Singh,liam.singh.8460@example.com,United Kingdom,2024-06-25,Premium,1968.66
8461,Leo Williams,leo.williams.8461@example.com,United States,2024-05-21,Basic,0.00
8462,Mateo Chen,mateo.chen.8462@example.com,Japan,2024-10-20,Basic,244.37
8463,Aisha Ahmed,aisha.ahmed.8463@example.com,Singapore,2024-03-22,Standard,828.14
8464,Oliver Clarke,oliver.clarke.8464@example.com,Australia,2024-02-20,Premium,4905.36
8465,Mia Dubois,mia.dubois.8465@example.com,United Kingdom,2024-08-16,Basic,0.00
8466,Arjun Nguyen,arjun.nguyen.8466@example.com,Singapore,2024-03-30,Basic,27.03
8467,Leo Ahmed,leo.ahmed.8467@example.com,Japan,2025-01-28,Standard,976.47
8468,Oliver Kim,oliver.kim.8468@example.com,United Kingdom,2024-10-28,Premium,4025.18
8469,Daniel Kim,daniel.kim.8469@example.com,India,2024-12-02,Basic,0.00
8470,Noah Kim,noah.kim.8470@example.com,United States,2025-01-04,Basic,65.12
8471,Hana Dubois,hana.dubois.8471@example.com,France,2024-08-23,Standard,692.67
8472,Oliver Nguyen,oliver.nguyen.8472@example.com,Canada,2024-08-13,Premium,4571.29
8473,Hugo Martin,hugo.martin.8473@example.com,Singapore,2024-02-18,Basic,0.00
8474,Amelia Thompson,amelia.thompson.8474@example.com,Canada,2024-10-07,Basic,13.12
8475,Ethan Bennett,ethan.bennett.8475@example.com,Singapore,2024-03-29,Standard,933.60
8476,Daniel Wilson,daniel.wilson.8476@example.com,Japan,2024-04-20,Premium,3110.83
8477,Zoe Khan,zoe.khan.8477@example.com,Japan,2024-05-18,Basic,0.00
8478,Omar Taylor,omar.taylor.8478@example.com,Germany,2024-02-10,Basic,274.79
8479,Nora Ahmed,nora.ahmed.8479@example.com,Australia,2025-01-30,Standard,800.22
8480,Amelia Nguyen,amelia.nguyen.8480@example.com,Australia,2024-02-26,Premium,4886.05
8481,Chloe Clarke,chloe.clarke.8481@example.com,Japan,2024-10-24,Basic,0.00
8482,Mateo Rossi,mateo.rossi.8482@example.com,United Arab Emirates,2024-08-09,Basic,65.12
8483,Liam Patel,liam.patel.8483@example.com,France,2024-06-25,Standard,992.03
8484,Mateo Nguyen,mateo.nguyen.8484@example.com,Australia,2024-08-29,Premium,3744.82
8485,Nora Garcia,nora.garcia.8485@example.com,Germany,2024-08-17,Basic,0.00
8486,Hugo Patel,hugo.patel.8486@example.com,United Arab Emirates,2024-02-19,Basic,89.20
8487,Leo Dubois,leo.dubois.8487@example.com,Singapore,2024-10-21,Standard,926.65
8488,Samuel Taylor,samuel.taylor.8488@example.com,Japan,2024-08-09,Premium,1710.42
8489,Olivia Nguyen,olivia.nguyen.8489@example.com,France,2024-10-09,Basic,0.00
8490,Liam Garcia,liam.garcia.8490@example.com,India,2024-07-05,Basic,46.82
8491,Omar Taylor,omar.taylor.8491@example.com,United States,2024-07-29,Standard,899.91
8492,Daniel Clarke,daniel.clarke.8492@example.com,France,2024-08-24,Premium,2995.31
8493,Ava Wilson,ava.wilson.8493@example.com,Australia,2024-03-17,Basic,0.00
8494,Aisha Singh,aisha.singh.8494@example.com,Japan,2024-05-18,Basic,46.36
8495,Hana Chen,hana.chen.8495@example.com,United States,2024-02-17,Standard,963.80
8496,Sofia Kim,sofia.kim.8496@example.com,Singapore,2024-07-27,Premium,5519.53
8497,Leo Santos,leo.santos.8497@example.com,Australia,2024-06-02,Basic,0.00
8498,Hugo Thompson,hugo.thompson.8498@example.com,Japan,2024-06-03,Basic,127.65
8499,Amelia Khan,amelia.khan.8499@example.com,United Kingdom,2024-08-12,Standard,997.27
8500,Hugo Nguyen,hugo.nguyen.8500@example.com,Japan,2024-03-27,Premium,2450.36
8501,Hana Martin,hana.martin.8501@example.com,India,2024-03-27,Basic,0.00
8502,Omar Wilson,omar.wilson.8502@example.com,Singapore,2024-10-04,Basic,233.87
8503,Daniel Chen,daniel.chen.8503@example.com,United States,2024-03-24,Standard,929.00
8504,Sofia Patel,sofia.patel.8504@example.com,United States,2024-04-11,Premium,2746.69
8505,Omar Wilson,omar.wilson.8505@example.com,France,2024-07-14,Basic,0.00
8506,Amelia Singh,amelia.singh.8506@example.com,France,2024-07-01,Basic,195.95
8507,Hana Singh,hana.singh.8507@example.com,Singapore,2024-02-19,Standard,694.43
8508,Daniel Rossi,daniel.rossi.8508@example.com,United Arab Emirates,2024-11-08,Premium,1782.92
8509,Ava Rossi,ava.rossi.8509@example.com,Japan,2024-08-24,Basic,0.00
8510,Zoe Nakamura,zoe.nakamura.8510@example.com,Australia,2024-10-24,Basic,94.16
8511,Aisha Thompson,aisha.thompson.8511@example.com,Canada,2024-07-08,Standard,800.00
8512,Chloe Williams,chloe.williams.8512@example.com,India,2024-05-20,Premium,2991.11
8513,Amelia Khan,amelia.khan.8513@example.com,Germany,2024-06-07,Basic,0.00
8514,Aisha Anderson,aisha.anderson.8514@example.com,United States,2024-02-15,Basic,183.91
8515,Amelia Rossi,amelia.rossi.8515@example.com,United Kingdom,2024-06-29,Standard,951.74
8516,Arjun Santos,arjun.santos.8516@example.com,Canada,2024-12-11,Premium,3780.06
8517,Lucas Clarke,lucas.clarke.8517@example.com,Australia,2024-02-10,Basic,0.00
8518,Hugo Patel,hugo.patel.8518@example.com,United Kingdom,2024-09-12,Basic,159.98
8519,Hana Rossi,hana.rossi.8519@example.com,India,2024-07-10,Standard,870.34
8520,Mia Taylor,mia.taylor.8520@example.com,India,2024-04-19,Premium,8171.89
8521,Aisha Clarke,aisha.clarke.8521@example.com,Japan,2025-01-20,Basic,0.00
8522,Ava Kim,ava.kim.8522@example.com,United Kingdom,2024-10-25,Basic,243.62
8523,Mateo Dubois,mateo.dubois.8523@example.com,Canada,2024-04-15,Standard,809.30
8524,Isabella Chen,isabella.chen.8524@example.com,Japan,2024-07-17,Premium,2711.79
8525,Zoe Dubois,zoe.dubois.8525@example.com,United States,2024-02-03,Basic,0.00
8526,Ethan Chen,ethan.chen.8526@example.com,Australia,2024-02-20,Basic,157.67
8527,Sofia Anderson,sofia.anderson.8527@example.com,Germany,2024-02-20,Standard,967.67
8528,Omar Dubois,omar.dubois.8528@example.com,Japan,2024-09-19,Premium,1571.43
8529,Liam Martin,liam.martin.8529@example.com,France,2024-03-12,Basic,0.00
8530,Daniel Kim,daniel.kim.8530@example.com,Singapore,2024-11-15,Basic,274.79
8531,Samuel Singh,samuel.singh.8531@example.com,Germany,2024-03-24,Standard,977.51
8532,Aisha Martin,aisha.martin.8532@example.com,Singapore,2024-02-07,Premium,6381.80
8533,Isabella Garcia,isabella.garcia.8533@example.com,India,2024-08-25,Basic,0.00
8534,Leo Singh,leo.singh.8534@example.com,Singapore,2024-03-30,Basic,251.34
8535,Ethan Khan,ethan.khan.8535@example.com,United Arab Emirates,2024-04-06,Standard,941.29
8536,Hugo Ahmed,hugo.ahmed.8536@example.com,Singapore,2024-06-30,Premium,3171.50
8537,Mia Thompson,mia.thompson.8537@example.com,United Arab Emirates,2024-02-18,Basic,0.00
8538,Hana Nguyen,hana.nguyen.8538@example.com,India,2024-05-10,Basic,273.94
8539,Leo Garcia,leo.garcia.8539@example.com,France,2024-04-12,Standard,932.68
8540,Hugo Dubois,hugo.dubois.8540@example.com,United Arab Emirates,2024-07-15,Premium,2828.35
8541,Oliver Wilson,oliver.wilson.8541@example.com,Germany,2024-07-05,Basic,0.00
8542,Sofia Bennett,sofia.bennett.8542@example.com,Canada,2024-04-22,Basic,279.16
8543,Mia Nguyen,mia.nguyen.8543@example.com,Canada,2024-06-08,Standard,742.28
8544,Oliver Nguyen,oliver.nguyen.8544@example.com,India,2024-05-08,Premium,3106.65
8545,Samuel Garcia,samuel.garcia.8545@example.com,Australia,2024-09-24,Basic,0.00
8546,Arjun Nakamura,arjun.nakamura.8546@example.com,United Kingdom,2024-07-03,Basic,193.43
8547,Omar Singh,omar.singh.8547@example.com,Australia,2024-03-09,Standard,816.27
8548,Liam Nguyen,liam.nguyen.8548@example.com,United States,2025-01-22,Premium,5025.05
8549,Sofia Dubois,sofia.dubois.8549@example.com,India,2024-12-20,Basic,0.00
8550,Hana Williams,hana.williams.8550@example.com,Germany,2024-04-03,Basic,251.83
8551,Mateo Anderson,mateo.anderson.8551@example.com,United Arab Emirates,2024-08-28,Standard,911.97
8552,Amelia Dubois,amelia.dubois.8552@example.com,United Kingdom,2024-02-13,Premium,4207.18
8553,Mia Nakamura,mia.nakamura.8553@example.com,United Kingdom,2024-10-14,Basic,0.00
8554,Hana Williams,hana.williams.8554@example.com,United Kingdom,2024-11-24,Basic,185.85
8555,Mateo Chen,mateo.chen.8555@example.com,France,2024-08-12,Standard,882.69
8556,Daniel Clarke,daniel.clarke.8556@example.com,Canada,2024-07-05,Premium,3294.35
8557,Samuel Thompson,samuel.thompson.8557@example.com,India,2024-11-13,Basic,0.00
8558,Oliver Khan,oliver.khan.8558@example.com,Germany,2024-03-04,Basic,181.43
8559,Noah Anderson,noah.anderson.8559@example.com,Germany,2024-03-12,Standard,637.84
8560,Mia Garcia,mia.garcia.8560@example.com,Australia,2024-03-07,Premium,2100.58
8561,Aisha Williams,aisha.williams.8561@example.com,United Kingdom,2024-11-14,Basic,0.00
8562,Zoe Williams,zoe.williams.8562@example.com,Germany,2024-02-05,Basic,137.44
8563,Isabella Garcia,isabella.garcia.8563@example.com,Australia,2024-04-21,Standard,973.64
8564,Isabella Williams,isabella.williams.8564@example.com,Japan,2024-11-27,Premium,3574.95
8565,Daniel Bennett,daniel.bennett.8565@example.com,Germany,2024-07-09,Basic,0.00
8566,Nora Singh,nora.singh.8566@example.com,Singapore,2024-08-03,Basic,195.56
8567,Leo Bennett,leo.bennett.8567@example.com,United Arab Emirates,2024-06-20,Standard,947.96
8568,Noah Dubois,noah.dubois.8568@example.com,Japan,2024-03-23,Premium,3569.17
8569,Lucas Ahmed,lucas.ahmed.8569@example.com,Japan,2024-10-27,Basic,0.00
8570,Ava Garcia,ava.garcia.8570@example.com,United States,2024-05-12,Basic,159.98
8571,Liam Patel,liam.patel.8571@example.com,France,2024-08-18,Standard,847.99
8572,Mia Santos,mia.santos.8572@example.com,Japan,2024-04-05,Premium,5267.77
8573,Sofia Nakamura,sofia.nakamura.8573@example.com,France,2025-01-04,Basic,0.00
8574,Hugo Clarke,hugo.clarke.8574@example.com,Germany,2024-02-28,Basic,200.79
8575,Nora Patel,nora.patel.8575@example.com,United States,2024-05-24,Standard,719.79
8576,Ava Nakamura,ava.nakamura.8576@example.com,Germany,2024-06-12,Premium,3658.60
8577,Mateo Rossi,mateo.rossi.8577@example.com,United Arab Emirates,2024-10-26,Basic,0.00
8578,Nora Bennett,nora.bennett.8578@example.com,United Arab Emirates,2024-05-28,Basic,31.25
8579,Arjun Clarke,arjun.clarke.8579@example.com,United Kingdom,2025-01-28,Standard,928.33
8580,Arjun Dubois,arjun.dubois.8580@example.com,United Arab Emirates,2024-06-27,Premium,4343.62
8581,Olivia Martin,olivia.martin.8581@example.com,India,2024-07-03,Basic,0.00
8582,Olivia Bennett,olivia.bennett.8582@example.com,India,2024-02-09,Basic,200.26
8583,Arjun Martin,arjun.martin.8583@example.com,India,2024-09-18,Standard,936.16
8584,Omar Anderson,omar.anderson.8584@example.com,United Kingdom,2025-01-25,Premium,5992.46
8585,Zoe Nguyen,zoe.nguyen.8585@example.com,United States,2024-07-28,Basic,0.00
8586,Hugo Dubois,hugo.dubois.8586@example.com,Australia,2024-03-16,Basic,298.24
8587,Daniel Singh,daniel.singh.8587@example.com,United Kingdom,2024-02-14,Standard,828.65
8588,Oliver Clarke,oliver.clarke.8588@example.com,India,2024-12-26,Premium,6711.27
8589,Isabella Wilson,isabella.wilson.8589@example.com,India,2024-03-20,Basic,0.00
8590,Ethan Santos,ethan.santos.8590@example.com,Australia,2024-08-21,Basic,264.72
8591,Noah Dubois,noah.dubois.8591@example.com,Germany,2024-02-11,Standard,945.79
8592,Noah Patel,noah.patel.8592@example.com,Japan,2024-06-28,Premium,1915.42
8593,Aisha Dubois,aisha.dubois.8593@example.com,Japan,2024-12-03,Basic,0.00
8594,Lucas Nguyen,lucas.nguyen.8594@example.com,India,2024-12-22,Basic,182.13
8595,Zoe Rossi,zoe.rossi.8595@example.com,Singapore,2024-11-29,Standard,791.47
8596,Mia Ahmed,mia.ahmed.8596@example.com,Germany,2024-10-22,Premium,2782.11
8597,Olivia Nakamura,olivia.nakamura.8597@example.com,United States,2024-12-29,Basic,0.00
8598,Arjun Dubois,arjun.dubois.8598@example.com,United Kingdom,2024-02-13,Basic,24.73
8599,Noah Nakamura,noah.nakamura.8599@example.com,Japan,2024-02-03,Standard,951.31
8600,Olivia Nakamura,olivia.nakamura.8600@example.com,Japan,2024-05-24,Premium,6893.72
8601,Zoe Thompson,zoe.thompson.8601@example.com,France,2024-11-20,Basic,0.00
8602,Lucas Clarke,lucas.clarke.8602@example.com,Australia,2024-05-14,Basic,74.50
8603,Noah Nakamura,noah.nakamura.8603@example.com,Singapore,2024-03-24,Standard,942.79
8604,Liam Garcia,liam.garcia.8604@example.com,Japan,2024-03-26,Premium,5496.84
8605,Hana Taylor,hana.taylor.8605@example.com,United States,2024-02-19,Basic,0.00
8606,Mia Clarke,mia.clarke.8606@example.com,United States,2024-04-28,Basic,280.71
8607,Olivia Patel,olivia.patel.8607@example.com,Germany,2024-06-30,Standard,982.37
8608,Olivia Kim,olivia.kim.8608@example.com,France,2024-11-30,Premium,3515.43
8609,Leo Nakamura,leo.nakamura.8609@example.com,Germany,2024-05-27,Basic,0.00
8610,Arjun Anderson,arjun.anderson.8610@example.com,Singapore,2024-07-05,Basic,60.09
8611,Daniel Rossi,daniel.rossi.8611@example.com,India,2025-01-25,Standard,917.02
8612,Isabella Kim,isabella.kim.8612@example.com,Canada,2024-05-28,Premium,5570.19
8613,Hana Williams,hana.williams.8613@example.com,Japan,2025-01-14,Basic,0.00
8614,Amelia Khan,amelia.khan.8614@example.com,Australia,2024-08-03,Basic,83.13
8615,Arjun Bennett,arjun.bennett.8615@example.com,United States,2024-07-09,Standard,995.04
8616,Mateo Rossi,mateo.rossi.8616@example.com,United Arab Emirates,2024-05-03,Premium,3874.72
8617,Chloe Dubois,chloe.dubois.8617@example.com,France,2024-05-20,Basic,0.00
8618,Samuel Dubois,samuel.dubois.8618@example.com,United Kingdom,2024-12-11,Basic,29.59
8619,Hugo Nakamura,hugo.nakamura.8619@example.com,Australia,2024-03-25,Standard,958.22
8620,Nora Khan,nora.khan.8620@example.com,United Arab Emirates,2024-07-05,Premium,3377.91
8621,Leo Chen,leo.chen.8621@example.com,Germany,2024-10-17,Basic,0.00
8622,Hugo Chen,hugo.chen.8622@example.com,Australia,2024-11-13,Basic,15.72
8623,Omar Ahmed,omar.ahmed.8623@example.com,India,2024-07-18,Standard,982.54
8624,Daniel Anderson,daniel.anderson.8624@example.com,United Arab Emirates,2024-04-19,Premium,5353.62
8625,Hugo Dubois,hugo.dubois.8625@example.com,Singapore,2024-09-20,Basic,0.00
8626,Daniel Garcia,daniel.garcia.8626@example.com,Germany,2025-01-25,Basic,147.46
8627,Olivia Anderson,olivia.anderson.8627@example.com,Germany,2024-11-22,Standard,990.80
8628,Ava Williams,ava.williams.8628@example.com,Japan,2024-12-08,Premium,2490.26
8629,Chloe Nakamura,chloe.nakamura.8629@example.com,United States,2024-09-08,Basic,0.00
8630,Amelia Kim,amelia.kim.8630@example.com,France,2024-11-13,Basic,178.82
8631,Zoe Williams,zoe.williams.8631@example.com,Japan,2024-05-28,Standard,831.15
8632,Isabella Nakamura,isabella.nakamura.8632@example.com,United Arab Emirates,2024-04-05,Premium,1210.44
8633,Liam Williams,liam.williams.8633@example.com,India,2024-04-10,Basic,0.00
8634,Isabella Bennett,isabella.bennett.8634@example.com,India,2025-01-23,Basic,99.00
8635,Hana Nguyen,hana.nguyen.8635@example.com,United Arab Emirates,2024-05-07,Standard,849.45
8636,Omar Patel,omar.patel.8636@example.com,India,2024-07-04,Premium,4013.52
8637,Chloe Khan,chloe.khan.8637@example.com,United Arab Emirates,2024-10-31,Basic,0.00
8638,Priya Clarke,priya.clarke.8638@example.com,Japan,2024-02-08,Basic,142.37
8639,Liam Wilson,liam.wilson.8639@example.com,France,2024-08-03,Standard,856.95
8640,Hugo Bennett,hugo.bennett.8640@example.com,Australia,2024-12-03,Premium,3025.12
8641,Priya Anderson,priya.anderson.8641@example.com,Germany,2025-01-04,Basic,0.00
8642,Sofia Thompson,sofia.thompson.8642@example.com,United Kingdom,2024-11-03,Basic,158.58
8643,Chloe Dubois,chloe.dubois.8643@example.com,United Arab Emirates,2024-04-18,Standard,733.96
8644,Omar Santos,omar.santos.8644@example.com,Canada,2024-12-06,Premium,3866.24
8645,Zoe Singh,zoe.singh.8645@example.com,France,2024-02-13,Basic,0.00
8646,Mateo Martin,mateo.martin.8646@example.com,India,2024-02-28,Basic,155.59
8647,Amelia Singh,amelia.singh.8647@example.com,United Kingdom,2024-03-28,Standard,939.89
8648,Daniel Singh,daniel.singh.8648@example.com,United Kingdom,2024-07-17,Premium,5114.57
8649,Leo Garcia,leo.garcia.8649@example.com,India,2024-03-08,Basic,0.00
8650,Hana Nakamura,hana.nakamura.8650@example.com,Australia,2024-11-14,Basic,81.92
8651,Mia Patel,mia.patel.8651@example.com,United Arab Emirates,2024-12-17,Standard,841.75
8652,Aisha Garcia,aisha.garcia.8652@example.com,Canada,2024-03-16,Premium,4729.40
8653,Arjun Bennett,arjun.bennett.8653@example.com,United States,2025-01-10,Basic,0.00
8654,Samuel Nguyen,samuel.nguyen.8654@example.com,Singapore,2024-04-12,Basic,234.79
8655,Zoe Khan,zoe.khan.8655@example.com,Singapore,2024-07-05,Standard,901.94
8656,Daniel Dubois,daniel.dubois.8656@example.com,United Arab Emirates,2024-12-16,Premium,3417.33
8657,Noah Nguyen,,India,2024-10-02,Basic,0.00
8658,Sofia Khan,sofia.khan.8658@example.com,Australia,2024-03-09,Basic,227.95
8659,Noah Patel,noah.patel.8659@example.com,Germany,2024-10-28,Standard,986.61
8660,Liam Thompson,liam.thompson.8660@example.com,Japan,2024-12-18,Premium,3687.99
8661,Arjun Taylor,arjun.taylor.8661@example.com,France,2024-07-12,Basic,0.00
8662,Samuel Taylor,samuel.taylor.8662@example.com,United Kingdom,2024-12-07,Basic,104.22
8663,Sofia Chen,sofia.chen.8663@example.com,United Kingdom,2024-10-29,Standard,948.75
8664,Oliver Chen,oliver.chen.8664@example.com,Canada,2024-02-11,Premium,3470.02
8665,Leo Khan,leo.khan.8665@example.com,United Kingdom,2024-10-27,Basic,0.00
8666,Samuel Dubois,samuel.dubois.8666@example.com,Germany,2024-04-03,Basic,94.16
8667,Hugo Dubois,hugo.dubois.8667@example.com,United Kingdom,2024-12-23,Standard,688.70
8668,Zoe Anderson,zoe.anderson.8668@example.com,United States,2024-04-20,Premium,4550.25
8669,Ava Taylor,ava.taylor.8669@example.com,Germany,2024-03-31,Basic,0.00
8670,Priya Taylor,priya.taylor.8670@example.com,United Arab Emirates,2024-06-02,Basic,99.40
8671,Leo Ahmed,leo.ahmed.8671@example.com,Australia,2024-07-12,Standard,937.51
8672,Zoe Clarke,zoe.clarke.8672@example.com,United Arab Emirates,2024-03-05,Premium,6665.64
8673,Leo Nakamura,leo.nakamura.8673@example.com,India,2024-06-20,Basic,0.00
8674,Amelia Anderson,amelia.anderson.8674@example.com,Canada,2024-05-26,Basic,125.82
8675,Hana Garcia,hana.garcia.8675@example.com,United Arab Emirates,2024-05-27,Standard,989.81
8676,Daniel Martin,daniel.martin.8676@example.com,France,2024-04-12,Premium,4812.60
8677,Oliver Chen,oliver.chen.8677@example.com,India,2024-09-20,Basic,0.00
8678,Liam Martin,liam.martin.8678@example.com,India,2024-12-05,Basic,62.55
8679,Arjun Nakamura,arjun.nakamura.8679@example.com,United Arab Emirates,2024-06-13,Standard,984.34
8680,Mateo Clarke,mateo.clarke.8680@example.com,United Arab Emirates,2024-07-14,Premium,4545.67
8681,Ethan Martin,ethan.martin.8681@example.com,France,2024-05-05,Basic,0.00
8682,Mateo Taylor,mateo.taylor.8682@example.com,Germany,2024-06-12,Basic,197.17
8683,Lucas Ahmed,lucas.ahmed.8683@example.com,Germany,2024-06-07,Standard,921.93
8684,Samuel Taylor,samuel.taylor.8684@example.com,Singapore,2024-09-10,Premium,2004.80
8685,Aisha Williams,aisha.williams.8685@example.com,United Kingdom,2024-03-10,Basic,0.00
8686,Lucas Anderson,lucas.anderson.8686@example.com,Australia,2024-02-24,Basic,80.77
8687,Leo Patel,leo.patel.8687@example.com,United States,2024-12-06,Standard,732.31
8688,Priya Ahmed,priya.ahmed.8688@example.com,United States,2024-07-14,Premium,5637.66
8689,Oliver Thompson,oliver.thompson.8689@example.com,Japan,2024-03-15,Basic,0.00
8690,Isabella Santos,isabella.santos.8690@example.com,France,2024-12-01,Basic,41.02
8691,Daniel Singh,daniel.singh.8691@example.com,India,2025-01-23,Standard,998.56
8692,Ethan Thompson,ethan.thompson.8692@example.com,Singapore,2024-10-03,Premium,5580.55
8693,Mateo Singh,mateo.singh.8693@example.com,Canada,2024-08-01,Basic,0.00
8694,Hana Williams,hana.williams.8694@example.com,Canada,2024-02-09,Basic,294.37
8695,Priya Patel,priya.patel.8695@example.com,India,2024-05-31,Standard,835.91
8696,Nora Martin,nora.martin.8696@example.com,United Kingdom,2024-08-30,Premium,3534.79
8697,Ethan Dubois,ethan.dubois.8697@example.com,India,2024-02-12,Basic,0.00
8698,Ava Chen,ava.chen.8698@example.com,Australia,2024-07-15,Basic,193.67
8699,Aisha Wilson,aisha.wilson.8699@example.com,United Kingdom,2024-11-01,Standard,757.17
8700,Amelia Martin,amelia.martin.8700@example.com,United Arab Emirates,2024-07-13,Premium,3094.03
8701,Omar Clarke,omar.clarke.8701@example.com,United Arab Emirates,2024-11-17,Basic,0.00
8702,Hugo Nakamura,hugo.nakamura.8702@example.com,Australia,2024-09-21,Basic,137.72
8703,Hana Khan,hana.khan.8703@example.com,United Arab Emirates,2024-08-02,Standard,942.56
8704,Hugo Rossi,hugo.rossi.8704@example.com,France,2024-07-27,Premium,6331.26
8705,Olivia Rossi,olivia.rossi.8705@example.com,Canada,2024-06-10,Basic,0.00
8706,Samuel Nakamura,samuel.nakamura.8706@example.com,Germany,2025-01-15,Basic,67.86
8707,Olivia Garcia,olivia.garcia.8707@example.com,United Kingdom,2024-10-03,Standard,813.08
8708,Daniel Khan,daniel.khan.8708@example.com,India,2024-09-21,Premium,3539.97
8709,Amelia Khan,amelia.khan.8709@example.com,Singapore,2024-09-05,Basic,0.00
8710,Sofia Kim,sofia.kim.8710@example.com,India,2024-12-31,Basic,291.99
8711,Nora Taylor,nora.taylor.8711@example.com,United Kingdom,2024-03-24,Standard,790.78
8712,Ethan Kim,ethan.kim.8712@example.com,Singapore,2024-06-29,Premium,4594.76
8713,Samuel Martin,samuel.martin.8713@example.com,Australia,2024-05-17,Basic,0.00
8714,Amelia Bennett,amelia.bennett.8714@example.com,Singapore,2024-02-22,Basic,221.76
8715,Omar Dubois,omar.dubois.8715@example.com,Australia,2024-02-17,Standard,923.28
8716,Samuel Ahmed,samuel.ahmed.8716@example.com,Canada,2024-11-22,Premium,3438.97
8717,Ethan Patel,ethan.patel.8717@example.com,Singapore,2024-04-12,Basic,0.00
8718,Aisha Nakamura,aisha.nakamura.8718@example.com,Australia,2024-04-28,Basic,110.72
8719,Liam Singh,liam.singh.8719@example.com,Japan,2025-01-15,Standard,634.36
8720,Priya Ahmed,priya.ahmed.8720@example.com,Singapore,2024-05-14,Premium,3722.20
8721,Olivia Martin,olivia.martin.8721@example.com,Japan,2024-05-28,Basic,0.00
8722,Priya Taylor,priya.taylor.8722@example.com,France,2024-06-28,Basic,26.04
8723,Oliver Kim,oliver.kim.8723@example.com,Canada,2024-05-05,Standard,892.47
8724,Amelia Thompson,amelia.thompson.8724@example.com,Canada,2024-02-04,Premium,3701.81
8725,Olivia Clarke,olivia.clarke.8725@example.com,Japan,2024-02-12,Basic,0.00
8726,Oliver Wilson,oliver.wilson.8726@example.com,Canada,2024-11-05,Basic,256.47
8727,Hugo Patel,hugo.patel.8727@example.com,United Kingdom,2024-09-11,Standard,950.00
8728,Daniel Martin,daniel.martin.8728@example.com,Japan,2024-12-10,Premium,3332.59
8729,Priya Taylor,priya.taylor.8729@example.com,Australia,2024-12-19,Basic,0.00
8730,Chloe Santos,chloe.santos.8730@example.com,United Kingdom,2024-04-21,Basic,158.58
8731,Mateo Santos,mateo.santos.8731@example.com,France,2024-07-19,Standard,915.88
8732,Olivia Bennett,olivia.bennett.8732@example.com,United States,2024-08-05,Premium,3441.16
8733,Olivia Singh,olivia.singh.8733@example.com,Singapore,2024-03-30,Basic,0.00
8734,Mateo Wilson,mateo.wilson.8734@example.com,Singapore,2024-06-11,Basic,234.79
8735,Priya Chen,priya.chen.8735@example.com,Canada,2024-09-07,Standard,858.18
8736,Ethan Khan,ethan.khan.8736@example.com,United States,2024-02-07,Premium,5005.58
8737,Ava Taylor,ava.taylor.8737@example.com,United States,2024-09-19,Basic,0.00
8738,Sofia Chen,sofia.chen.8738@example.com,Australia,2024-07-14,Basic,248.56
8739,Noah Chen,noah.chen.8739@example.com,Singapore,2024-05-29,Standard,701.31
8740,Amelia Khan,amelia.khan.8740@example.com,Germany,2025-01-15,Premium,3896.40
8741,Sofia Patel,sofia.patel.8741@example.com,Australia,2024-09-21,Basic,0.00
8742,Isabella Khan,isabella.khan.8742@example.com,United Arab Emirates,2024-03-30,Basic,149.90
8743,Leo Rossi,leo.rossi.8743@example.com,Canada,2024-11-13,Standard,822.68
8744,Amelia Clarke,amelia.clarke.8744@example.com,United Kingdom,2024-08-31,Premium,5162.30
8745,Priya Dubois,priya.dubois.8745@example.com,Australia,2024-04-04,Basic,0.00
8746,Leo Taylor,leo.taylor.8746@example.com,United Arab Emirates,2024-08-16,Basic,31.60
8747,Oliver Thompson,oliver.thompson.8747@example.com,Germany,2024-02-05,Standard,996.56
8748,Arjun Khan,arjun.khan.8748@example.com,United States,2024-06-10,Premium,2073.45
8749,Omar Patel,omar.patel.8749@example.com,Germany,2024-03-04,Basic,0.00
8750,Amelia Dubois,amelia.dubois.8750@example.com,United Kingdom,2024-09-11,Basic,134.07
8751,Chloe Patel,chloe.patel.8751@example.com,United Arab Emirates,2024-09-25,Standard,932.00
8752,Amelia Bennett,amelia.bennett.8752@example.com,Singapore,2024-06-27,Premium,5263.52
8753,Lucas Santos,lucas.santos.8753@example.com,Singapore,2024-02-15,Basic,0.00
8754,Liam Santos,liam.santos.8754@example.com,United Kingdom,2024-10-08,Basic,106.67
8755,Leo Wilson,leo.wilson.8755@example.com,Canada,2024-11-24,Standard,997.35
8756,Leo Martin,leo.martin.8756@example.com,Singapore,2024-02-02,Premium,3489.43
8757,Hana Chen,hana.chen.8757@example.com,Germany,2024-03-21,Basic,0.00
8758,Liam Kim,liam.kim.8758@example.com,United States,2024-07-12,Basic,145.38
8759,Amelia Clarke,amelia.clarke.8759@example.com,India,2024-12-12,Standard,761.86
8760,Hana Taylor,hana.taylor.8760@example.com,United Kingdom,2024-05-10,Premium,4177.55
8761,Liam Santos,liam.santos.8761@example.com,Canada,2025-01-28,Basic,0.00
8762,Isabella Kim,isabella.kim.8762@example.com,Canada,2025-01-23,Basic,178.82
8763,Arjun Martin,arjun.martin.8763@example.com,Canada,2025-01-04,Standard,730.04
8764,Oliver Singh,oliver.singh.8764@example.com,France,2024-10-15,Premium,3766.05
8765,Oliver Khan,oliver.khan.8765@example.com,Japan,2024-12-28,Basic,0.00
8766,Nora Wilson,nora.wilson.8766@example.com,Australia,2024-07-29,Basic,234.76
8767,Mia Singh,mia.singh.8767@example.com,Germany,2024-10-12,Standard,995.54
8768,Chloe Martin,chloe.martin.8768@example.com,France,2025-01-12,Premium,3932.41
8769,Ava Clarke,ava.clarke.8769@example.com,France,2024-02-24,Basic,0.00
8770,Liam Garcia,liam.garcia.8770@example.com,United Kingdom,2024-07-18,Basic,185.76
8771,Ethan Santos,ethan.santos.8771@example.com,France,2024-10-17,Standard,714.13
8772,Daniel Taylor,daniel.taylor.8772@example.com,Canada,2024-09-25,Premium,1799.98
8773,Nora Nguyen,nora.nguyen.8773@example.com,Singapore,2024-11-02,Basic,0.00
8774,Ethan Dubois,ethan.dubois.8774@example.com,United States,2024-05-24,Basic,94.16
8775,Olivia Nakamura,olivia.nakamura.8775@example.com,Germany,2024-10-30,Standard,661.26
8776,Hana Bennett,hana.bennett.8776@example.com,Australia,2024-02-11,Premium,4623.69
8777,Mia Kim,mia.kim.8777@example.com,Singapore,2024-10-17,Basic,0.00
8778,Amelia Rossi,amelia.rossi.8778@example.com,Japan,2024-04-01,Basic,99.40
8779,Oliver Taylor,oliver.taylor.8779@example.com,United Kingdom,2024-07-08,Standard,980.86
8780,Sofia Martin,sofia.martin.8780@example.com,United Arab Emirates,2024-05-23,Premium,3392.90
8781,Omar Santos,omar.santos.8781@example.com,Germany,2025-01-04,Basic,0.00
8782,Samuel Kim,samuel.kim.8782@example.com,United Arab Emirates,2024-05-03,Basic,115.99
8783,Noah Santos,noah.santos.8783@example.com,France,2024-11-15,Standard,950.98
8784,Leo Nakamura,leo.nakamura.8784@example.com,France,2024-09-15,Premium,3303.23
8785,Hugo Clarke,hugo.clarke.8785@example.com,United Arab Emirates,2024-03-17,Basic,0.00
8786,Liam Khan,liam.khan.8786@example.com,Japan,2024-11-30,Basic,116.64
8787,Oliver Anderson,oliver.anderson.8787@example.com,United States,2025-01-28,Standard,932.66
8788,Lucas Santos,lucas.santos.8788@example.com,Japan,2024-08-29,Premium,1908.47
8789,Sofia Nakamura,sofia.nakamura.8789@example.com,Germany,2024-07-16,Basic,0.00
8790,Daniel Williams,daniel.williams.8790@example.com,United Kingdom,2024-08-18,Basic,195.87
8791,Amelia Nguyen,amelia.nguyen.8791@example.com,United Arab Emirates,2024-08-01,Standard,821.94
8792,Aisha Rossi,aisha.rossi.8792@example.com,Japan,2024-02-20,Premium,1229.83
8793,Liam Kim,liam.kim.8793@example.com,Canada,2024-05-03,Basic,0.00
8794,Liam Khan,liam.khan.8794@example.com,Australia,2024-08-13,Basic,31.25
8795,Priya Ahmed,priya.ahmed.8795@example.com,United Arab Emirates,2024-08-11,Standard,696.87
8796,Noah Bennett,noah.bennett.8796@example.com,Singapore,2024-05-11,Premium,5369.55
8797,Mia Nakamura,mia.nakamura.8797@example.com,India,2025-01-14,Basic,0.00
8798,Samuel Garcia,samuel.garcia.8798@example.com,Canada,2025-01-09,Basic,163.25
8799,Aisha Rossi,aisha.rossi.8799@example.com,Singapore,2024-11-27,Standard,665.71
8800,Mateo Anderson,mateo.anderson.8800@example.com,United States,2025-01-17,Premium,4691.99
8801,Hugo Patel,hugo.patel.8801@example.com,India,2024-03-26,Basic,0.00
8802,Samuel Williams,samuel.williams.8802@example.com,Australia,2024-11-19,Basic,51.16
8803,Mateo Thompson,mateo.thompson.8803@example.com,United Arab Emirates,2024-12-01,Standard,689.08
8804,Sofia Nakamura,sofia.nakamura.8804@example.com,United Kingdom,2024-12-21,Premium,3567.76
8805,Isabella Dubois,isabella.dubois.8805@example.com,United States,2024-05-23,Basic,0.00
8806,Ava Ahmed,ava.ahmed.8806@example.com,Japan,2024-11-03,Basic,197.17
8807,Aisha Kim,aisha.kim.8807@example.com,Canada,2024-10-20,Standard,800.51
8808,Omar Nguyen,omar.nguyen.8808@example.com,United Arab Emirates,2024-10-20,Premium,3535.40
8809,Chloe Ahmed,chloe.ahmed.8809@example.com,United Kingdom,2024-11-06,Basic,0.00
8810,Mia Anderson,mia.anderson.8810@example.com,United Arab Emirates,2024-09-27,Basic,29.70
8811,Chloe Anderson,chloe.anderson.8811@example.com,United States,2025-01-30,Standard,912.51
8812,Hana Bennett,hana.bennett.8812@example.com,United States,2024-09-28,Premium,4726.65
8813,Arjun Thompson,arjun.thompson.8813@example.com,United Arab Emirates,2024-06-25,Basic,0.00
8814,Mateo Rossi,mateo.rossi.8814@example.com,United Arab Emirates,2024-12-31,Basic,57.21
8815,Lucas Patel,lucas.patel.8815@example.com,France,2024-09-24,Standard,800.46
8816,Daniel Patel,daniel.patel.8816@example.com,Germany,2024-06-21,Premium,3932.32
8817,Liam Singh,liam.singh.8817@example.com,Japan,2024-08-25,Basic,0.00
8818,Hana Martin,hana.martin.8818@example.com,India,2024-04-10,Basic,173.74
8819,Chloe Santos,chloe.santos.8819@example.com,Germany,2024-12-31,Standard,940.47
8820,Arjun Wilson,arjun.wilson.8820@example.com,Japan,2024-07-31,Premium,10441.54
8821,Hana Williams,hana.williams.8821@example.com,India,2024-02-16,Basic,0.00
8822,Samuel Patel,samuel.patel.8822@example.com,Australia,2024-07-24,Basic,42.89
8823,Hana Ahmed,hana.ahmed.8823@example.com,Australia,2024-12-09,Standard,924.22
8824,Aisha Santos,aisha.santos.8824@example.com,United Arab Emirates,2024-02-28,Premium,6837.16
8825,Nora Clarke,nora.clarke.8825@example.com,United Arab Emirates,2024-09-07,Basic,0.00
8826,Omar Ahmed,omar.ahmed.8826@example.com,France,2024-09-18,Basic,220.93
8827,Aisha Anderson,aisha.anderson.8827@example.com,Japan,2024-07-18,Standard,897.39
8828,Leo Nguyen,leo.nguyen.8828@example.com,United Kingdom,2024-08-12,Premium,4200.55
8829,Hugo Ahmed,hugo.ahmed.8829@example.com,Germany,2024-05-22,Basic,0.00
8830,Lucas Singh,lucas.singh.8830@example.com,Japan,2025-01-21,Basic,183.00
8831,Ava Singh,ava.singh.8831@example.com,Japan,2024-12-30,Standard,808.99
8832,Daniel Williams,daniel.williams.8832@example.com,Japan,2024-09-26,Premium,2658.30
8833,Chloe Williams,chloe.williams.8833@example.com,Australia,2024-07-11,Basic,0.00
8834,Daniel Bennett,daniel.bennett.8834@example.com,United States,2024-10-09,Basic,44.53
8835,Aisha Nguyen,aisha.nguyen.8835@example.com,Australia,2024-08-17,Standard,814.65
8836,Hana Martin,hana.martin.8836@example.com,Canada,2024-05-08,Premium,3618.06
8837,Ava Ahmed,ava.ahmed.8837@example.com,France,2024-06-24,Basic,0.00
8838,Amelia Anderson,amelia.anderson.8838@example.com,Australia,2024-08-28,Basic,248.56
8839,Hana Rossi,hana.rossi.8839@example.com,United Arab Emirates,2024-07-24,Standard,887.43
8840,Sofia Nguyen,sofia.nguyen.8840@example.com,France,2025-01-15,Premium,3306.23
8841,Noah Martin,noah.martin.8841@example.com,Australia,2024-03-16,Basic,0.00
8842,Sofia Dubois,sofia.dubois.8842@example.com,France,2024-05-11,Basic,231.20
8843,Ethan Nakamura,ethan.nakamura.8843@example.com,Australia,2024-07-10,Standard,820.22
8844,Priya Santos,priya.santos.8844@example.com,United Kingdom,2024-06-25,Premium,3979.17
8845,Mateo Nakamura,mateo.nakamura.8845@example.com,Canada,2024-06-14,Basic,0.00
8846,Mateo Singh,mateo.singh.8846@example.com,Australia,2024-04-12,Basic,197.84
8847,Sofia Anderson,sofia.anderson.8847@example.com,Germany,2024-10-04,Standard,985.24
8848,Hugo Garcia,hugo.garcia.8848@example.com,Germany,2024-09-05,Premium,4954.94
8849,Mateo Santos,mateo.santos.8849@example.com,United States,2024-11-26,Basic,0.00
8850,Arjun Kim,arjun.kim.8850@example.com,France,2024-08-07,Basic,245.72
8851,Omar Nakamura,omar.nakamura.8851@example.com,United States,2024-04-17,Standard,896.04
8852,Noah Singh,,India,2024-03-30,Premium,2239.85
8853,Hugo Patel,hugo.patel.8853@example.com,United Kingdom,2024-05-10,Basic,0.00
8854,Leo Wilson,leo.wilson.8854@example.com,Germany,2024-08-03,Basic,166.97
8855,Hana Patel,hana.patel.8855@example.com,Japan,2024-08-19,Standard,927.08
8856,Liam Martin,liam.martin.8856@example.com,United Kingdom,2024-11-09,Premium,1727.21
8857,Hana Anderson,hana.anderson.8857@example.com,United Arab Emirates,2024-03-19,Basic,0.00
8858,Zoe Chen,zoe.chen.8858@example.com,Japan,2025-01-12,Basic,21.64
8859,Samuel Bennett,samuel.bennett.8859@example.com,India,2024-07-16,Standard,527.96
8860,Amelia Nakamura,amelia.nakamura.8860@example.com,India,2024-03-24,Premium,3577.54
8861,Sofia Martin,sofia.martin.8861@example.com,Canada,2024-11-04,Basic,0.00
8862,Zoe Anderson,zoe.anderson.8862@example.com,United States,2024-08-05,Basic,60.25
8863,Chloe Wilson,chloe.wilson.8863@example.com,Germany,2024-09-02,Standard,860.60
8864,Oliver Kim,oliver.kim.8864@example.com,Australia,2025-01-09,Premium,2984.68
8865,Amelia Patel,amelia.patel.8865@example.com,France,2024-08-08,Basic,0.00
8866,Isabella Santos,isabella.santos.8866@example.com,United Arab Emirates,2024-07-20,Basic,193.06
8867,Noah Chen,noah.chen.8867@example.com,India,2024-05-19,Standard,737.72
8868,Priya Santos,priya.santos.8868@example.com,India,2024-02-04,Premium,2509.31
8869,Hugo Thompson,hugo.thompson.8869@example.com,Japan,2024-11-02,Basic,0.00
8870,Mateo Wilson,mateo.wilson.8870@example.com,Australia,2024-05-29,Basic,175.81
8871,Zoe Chen,zoe.chen.8871@example.com,Japan,2024-08-28,Standard,878.73
8872,Ava Rossi,ava.rossi.8872@example.com,United Arab Emirates,2024-03-03,Premium,4022.17
8873,Mia Taylor,mia.taylor.8873@example.com,United States,2024-02-15,Basic,0.00
8874,Aisha Martin,aisha.martin.8874@example.com,Australia,2024-08-23,Basic,175.96
8875,Hana Dubois,hana.dubois.8875@example.com,Canada,2024-09-05,Standard,884.13
8876,Hana Bennett,hana.bennett.8876@example.com,Canada,2025-01-17,Premium,4740.41
8877,Ethan Chen,ethan.chen.8877@example.com,United States,2024-11-15,Basic,0.00
8878,Nora Kim,nora.kim.8878@example.com,France,2025-01-12,Basic,99.40
8879,Amelia Dubois,amelia.dubois.8879@example.com,United Kingdom,2024-09-22,Standard,580.67
8880,Mateo Singh,mateo.singh.8880@example.com,India,2024-12-26,Premium,3980.31
8881,Nora Bennett,nora.bennett.8881@example.com,United Kingdom,2024-07-24,Basic,0.00
8882,Daniel Williams,daniel.williams.8882@example.com,Canada,2024-02-20,Basic,94.16
8883,Noah Khan,noah.khan.8883@example.com,United Arab Emirates,2024-05-17,Standard,916.05
8884,Mia Wilson,mia.wilson.8884@example.com,United Arab Emirates,2024-02-17,Premium,2152.57
8885,Nora Taylor,nora.taylor.8885@example.com,United Arab Emirates,2024-10-01,Basic,0.00
8886,Ethan Williams,ethan.williams.8886@example.com,India,2024-05-04,Basic,24.73
8887,Samuel Garcia,samuel.garcia.8887@example.com,Singapore,2024-12-29,Standard,957.87
8888,Ava Anderson,ava.anderson.8888@example.com,Australia,2024-11-28,Premium,6183.99
8889,Samuel Garcia,samuel.garcia.8889@example.com,United Arab Emirates,2024-04-21,Basic,0.00
8890,Hana Dubois,hana.dubois.8890@example.com,United Arab Emirates,2024-04-16,Basic,144.62
8891,Liam Bennett,liam.bennett.8891@example.com,France,2024-05-25,Standard,957.64
8892,Amelia Thompson,amelia.thompson.8892@example.com,United Kingdom,2024-04-22,Premium,3850.49
8893,Ethan Taylor,ethan.taylor.8893@example.com,United States,2024-02-29,Basic,0.00
8894,Oliver Chen,oliver.chen.8894@example.com,Canada,2024-10-19,Basic,153.77
8895,Arjun Nakamura,arjun.nakamura.8895@example.com,Japan,2024-06-23,Standard,903.18
8896,Ethan Nakamura,ethan.nakamura.8896@example.com,United States,2024-07-11,Premium,4746.20
8897,Lucas Clarke,lucas.clarke.8897@example.com,Singapore,2024-07-15,Basic,0.00
8898,Hugo Nguyen,hugo.nguyen.8898@example.com,Singapore,2024-09-15,Basic,217.95
8899,Ethan Nguyen,ethan.nguyen.8899@example.com,Canada,2024-03-03,Standard,987.21
8900,Chloe Khan,chloe.khan.8900@example.com,Canada,2024-04-22,Premium,1706.18
8901,Priya Ahmed,priya.ahmed.8901@example.com,United States,2024-03-12,Basic,0.00
8902,Ethan Taylor,ethan.taylor.8902@example.com,United Arab Emirates,2024-11-10,Basic,158.71
8903,Noah Wilson,noah.wilson.8903@example.com,Germany,2024-08-31,Standard,923.16
8904,Priya Taylor,priya.taylor.8904@example.com,France,2024-10-15,Premium,3225.41
8905,Hana Santos,hana.santos.8905@example.com,Canada,2024-06-18,Basic,0.00
8906,Hugo Taylor,hugo.taylor.8906@example.com,United States,2024-11-17,Basic,22.95
8907,Leo Bennett,leo.bennett.8907@example.com,India,2024-06-15,Standard,941.34
8908,Nora Chen,nora.chen.8908@example.com,Germany,2024-07-25,Premium,3011.99
8909,Ethan Kim,ethan.kim.8909@example.com,Japan,2024-05-22,Basic,0.00
8910,Nora Nguyen,nora.nguyen.8910@example.com,Japan,2025-01-21,Basic,158.03
8911,Mia Thompson,mia.thompson.8911@example.com,Japan,2024-11-07,Standard,872.82
8912,Oliver Patel,oliver.patel.8912@example.com,United States,2024-09-14,Premium,5288.26
8913,Amelia Clarke,amelia.clarke.8913@example.com,Germany,2024-09-01,Basic,0.00
8914,Isabella Thompson,isabella.thompson.8914@example.com,Japan,2024-09-22,Basic,159.05
8915,Noah Taylor,noah.taylor.8915@example.com,United Kingdom,2024-04-13,Standard,936.78
8916,Mateo Ahmed,mateo.ahmed.8916@example.com,Singapore,2024-12-07,Premium,4192.74
8917,Nora Chen,nora.chen.8917@example.com,Singapore,2024-07-06,Basic,0.00
8918,Sofia Dubois,sofia.dubois.8918@example.com,Singapore,2024-03-03,Basic,115.78
8919,Mateo Chen,mateo.chen.8919@example.com,Singapore,2024-04-16,Standard,544.85
8920,Chloe Garcia,,India,2024-06-11,Premium,1526.91
8921,Liam Nakamura,liam.nakamura.8921@example.com,United States,2024-02-01,Basic,0.00
8922,Isabella Khan,isabella.khan.8922@example.com,Japan,2024-03-10,Basic,155.59
8923,Zoe Ahmed,zoe.ahmed.8923@example.com,India,2024-02-18,Standard,816.95
8924,Isabella Dubois,isabella.dubois.8924@example.com,India,2024-11-04,Premium,2597.83
8925,Aisha Bennett,aisha.bennett.8925@example.com,Australia,2024-03-10,Basic,0.00
8926,Priya Dubois,priya.dubois.8926@example.com,India,2024-07-06,Basic,115.93
8927,Hugo Rossi,hugo.rossi.8927@example.com,France,2024-12-22,Standard,947.28
8928,Olivia Chen,olivia.chen.8928@example.com,Japan,2024-11-25,Premium,3942.15
8929,Aisha Khan,aisha.khan.8929@example.com,United Kingdom,2024-04-30,Basic,0.00
8930,Mia Chen,mia.chen.8930@example.com,Singapore,2025-01-16,Basic,263.86
8931,Omar Anderson,omar.anderson.8931@example.com,France,2025-01-10,Standard,827.83
8932,Daniel Patel,daniel.patel.8932@example.com,United Kingdom,2024-08-23,Premium,3696.83
8933,Amelia Garcia,amelia.garcia.8933@example.com,United Arab Emirates,2024-12-06,Basic,0.00
8934,Olivia Clarke,olivia.clarke.8934@example.com,Singapore,2025-01-14,Basic,158.71
8935,Mia Nguyen,mia.nguyen.8935@example.com,United States,2024-10-25,Standard,968.41
8936,Nora Bennett,nora.bennett.8936@example.com,United Kingdom,2024-09-29,Premium,3767.31
8937,Amelia Ahmed,amelia.ahmed.8937@example.com,India,2024-10-06,Basic,0.00
8938,Liam Kim,liam.kim.8938@example.com,Canada,2024-02-21,Basic,283.97
8939,Hugo Nakamura,hugo.nakamura.8939@example.com,United Kingdom,2024-02-29,Standard,966.58
8940,Hugo Wilson,hugo.wilson.8940@example.com,United States,2024-06-25,Premium,5783.82
8941,Arjun Anderson,arjun.anderson.8941@example.com,India,2024-11-07,Basic,0.00
8942,Hana Kim,hana.kim.8942@example.com,Japan,2024-12-02,Basic,279.16
8943,Chloe Nakamura,chloe.nakamura.8943@example.com,Canada,2024-12-28,Standard,411.35
8944,Lucas Taylor,lucas.taylor.8944@example.com,United Kingdom,2025-01-08,Premium,2835.18
8945,Noah Santos,noah.santos.8945@example.com,United Kingdom,2024-03-18,Basic,0.00
8946,Noah Rossi,noah.rossi.8946@example.com,United States,2024-02-27,Basic,186.73
8947,Daniel Thompson,daniel.thompson.8947@example.com,United States,2024-03-26,Standard,991.68
8948,Hugo Nguyen,hugo.nguyen.8948@example.com,France,2024-02-15,Premium,2398.68
8949,Samuel Martin,samuel.martin.8949@example.com,United States,2024-08-09,Basic,0.00
8950,Noah Chen,noah.chen.8950@example.com,France,2025-01-06,Basic,113.07
8951,Lucas Rossi,lucas.rossi.8951@example.com,Japan,2024-04-24,Standard,812.98
8952,Daniel Anderson,daniel.anderson.8952@example.com,United Arab Emirates,2024-04-30,Premium,2102.73
8953,Noah Garcia,noah.garcia.8953@example.com,United States,2025-01-11,Basic,0.00
8954,Ethan Clarke,ethan.clarke.8954@example.com,Japan,2024-08-05,Basic,220.68
8955,Mateo Clarke,mateo.clarke.8955@example.com,Japan,2024-06-17,Standard,804.16
8956,Zoe Nakamura,zoe.nakamura.8956@example.com,France,2024-12-24,Premium,2678.13
8957,Arjun Clarke,arjun.clarke.8957@example.com,India,2024-07-14,Basic,0.00
8958,Mateo Nakamura,mateo.nakamura.8958@example.com,Germany,2024-06-10,Basic,217.84
8959,Ethan Kim,ethan.kim.8959@example.com,Canada,2024-08-15,Standard,817.67
8960,Daniel Clarke,daniel.clarke.8960@example.com,Germany,2025-01-08,Premium,2550.67
8961,Zoe Martin,zoe.martin.8961@example.com,United States,2024-06-24,Basic,0.00
8962,Olivia Dubois,olivia.dubois.8962@example.com,Germany,2024-03-29,Basic,284.45
8963,Omar Khan,omar.khan.8963@example.com,Japan,2024-06-29,Standard,991.85
8964,Noah Kim,noah.kim.8964@example.com,United Kingdom,2024-05-07,Premium,10108.93
8965,Arjun Nakamura,arjun.nakamura.8965@example.com,United Arab Emirates,2024-05-28,Basic,0.00
8966,Nora Taylor,nora.taylor.8966@example.com,India,2024-11-20,Basic,171.37
8967,Daniel Clarke,daniel.clarke.8967@example.com,Japan,2024-08-13,Standard,599.20
8968,Oliver Williams,oliver.williams.8968@example.com,India,2024-02-03,Premium,2896.17
8969,Aisha Santos,aisha.santos.8969@example.com,France,2024-10-12,Basic,0.00
8970,Olivia Nakamura,olivia.nakamura.8970@example.com,Germany,2024-12-03,Basic,202.82
8971,Daniel Singh,daniel.singh.8971@example.com,France,2024-10-24,Standard,925.07
8972,Lucas Clarke,lucas.clarke.8972@example.com,India,2024-10-22,Premium,5602.60
8973,Aisha Garcia,aisha.garcia.8973@example.com,Germany,2024-06-19,Basic,0.00
8974,Hana Clarke,hana.clarke.8974@example.com,United States,2024-10-21,Basic,15.72
8975,Noah Khan,noah.khan.8975@example.com,France,2024-10-15,Standard,971.10
8976,Chloe Martin,chloe.martin.8976@example.com,Germany,2024-02-24,Premium,4423.20
8977,Daniel Kim,daniel.kim.8977@example.com,Japan,2024-06-10,Basic,0.00
8978,Mia Santos,mia.santos.8978@example.com,United States,2024-11-16,Basic,115.78
8979,Mateo Rossi,mateo.rossi.8979@example.com,Singapore,2024-09-11,Standard,949.45
8980,Ava Martin,ava.martin.8980@example.com,Germany,2024-08-10,Premium,3784.28
8981,Arjun Santos,arjun.santos.8981@example.com,Canada,2024-09-13,Basic,0.00
8982,Samuel Rossi,samuel.rossi.8982@example.com,United Kingdom,2024-03-21,Basic,144.62
8983,Liam Garcia,liam.garcia.8983@example.com,United States,2025-01-24,Standard,934.29
8984,Aisha Kim,aisha.kim.8984@example.com,United Kingdom,2024-10-31,Premium,4083.21
8985,Mia Taylor,mia.taylor.8985@example.com,India,2024-10-19,Basic,0.00
8986,Mateo Nguyen,mateo.nguyen.8986@example.com,France,2024-12-02,Basic,261.45
8987,Arjun Martin,arjun.martin.8987@example.com,United Kingdom,2024-06-04,Standard,863.16
8988,Omar Rossi,omar.rossi.8988@example.com,India,2024-04-01,Premium,1592.32
8989,Aisha Khan,aisha.khan.8989@example.com,United States,2025-01-03,Basic,0.00
8990,Nora Khan,nora.khan.8990@example.com,Germany,2025-01-20,Basic,60.09
8991,Oliver Bennett,oliver.bennett.8991@example.com,United States,2024-04-20,Standard,974.65
8992,Sofia Taylor,sofia.taylor.8992@example.com,Germany,2024-04-20,Premium,2980.56
8993,Omar Clarke,omar.clarke.8993@example.com,Japan,2025-01-05,Basic,0.00
8994,Sofia Bennett,sofia.bennett.8994@example.com,France,2024-07-19,Basic,287.03
8995,Lucas Nguyen,lucas.nguyen.8995@example.com,Canada,2024-11-21,Standard,873.56
8996,Aisha Thompson,aisha.thompson.8996@example.com,Singapore,2024-03-24,Premium,3610.39
8997,Priya Clarke,priya.clarke.8997@example.com,Canada,2024-03-04,Basic,0.00
8998,Lucas Thompson,lucas.thompson.8998@example.com,Germany,2024-12-08,Basic,11.22
8999,Samuel Nguyen,samuel.nguyen.8999@example.com,Germany,2024-09-16,Standard,983.61
9000,Lucas Dubois,lucas.dubois.9000@example.com,United States,2024-06-30,Premium,4322.64
9001,Ethan Rossi,ethan.rossi.9001@example.com,Australia,2024-09-21,Basic,0.00
9002,Liam Thompson,liam.thompson.9002@example.com,Singapore,2024-06-09,Basic,198.95
9003,Daniel Thompson,daniel.thompson.9003@example.com,Canada,2024-03-13,Standard,956.60
9004,Mia Taylor,mia.taylor.9004@example.com,United Kingdom,2024-09-22,Premium,3405.80
9005,Ethan Thompson,ethan.thompson.9005@example.com,France,2024-11-01,Basic,0.00
9006,Noah Patel,noah.patel.9006@example.com,France,2024-04-14,Basic,222.65
9007,Mateo Martin,mateo.martin.9007@example.com,India,2024-09-16,Standard,746.92
9008,Leo Clarke,leo.clarke.9008@example.com,Singapore,2024-10-23,Premium,2698.37
9009,Zoe Clarke,zoe.clarke.9009@example.com,Japan,2024-11-28,Basic,0.00
9010,Oliver Ahmed,oliver.ahmed.9010@example.com,Japan,2024-09-28,Basic,29.08
9011,Isabella Wilson,isabella.wilson.9011@example.com,Germany,2024-07-18,Standard,950.93
9012,Aisha Patel,aisha.patel.9012@example.com,Japan,2024-06-30,Premium,2095.25
9013,Olivia Anderson,olivia.anderson.9013@example.com,Germany,2024-02-03,Basic,0.00
9014,Liam Clarke,liam.clarke.9014@example.com,Canada,2024-11-24,Basic,207.67
9015,Priya Khan,priya.khan.9015@example.com,India,2024-02-02,Standard,917.10
9016,Priya Santos,priya.santos.9016@example.com,United Arab Emirates,2024-09-10,Premium,4045.76
9017,Ethan Nakamura,ethan.nakamura.9017@example.com,France,2025-01-05,Basic,0.00
9018,Olivia Rossi,olivia.rossi.9018@example.com,Australia,2024-06-08,Basic,114.21
9019,Chloe Anderson,chloe.anderson.9019@example.com,Singapore,2024-12-05,Standard,833.71
9020,Amelia Williams,amelia.williams.9020@example.com,Canada,2024-06-22,Premium,2587.21
9021,Aisha Wilson,aisha.wilson.9021@example.com,Germany,2024-10-03,Basic,0.00
9022,Mateo Anderson,mateo.anderson.9022@example.com,India,2025-01-08,Basic,165.10
9023,Omar Taylor,omar.taylor.9023@example.com,United Kingdom,2024-03-07,Standard,771.80
9024,Omar Taylor,omar.taylor.9024@example.com,Singapore,2024-08-24,Premium,5209.28
9025,Sofia Chen,sofia.chen.9025@example.com,Australia,2024-03-03,Basic,0.00
9026,Nora Bennett,nora.bennett.9026@example.com,India,2024-07-21,Basic,193.43
9027,Mateo Patel,mateo.patel.9027@example.com,Singapore,2024-02-16,Standard,857.97
9028,Isabella Anderson,isabella.anderson.9028@example.com,United Kingdom,2024-08-12,Premium,7364.01
9029,Noah Chen,noah.chen.9029@example.com,Canada,2024-09-18,Basic,0.00
9030,Zoe Wilson,zoe.wilson.9030@example.com,Australia,2024-06-07,Basic,43.81
9031,Noah Khan,noah.khan.9031@example.com,Japan,2025-01-11,Standard,991.07
9032,Ethan Thompson,ethan.thompson.9032@example.com,United Kingdom,2024-11-01,Premium,5607.14
9033,Leo Martin,leo.martin.9033@example.com,Germany,2024-07-02,Basic,0.00
9034,Nora Kim,nora.kim.9034@example.com,India,2024-05-07,Basic,157.67
9035,Olivia Williams,olivia.williams.9035@example.com,Canada,2024-12-17,Standard,866.62
9036,Olivia Khan,olivia.khan.9036@example.com,Singapore,2025-01-23,Premium,3561.07
9037,Amelia Thompson,amelia.thompson.9037@example.com,Singapore,2024-05-06,Basic,0.00
9038,Oliver Thompson,oliver.thompson.9038@example.com,Singapore,2024-02-25,Basic,237.50
9039,Chloe Taylor,chloe.taylor.9039@example.com,United Kingdom,2024-07-13,Standard,765.03
9040,Priya Wilson,priya.wilson.9040@example.com,France,2024-12-15,Premium,3674.85
9041,Aisha Santos,aisha.santos.9041@example.com,Singapore,2024-08-24,Basic,0.00
9042,Chloe Anderson,chloe.anderson.9042@example.com,France,2024-09-09,Basic,290.51
9043,Isabella Wilson,isabella.wilson.9043@example.com,United Kingdom,2024-10-25,Standard,980.94
9044,Amelia Martin,amelia.martin.9044@example.com,Singapore,2025-01-14,Premium,4044.20
9045,Aisha Martin,aisha.martin.9045@example.com,France,2024-04-12,Basic,0.00
9046,Olivia Martin,olivia.martin.9046@example.com,Singapore,2025-01-26,Basic,278.19
9047,Oliver Dubois,oliver.dubois.9047@example.com,India,2024-11-26,Standard,684.29
9048,Noah Santos,noah.santos.9048@example.com,United Arab Emirates,2024-06-19,Premium,3171.77
9049,Chloe Rossi,chloe.rossi.9049@example.com,United Arab Emirates,2024-10-27,Basic,0.00
9050,Lucas Martin,lucas.martin.9050@example.com,Singapore,2024-10-14,Basic,296.00
9051,Ethan Nguyen,ethan.nguyen.9051@example.com,Germany,2024-09-17,Standard,959.42
9052,Noah Santos,noah.santos.9052@example.com,Canada,2024-02-23,Premium,5825.15
9053,Arjun Garcia,arjun.garcia.9053@example.com,Australia,2025-01-11,Basic,0.00
9054,Ethan Clarke,ethan.clarke.9054@example.com,Singapore,2024-11-11,Basic,153.60
9055,Nora Garcia,nora.garcia.9055@example.com,Canada,2024-05-18,Standard,922.41
9056,Samuel Martin,samuel.martin.9056@example.com,United States,2024-05-17,Premium,3750.39
9057,Leo Dubois,leo.dubois.9057@example.com,Singapore,2024-09-11,Basic,0.00
9058,Lucas Chen,lucas.chen.9058@example.com,Japan,2024-10-04,Basic,151.32
9059,Oliver Dubois,oliver.dubois.9059@example.com,Canada,2024-09-06,Standard,956.58
9060,Oliver Santos,oliver.santos.9060@example.com,Canada,2024-09-29,Premium,2544.26
9061,Sofia Ahmed,sofia.ahmed.9061@example.com,Japan,2024-08-12,Basic,0.00
9062,Amelia Anderson,amelia.anderson.9062@example.com,Canada,2024-02-04,Basic,68.60
9063,Aisha Thompson,aisha.thompson.9063@example.com,Japan,2024-11-14,Standard,654.53
9064,Arjun Patel,arjun.patel.9064@example.com,Japan,2024-03-12,Premium,5643.65
9065,Samuel Bennett,samuel.bennett.9065@example.com,India,2024-05-04,Basic,0.00
9066,Daniel Nguyen,daniel.nguyen.9066@example.com,Australia,2024-05-24,Basic,67.19
9067,Mia Kim,mia.kim.9067@example.com,France,2024-10-03,Standard,755.70
9068,Arjun Santos,arjun.santos.9068@example.com,India,2024-04-29,Premium,6573.15
9069,Ava Chen,ava.chen.9069@example.com,Japan,2024-10-13,Basic,0.00
9070,Zoe Singh,zoe.singh.9070@example.com,United States,2024-06-10,Basic,34.53
9071,Isabella Khan,isabella.khan.9071@example.com,France,2024-10-29,Standard,547.73
9072,Omar Rossi,omar.rossi.9072@example.com,Japan,2024-05-22,Premium,2570.69
9073,Noah Chen,noah.chen.9073@example.com,Japan,2024-05-23,Basic,0.00
9074,Samuel Chen,samuel.chen.9074@example.com,Canada,2024-11-08,Basic,44.53
9075,Omar Nakamura,omar.nakamura.9075@example.com,United States,2024-07-09,Standard,648.01
9076,Priya Martin,priya.martin.9076@example.com,Germany,2024-02-22,Premium,2091.68
9077,Samuel Chen,samuel.chen.9077@example.com,France,2024-07-25,Basic,0.00
9078,Isabella Wilson,isabella.wilson.9078@example.com,India,2024-10-24,Basic,151.32
9079,Mateo Anderson,mateo.anderson.9079@example.com,United Arab Emirates,2024-09-18,Standard,969.31
9080,Nora Singh,nora.singh.9080@example.com,Germany,2024-03-25,Premium,5634.50
9081,Liam Taylor,liam.taylor.9081@example.com,Japan,2024-11-12,Basic,0.00
9082,Oliver Garcia,oliver.garcia.9082@example.com,France,2024-11-25,Basic,172.88
9083,Leo Wilson,leo.wilson.9083@example.com,India,2024-12-27,Standard,999.67
9084,Nora Anderson,nora.anderson.9084@example.com,Singapore,2024-08-19,Premium,2917.31
9085,Isabella Dubois,isabella.dubois.9085@example.com,United Arab Emirates,2024-02-06,Basic,0.00
9086,Lucas Patel,lucas.patel.9086@example.com,Singapore,2025-01-09,Basic,182.13
9087,Mia Taylor,mia.taylor.9087@example.com,Japan,2024-05-27,Standard,695.36
9088,Ava Martin,ava.martin.9088@example.com,Canada,2024-12-16,Premium,4171.14
9089,Olivia Martin,olivia.martin.9089@example.com,Germany,2024-11-05,Basic,0.00
9090,Mateo Santos,mateo.santos.9090@example.com,France,2024-10-31,Basic,57.31
9091,Nora Nakamura,nora.nakamura.9091@example.com,United States,2024-02-06,Standard,914.27
9092,Daniel Taylor,daniel.taylor.9092@example.com,Canada,2024-06-02,Premium,4573.12
9093,Daniel Clarke,daniel.clarke.9093@example.com,Germany,2024-07-10,Basic,0.00
9094,Hana Rossi,hana.rossi.9094@example.com,Germany,2024-04-22,Basic,110.25
9095,Leo Patel,leo.patel.9095@example.com,United States,2024-10-07,Standard,850.67
9096,Leo Bennett,leo.bennett.9096@example.com,Singapore,2024-12-01,Premium,4132.64
9097,Isabella Khan,isabella.khan.9097@example.com,United States,2024-03-15,Basic,0.00
9098,Sofia Singh,sofia.singh.9098@example.com,Australia,2024-06-05,Basic,83.13
9099,Hana Ahmed,hana.ahmed.9099@example.com,United States,2025-01-21,Standard,479.82
9100,Liam Anderson,liam.anderson.9100@example.com,Singapore,2024-10-13,Premium,4737.31
9101,Olivia Dubois,olivia.dubois.9101@example.com,Canada,2024-11-05,Basic,0.00
9102,Arjun Anderson,arjun.anderson.9102@example.com,France,2024-09-05,Basic,273.94
9103,Oliver Clarke,oliver.clarke.9103@example.com,United States,2024-07-14,Standard,683.04
9104,Oliver Garcia,oliver.garcia.9104@example.com,United States,2024-11-03,Premium,4454.58
9105,Daniel Bennett,daniel.bennett.9105@example.com,United Kingdom,2024-08-06,Basic,0.00
9106,Ava Khan,ava.khan.9106@example.com,Japan,2024-06-23,Basic,81.53
9107,Ava Santos,ava.santos.9107@example.com,India,2024-09-22,Standard,811.92
9108,Amelia Chen,amelia.chen.9108@example.com,Japan,2024-10-09,Premium,3761.01
9109,Ethan Ahmed,ethan.ahmed.9109@example.com,Japan,2024-03-08,Basic,0.00
9110,Isabella Dubois,isabella.dubois.9110@example.com,France,2024-12-08,Basic,219.97
9111,Leo Clarke,leo.clarke.9111@example.com,France,2024-09-24,Standard,747.42
9112,Priya Rossi,priya.rossi.9112@example.com,Germany,2024-07-30,Premium,2734.06
9113,Hugo Santos,hugo.santos.9113@example.com,United Arab Emirates,2024-07-25,Basic,0.00
9114,Mateo Rossi,mateo.rossi.9114@example.com,France,2024-08-07,Basic,268.64
9115,Amelia Santos,amelia.santos.9115@example.com,France,2024-12-29,Standard,961.96
9116,Arjun Dubois,arjun.dubois.9116@example.com,Canada,2024-11-15,Premium,5749.77
9117,Priya Garcia,priya.garcia.9117@example.com,Japan,2024-03-30,Basic,0.00
9118,Lucas Ahmed,lucas.ahmed.9118@example.com,France,2024-06-26,Basic,227.95
9119,Olivia Nguyen,olivia.nguyen.9119@example.com,Australia,2024-12-16,Standard,658.44
9120,Omar Martin,omar.martin.9120@example.com,France,2024-04-08,Premium,4493.68
9121,Samuel Kim,samuel.kim.9121@example.com,Canada,2024-03-03,Basic,0.00
9122,Nora Ahmed,nora.ahmed.9122@example.com,Singapore,2024-04-24,Basic,245.90
9123,Olivia Dubois,olivia.dubois.9123@example.com,France,2024-03-21,Standard,399.67
9124,Olivia Clarke,olivia.clarke.9124@example.com,Canada,2024-03-19,Premium,3163.29
9125,Lucas Kim,lucas.kim.9125@example.com,Japan,2024-07-01,Basic,0.00
9126,Priya Wilson,priya.wilson.9126@example.com,France,2024-04-17,Basic,178.85
9127,Noah Khan,noah.khan.9127@example.com,United States,2025-01-06,Standard,911.81
9128,Sofia Thompson,sofia.thompson.9128@example.com,India,2024-12-15,Premium,2351.95
9129,Mia Nakamura,mia.nakamura.9129@example.com,Australia,2024-02-14,Basic,0.00
9130,Aisha Nguyen,aisha.nguyen.9130@example.com,Canada,2024-07-03,Basic,290.87
9131,Noah Khan,noah.khan.9131@example.com,France,2025-01-15,Standard,946.15
9132,Arjun Martin,arjun.martin.9132@example.com,United Kingdom,2024-04-27,Premium,6222.25
9133,Samuel Wilson,samuel.wilson.9133@example.com,Germany,2024-02-05,Basic,0.00
9134,Samuel Martin,samuel.martin.9134@example.com,United Arab Emirates,2024-05-13,Basic,144.62
9135,Leo Anderson,leo.anderson.9135@example.com,Germany,2024-12-26,Standard,934.82
9136,Amelia Rossi,amelia.rossi.9136@example.com,Germany,2024-03-18,Premium,4754.71
9137,Ethan Garcia,ethan.garcia.9137@example.com,Singapore,2024-02-20,Basic,0.00
9138,Omar Martin,omar.martin.9138@example.com,France,2024-10-02,Basic,109.76
9139,Hana Santos,hana.santos.9139@example.com,United Arab Emirates,2024-11-17,Standard,989.06
9140,Noah Bennett,noah.bennett.9140@example.com,Germany,2024-10-02,Premium,2622.38
9141,Mateo Patel,mateo.patel.9141@example.com,United Kingdom,2024-04-10,Basic,0.00
9142,Zoe Anderson,zoe.anderson.9142@example.com,Canada,2024-07-16,Basic,186.63
9143,Lucas Taylor,lucas.taylor.9143@example.com,United States,2024-03-16,Standard,781.97
9144,Oliver Clarke,oliver.clarke.9144@example.com,United Kingdom,2024-03-30,Premium,1823.16
9145,Ava Wilson,ava.wilson.9145@example.com,Australia,2024-06-14,Basic,0.00
9146,Aisha Kim,aisha.kim.9146@example.com,Japan,2024-03-07,Basic,184.83
9147,Ava Khan,ava.khan.9147@example.com,United Arab Emirates,2025-01-17,Standard,666.64
9148,Mateo Taylor,mateo.taylor.9148@example.com,Canada,2024-09-24,Premium,3652.89
9149,Leo Nguyen,leo.nguyen.9149@example.com,India,2024-03-16,Basic,0.00
9150,Ethan Thompson,ethan.thompson.9150@example.com,Australia,2024-06-28,Basic,207.67
9151,Sofia Williams,sofia.williams.9151@example.com,United Kingdom,2024-04-18,Standard,847.70
9152,Amelia Martin,amelia.martin.9152@example.com,United Arab Emirates,2024-03-16,Premium,4276.84
9153,Priya Khan,priya.khan.9153@example.com,Singapore,2024-03-14,Basic,0.00
9154,Arjun Singh,arjun.singh.9154@example.com,United Kingdom,2024-06-28,Basic,27.03
9155,Hana Wilson,hana.wilson.9155@example.com,Singapore,2024-02-18,Standard,993.64
9156,Ethan Clarke,ethan.clarke.9156@example.com,Singapore,2024-12-05,Premium,4650.04
9157,Noah Nguyen,noah.nguyen.9157@example.com,Singapore,2024-12-27,Basic,0.00
9158,Aisha Garcia,aisha.garcia.9158@example.com,United Arab Emirates,2024-08-13,Basic,158.58
9159,Daniel Taylor,daniel.taylor.9159@example.com,Germany,2024-08-03,Standard,971.57
9160,Ethan Khan,ethan.khan.9160@example.com,United Kingdom,2024-11-20,Premium,2614.65
9161,Liam Rossi,liam.rossi.9161@example.com,United Arab Emirates,2024-02-19,Basic,0.00
9162,Aisha Chen,aisha.chen.9162@example.com,United Kingdom,2025-01-09,Basic,40.42
9163,Ava Khan,ava.khan.9163@example.com,France,2024-08-19,Standard,494.33
9164,Oliver Khan,oliver.khan.9164@example.com,United Kingdom,2024-09-14,Premium,1439.90
9165,Sofia Anderson,sofia.anderson.9165@example.com,India,2024-12-17,Basic,0.00
9166,Chloe Thompson,chloe.thompson.9166@example.com,United States,2024-07-03,Basic,239.62
9167,Priya Garcia,priya.garcia.9167@example.com,Japan,2024-03-15,Standard,283.15
9168,Amelia Khan,amelia.khan.9168@example.com,Singapore,2024-11-15,Premium,1590.62
9169,Olivia Clarke,olivia.clarke.9169@example.com,United Kingdom,2024-10-17,Basic,0.00
9170,Hugo Wilson,hugo.wilson.9170@example.com,United States,2024-07-14,Basic,267.87
9171,Amelia Williams,amelia.williams.9171@example.com,Australia,2024-05-16,Standard,945.59
9172,Ethan Bennett,ethan.bennett.9172@example.com,Australia,2024-06-19,Premium,10910.26
9173,Mia Rossi,mia.rossi.9173@example.com,France,2024-09-08,Basic,0.00
9174,Amelia Thompson,amelia.thompson.9174@example.com,United Kingdom,2024-06-11,Basic,129.33
9175,Aisha Thompson,aisha.thompson.9175@example.com,India,2024-07-26,Standard,997.16
9176,Noah Thompson,noah.thompson.9176@example.com,Japan,2024-07-27,Premium,3611.80
9177,Priya Chen,priya.chen.9177@example.com,France,2025-01-28,Basic,0.00
9178,Zoe Nakamura,zoe.nakamura.9178@example.com,Canada,2024-05-26,Basic,168.99
9179,Olivia Dubois,olivia.dubois.9179@example.com,Australia,2024-04-01,Standard,967.37
9180,Chloe Bennett,chloe.bennett.9180@example.com,Australia,2025-01-05,Premium,3113.90
9181,Hugo Ahmed,hugo.ahmed.9181@example.com,United Kingdom,2024-03-19,Basic,0.00
9182,Zoe Singh,zoe.singh.9182@example.com,France,2025-01-19,Basic,215.48
9183,Nora Bennett,nora.bennett.9183@example.com,Australia,2024-11-20,Standard,978.45
9184,Mateo Dubois,mateo.dubois.9184@example.com,Australia,2024-03-02,Premium,3965.78
9185,Leo Dubois,leo.dubois.9185@example.com,Japan,2024-02-12,Basic,0.00
9186,Amelia Kim,amelia.kim.9186@example.com,United Arab Emirates,2024-12-08,Basic,253.43
9187,Mia Dubois,mia.dubois.9187@example.com,United Arab Emirates,2024-08-22,Standard,792.02
9188,Chloe Clarke,chloe.clarke.9188@example.com,Australia,2024-04-11,Premium,4335.94
9189,Arjun Khan,arjun.khan.9189@example.com,Japan,2024-03-02,Basic,0.00
9190,Amelia Thompson,amelia.thompson.9190@example.com,United Kingdom,2025-01-14,Basic,278.18
9191,Isabella Ahmed,isabella.ahmed.9191@example.com,United States,2024-02-14,Standard,990.30
9192,Hana Thompson,hana.thompson.9192@example.com,United Kingdom,2024-06-20,Premium,3217.23
9193,Zoe Singh,zoe.singh.9193@example.com,Singapore,2024-09-03,Basic,0.00
9194,Ava Anderson,ava.anderson.9194@example.com,Canada,2024-05-21,Basic,157.85
9195,Lucas Khan,lucas.khan.9195@example.com,United States,2024-08-26,Standard,614.70
9196,Isabella Nguyen,isabella.nguyen.9196@example.com,Japan,2024-06-30,Premium,3855.86
9197,Lucas Nguyen,lucas.nguyen.9197@example.com,Singapore,2024-11-09,Basic,0.00
9198,Ava Clarke,ava.clarke.9198@example.com,Canada,2024-06-04,Basic,71.93
9199,Nora Santos,nora.santos.9199@example.com,United Arab Emirates,2024-02-03,Standard,953.98
9200,Hana Thompson,hana.thompson.9200@example.com,Canada,2024-04-13,Premium,3471.44
9201,Aisha Santos,aisha.santos.9201@example.com,Singapore,2025-01-20,Basic,0.00
9202,Sofia Kim,sofia.kim.9202@example.com,Singapore,2024-07-22,Basic,200.96
9203,Samuel Patel,samuel.patel.9203@example.com,France,2024-07-11,Standard,842.41
9204,Liam Khan,liam.khan.9204@example.com,United Arab Emirates,2024-03-30,Premium,4605.62
9205,Hana Taylor,hana.taylor.9205@example.com,United States,2024-05-20,Basic,0.00
9206,Lucas Ahmed,lucas.ahmed.9206@example.com,Canada,2024-05-31,Basic,288.16
9207,Leo Thompson,leo.thompson.9207@example.com,Singapore,2024-11-14,Standard,978.09
9208,Ava Nguyen,ava.nguyen.9208@example.com,Japan,2024-05-11,Premium,4240.26
9209,Chloe Rossi,chloe.rossi.9209@example.com,Australia,2024-04-15,Basic,0.00
9210,Arjun Nguyen,arjun.nguyen.9210@example.com,United States,2024-02-17,Basic,239.62
9211,Mia Anderson,mia.anderson.9211@example.com,India,2024-06-10,Standard,859.00
9212,Nora Kim,nora.kim.9212@example.com,Singapore,2024-07-09,Premium,1877.07
9213,Leo Taylor,leo.taylor.9213@example.com,Germany,2024-10-22,Basic,0.00
9214,Leo Thompson,leo.thompson.9214@example.com,Germany,2024-03-22,Basic,261.83
9215,Chloe Anderson,chloe.anderson.9215@example.com,Japan,2024-03-17,Standard,773.29
9216,Sofia Singh,sofia.singh.9216@example.com,India,2024-05-27,Premium,1935.45
9217,Liam Nakamura,liam.nakamura.9217@example.com,France,2024-07-26,Basic,0.00
9218,Ethan Rossi,ethan.rossi.9218@example.com,Japan,2024-10-04,Basic,264.54
9219,Chloe Singh,chloe.singh.9219@example.com,United Kingdom,2024-06-13,Standard,711.47
9220,Omar Ahmed,omar.ahmed.9220@example.com,Germany,2024-02-03,Premium,3863.72
9221,Aisha Williams,aisha.williams.9221@example.com,United Kingdom,2024-06-17,Basic,0.00
9222,Mia Garcia,mia.garcia.9222@example.com,France,2024-09-12,Basic,231.20
9223,Ethan Nguyen,ethan.nguyen.9223@example.com,United Kingdom,2025-01-27,Standard,928.60
9224,Lucas Khan,lucas.khan.9224@example.com,India,2024-03-07,Premium,3841.38
9225,Olivia Taylor,olivia.taylor.9225@example.com,Singapore,2024-08-14,Basic,0.00
9226,Liam Williams,liam.williams.9226@example.com,Germany,2024-08-16,Basic,145.38
9227,Amelia Khan,amelia.khan.9227@example.com,India,2024-03-10,Standard,882.42
9228,Olivia Ahmed,olivia.ahmed.9228@example.com,United Arab Emirates,2024-04-26,Premium,3879.52
9229,Chloe Bennett,chloe.bennett.9229@example.com,France,2024-07-24,Basic,0.00
9230,Isabella Patel,isabella.patel.9230@example.com,India,2024-07-29,Basic,270.91
9231,Mia Martin,mia.martin.9231@example.com,India,2024-10-14,Standard,998.02
9232,Arjun Dubois,arjun.dubois.9232@example.com,Singapore,2024-06-10,Premium,4797.15
9233,Arjun Thompson,arjun.thompson.9233@example.com,Japan,2024-03-17,Basic,0.00
9234,Mia Bennett,mia.bennett.9234@example.com,Australia,2024-06-28,Basic,136.26
9235,Daniel Patel,daniel.patel.9235@example.com,France,2024-06-23,Standard,975.84
9236,Isabella Rossi,isabella.rossi.9236@example.com,France,2025-01-11,Premium,3010.88
9237,Leo Taylor,leo.taylor.9237@example.com,United States,2024-02-05,Basic,0.00
9238,Arjun Bennett,arjun.bennett.9238@example.com,United Kingdom,2024-03-19,Basic,70.27
9239,Mateo Taylor,mateo.taylor.9239@example.com,Canada,2024-04-18,Standard,592.89
9240,Hugo Chen,hugo.chen.9240@example.com,Australia,2024-10-25,Premium,4052.40
9241,Chloe Rossi,chloe.rossi.9241@example.com,Japan,2024-06-16,Basic,0.00
9242,Daniel Chen,daniel.chen.9242@example.com,United Kingdom,2024-12-30,Basic,19.44
9243,Samuel Nakamura,samuel.nakamura.9243@example.com,Australia,2024-08-18,Standard,867.98
9244,Aisha Anderson,aisha.anderson.9244@example.com,Singapore,2024-08-07,Premium,6957.46
9245,Daniel Singh,daniel.singh.9245@example.com,United Arab Emirates,2024-07-16,Basic,0.00
9246,Daniel Nakamura,daniel.nakamura.9246@example.com,United States,2024-11-26,Basic,296.00
9247,Ava Patel,ava.patel.9247@example.com,United States,2024-12-06,Standard,780.98
9248,Hana Garcia,hana.garcia.9248@example.com,India,2025-01-15,Premium,2222.46
9249,Omar Singh,omar.singh.9249@example.com,Singapore,2024-03-30,Basic,0.00
9250,Olivia Khan,olivia.khan.9250@example.com,India,2025-01-20,Basic,182.66
9251,Mia Bennett,mia.bennett.9251@example.com,Australia,2024-06-20,Standard,652.50
9252,Aisha Patel,aisha.patel.9252@example.com,Singapore,2024-06-19,Premium,3506.99
9253,Ava Thompson,ava.thompson.9253@example.com,Japan,2024-02-18,Basic,0.00
9254,Amelia Taylor,amelia.taylor.9254@example.com,Canada,2024-10-07,Basic,264.10
9255,Hana Santos,hana.santos.9255@example.com,United Arab Emirates,2024-07-21,Standard,587.42
9256,Priya Williams,priya.williams.9256@example.com,Germany,2024-05-03,Premium,2537.38
9257,Mateo Kim,mateo.kim.9257@example.com,Germany,2024-06-25,Basic,0.00
9258,Mateo Dubois,mateo.dubois.9258@example.com,India,2024-11-21,Basic,106.06
9259,Isabella Wilson,isabella.wilson.9259@example.com,Canada,2024-03-15,Standard,974.31
9260,Samuel Thompson,samuel.thompson.9260@example.com,France,2024-09-10,Premium,3574.76
9261,Sofia Thompson,sofia.thompson.9261@example.com,France,2024-04-27,Basic,0.00
9262,Aisha Bennett,aisha.bennett.9262@example.com,United States,2024-03-29,Basic,227.95
9263,Leo Garcia,leo.garcia.9263@example.com,Japan,2024-05-15,Standard,991.77
9264,Mia Wilson,mia.wilson.9264@example.com,Japan,2024-11-23,Premium,3647.83
9265,Daniel Wilson,daniel.wilson.9265@example.com,France,2024-11-26,Basic,0.00
9266,Ethan Anderson,ethan.anderson.9266@example.com,France,2025-01-11,Basic,217.84
9267,Liam Taylor,liam.taylor.9267@example.com,Australia,2024-11-09,Standard,884.09
9268,Arjun Martin,arjun.martin.9268@example.com,India,2024-06-22,Premium,3041.52
9269,Samuel Ahmed,samuel.ahmed.9269@example.com,United Arab Emirates,2024-10-07,Basic,0.00
9270,Priya Garcia,priya.garcia.9270@example.com,United States,2024-02-28,Basic,296.00
9271,Olivia Nakamura,olivia.nakamura.9271@example.com,United States,2024-09-26,Standard,659.62
9272,Oliver Williams,oliver.williams.9272@example.com,Canada,2025-01-15,Premium,3950.16
9273,Priya Clarke,priya.clarke.9273@example.com,Germany,2024-12-22,Basic,0.00
9274,Zoe Santos,zoe.santos.9274@example.com,Japan,2024-08-26,Basic,41.02
9275,Olivia Anderson,olivia.anderson.9275@example.com,United States,2024-06-18,Standard,763.46
9276,Hana Wilson,hana.wilson.9276@example.com,Singapore,2024-06-24,Premium,3587.95
9277,Olivia Wilson,olivia.wilson.9277@example.com,Canada,2024-12-17,Basic,0.00
9278,Priya Anderson,priya.anderson.9278@example.com,France,2024-07-29,Basic,163.00
9279,Sofia Nguyen,sofia.nguyen.9279@example.com,Australia,2024-12-24,Standard,878.45
9280,Ava Thompson,ava.thompson.9280@example.com,Canada,2025-01-11,Premium,4620.52
9281,Oliver Thompson,oliver.thompson.9281@example.com,France,2024-08-26,Basic,0.00
9282,Daniel Thompson,daniel.thompson.9282@example.com,United Arab Emirates,2024-11-11,Basic,296.00
9283,Liam Khan,liam.khan.9283@example.com,United States,2024-04-11,Standard,678.59
9284,Leo Santos,leo.santos.9284@example.com,India,2024-06-20,Premium,4977.35
9285,Zoe Nakamura,zoe.nakamura.9285@example.com,Japan,2024-03-21,Basic,0.00
9286,Olivia Santos,olivia.santos.9286@example.com,Singapore,2024-11-13,Basic,18.49
9287,Sofia Garcia,sofia.garcia.9287@example.com,Singapore,2024-09-27,Standard,914.46
9288,Noah Ahmed,noah.ahmed.9288@example.com,United Arab Emirates,2024-06-22,Premium,4234.72
9289,Olivia Bennett,olivia.bennett.9289@example.com,Japan,2024-11-22,Basic,0.00
9290,Liam Williams,liam.williams.9290@example.com,India,2024-04-02,Basic,83.16
9291,Olivia Wilson,olivia.wilson.9291@example.com,India,2024-06-11,Standard,587.23
9292,Mia Dubois,mia.dubois.9292@example.com,United Kingdom,2024-03-24,Premium,2729.08
9293,Hana Ahmed,hana.ahmed.9293@example.com,Australia,2024-03-02,Basic,0.00
9294,Hana Nakamura,hana.nakamura.9294@example.com,France,2024-07-05,Basic,29.70
9295,Ethan Wilson,ethan.wilson.9295@example.com,Japan,2024-05-19,Standard,844.57
9296,Samuel Ahmed,samuel.ahmed.9296@example.com,Singapore,2024-12-30,Premium,2554.70
9297,Isabella Martin,isabella.martin.9297@example.com,Australia,2024-10-12,Basic,0.00
9298,Samuel Thompson,samuel.thompson.9298@example.com,Germany,2024-11-13,Basic,50.75
9299,Daniel Thompson,daniel.thompson.9299@example.com,Japan,2024-02-03,Standard,993.03
9300,Noah Thompson,noah.thompson.9300@example.com,Singapore,2024-11-13,Premium,5246.42
9301,Liam Chen,liam.chen.9301@example.com,France,2024-06-04,Basic,0.00
9302,Ethan Santos,ethan.santos.9302@example.com,United Kingdom,2024-04-21,Basic,173.88
9303,Olivia Nguyen,olivia.nguyen.9303@example.com,United States,2024-11-08,Standard,939.31
9304,Ethan Martin,ethan.martin.9304@example.com,India,2024-10-05,Premium,3411.79
9305,Hana Rossi,hana.rossi.9305@example.com,United States,2024-12-11,Basic,0.00
9306,Leo Dubois,leo.dubois.9306@example.com,India,2024-02-10,Basic,257.67
9307,Sofia Nguyen,sofia.nguyen.9307@example.com,India,2024-08-03,Standard,932.69
9308,Samuel Khan,samuel.khan.9308@example.com,Singapore,2024-05-21,Premium,3763.10
9309,Hana Kim,hana.kim.9309@example.com,Japan,2024-03-04,Basic,0.00
9310,Leo Wilson,leo.wilson.9310@example.com,India,2025-01-08,Basic,251.13
9311,Aisha Chen,aisha.chen.9311@example.com,United Kingdom,2024-02-01,Standard,957.21
9312,Amelia Khan,amelia.khan.9312@example.com,Japan,2024-02-05,Premium,2074.46
9313,Samuel Rossi,samuel.rossi.9313@example.com,United States,2024-09-16,Basic,0.00
9314,Noah Anderson,noah.anderson.9314@example.com,Japan,2024-10-24,Basic,232.40
9315,Noah Ahmed,noah.ahmed.9315@example.com,Singapore,2024-09-01,Standard,922.23
9316,Priya Taylor,priya.taylor.9316@example.com,United Arab Emirates,2024-05-26,Premium,3348.05
9317,Ethan Singh,ethan.singh.9317@example.com,Japan,2025-01-27,Basic,0.00
9318,Noah Rossi,noah.rossi.9318@example.com,Singapore,2024-05-31,Basic,68.53
9319,Mia Ahmed,mia.ahmed.9319@example.com,Germany,2024-12-01,Standard,977.38
9320,Sofia Taylor,sofia.taylor.9320@example.com,Japan,2024-07-05,Premium,3290.96
9321,Oliver Nakamura,oliver.nakamura.9321@example.com,India,2025-01-16,Basic,0.00
9322,Ethan Clarke,ethan.clarke.9322@example.com,India,2024-07-27,Basic,19.31
9323,Noah Thompson,noah.thompson.9323@example.com,Germany,2025-01-10,Standard,624.00
9324,Mia Santos,mia.santos.9324@example.com,India,2024-07-12,Premium,1580.25
9325,Nora Chen,nora.chen.9325@example.com,India,2024-09-29,Basic,0.00
9326,Chloe Kim,chloe.kim.9326@example.com,Germany,2024-03-17,Basic,153.77
9327,Mateo Ahmed,mateo.ahmed.9327@example.com,Canada,2024-10-15,Standard,729.28
9328,Liam Nakamura,liam.nakamura.9328@example.com,United Arab Emirates,2024-06-18,Premium,2989.44
9329,Hugo Thompson,hugo.thompson.9329@example.com,United Arab Emirates,2024-07-29,Basic,0.00
9330,Amelia Singh,amelia.singh.9330@example.com,Australia,2024-07-07,Basic,260.86
9331,Isabella Chen,isabella.chen.9331@example.com,Canada,2024-03-03,Standard,670.82
9332,Ethan Taylor,ethan.taylor.9332@example.com,Canada,2024-08-22,Premium,3499.39
9333,Mateo Anderson,mateo.anderson.9333@example.com,United States,2024-05-21,Basic,0.00
9334,Sofia Dubois,sofia.dubois.9334@example.com,Germany,2024-07-26,Basic,216.49
9335,Ethan Kim,ethan.kim.9335@example.com,Japan,2024-05-25,Standard,922.28
9336,Arjun Bennett,arjun.bennett.9336@example.com,United Arab Emirates,2024-02-17,Premium,3784.05
9337,Nora Patel,nora.patel.9337@example.com,United States,2024-08-14,Basic,0.00
9338,Arjun Santos,arjun.santos.9338@example.com,United Kingdom,2024-09-09,Basic,254.10
9339,Aisha Santos,aisha.santos.9339@example.com,Canada,2024-12-28,Standard,878.20
9340,Sofia Patel,sofia.patel.9340@example.com,Japan,2024-08-23,Premium,9589.31
9341,Samuel Thompson,samuel.thompson.9341@example.com,France,2024-04-03,Basic,0.00
9342,Sofia Santos,sofia.santos.9342@example.com,Singapore,2024-05-13,Basic,72.24
9343,Hugo Rossi,hugo.rossi.9343@example.com,United Arab Emirates,2024-02-13,Standard,992.10
9344,Noah Kim,noah.kim.9344@example.com,Australia,2024-08-23,Premium,2610.23
9345,Samuel Taylor,samuel.taylor.9345@example.com,United Arab Emirates,2024-05-17,Basic,0.00
9346,Ava Chen,ava.chen.9346@example.com,Japan,2024-09-10,Basic,129.96
9347,Arjun Khan,arjun.khan.9347@example.com,Germany,2024-04-07,Standard,783.56
9348,Sofia Nguyen,sofia.nguyen.9348@example.com,France,2025-01-22,Premium,2088.63
9349,Chloe Martin,chloe.martin.9349@example.com,Singapore,2024-05-29,Basic,0.00
9350,Nora Chen,nora.chen.9350@example.com,Australia,2024-10-12,Basic,238.11
9351,Daniel Martin,daniel.martin.9351@example.com,Canada,2024-07-22,Standard,999.43
9352,Hana Khan,hana.khan.9352@example.com,United Kingdom,2024-02-19,Premium,1830.20
9353,Arjun Anderson,arjun.anderson.9353@example.com,Japan,2025-01-23,Basic,0.00
9354,Priya Singh,priya.singh.9354@example.com,United States,2024-11-05,Basic,235.65
9355,Priya Rossi,priya.rossi.9355@example.com,Germany,2024-04-13,Standard,848.40
9356,Zoe Khan,zoe.khan.9356@example.com,Germany,2024-02-18,Premium,4503.12
9357,Ava Nakamura,ava.nakamura.9357@example.com,United States,2024-06-16,Basic,0.00
9358,Ava Khan,ava.khan.9358@example.com,Australia,2024-05-11,Basic,263.86
9359,Daniel Williams,daniel.williams.9359@example.com,Singapore,2024-10-21,Standard,903.29
9360,Ava Nguyen,ava.nguyen.9360@example.com,Germany,2024-08-06,Premium,2995.70
9361,Chloe Garcia,chloe.garcia.9361@example.com,Canada,2024-08-03,Basic,0.00
9362,Zoe Thompson,zoe.thompson.9362@example.com,Singapore,2024-12-17,Basic,130.82
9363,Amelia Patel,amelia.patel.9363@example.com,Japan,2024-05-23,Standard,989.96
9364,Nora Williams,nora.williams.9364@example.com,United Arab Emirates,2024-10-26,Premium,4100.99
9365,Priya Kim,priya.kim.9365@example.com,United Kingdom,2024-10-02,Basic,0.00
9366,Leo Rossi,leo.rossi.9366@example.com,India,2024-11-03,Basic,244.37
9367,Amelia Dubois,amelia.dubois.9367@example.com,Germany,2024-08-08,Standard,934.26
9368,Priya Kim,priya.kim.9368@example.com,Germany,2024-07-04,Premium,6703.37
9369,Samuel Chen,samuel.chen.9369@example.com,United Kingdom,2024-08-07,Basic,0.00
9370,Hugo Nguyen,hugo.nguyen.9370@example.com,Australia,2024-09-25,Basic,52.07
9371,Mateo Martin,mateo.martin.9371@example.com,India,2024-06-28,Standard,841.05
9372,Amelia Santos,amelia.santos.9372@example.com,Australia,2024-04-15,Premium,3710.02
9373,Zoe Nakamura,zoe.nakamura.9373@example.com,Australia,2024-12-28,Basic,0.00
9374,Mateo Taylor,mateo.taylor.9374@example.com,Singapore,2024-10-29,Basic,136.22
9375,Omar Clarke,omar.clarke.9375@example.com,Australia,2024-06-14,Standard,888.73
9376,Samuel Chen,samuel.chen.9376@example.com,Singapore,2024-11-11,Premium,2452.38
9377,Ava Rossi,ava.rossi.9377@example.com,United States,2024-05-24,Basic,0.00
9378,Mateo Nakamura,mateo.nakamura.9378@example.com,United Arab Emirates,2024-12-07,Basic,74.50
9379,Nora Ahmed,nora.ahmed.9379@example.com,Australia,2025-01-12,Standard,929.61
9380,Ava Garcia,ava.garcia.9380@example.com,France,2024-02-12,Premium,3525.96
9381,Arjun Martin,arjun.martin.9381@example.com,United Kingdom,2024-12-01,Basic,0.00
9382,Aisha Kim,aisha.kim.9382@example.com,United Arab Emirates,2025-01-11,Basic,5.51
9383,Leo Kim,leo.kim.9383@example.com,France,2024-03-13,Standard,993.94
9384,Daniel Bennett,daniel.bennett.9384@example.com,Canada,2024-07-19,Premium,5010.93
9385,Amelia Dubois,amelia.dubois.9385@example.com,India,2024-09-10,Basic,0.00
9386,Samuel Ahmed,samuel.ahmed.9386@example.com,India,2024-12-23,Basic,284.04
9387,Daniel Singh,daniel.singh.9387@example.com,India,2024-12-27,Standard,945.92
9388,Nora Anderson,nora.anderson.9388@example.com,Germany,2024-10-11,Premium,3898.52
9389,Leo Thompson,leo.thompson.9389@example.com,United Kingdom,2024-07-02,Basic,0.00
9390,Hana Rossi,hana.rossi.9390@example.com,Singapore,2024-09-07,Basic,113.07
9391,Arjun Chen,arjun.chen.9391@example.com,Singapore,2024-11-25,Standard,879.43
9392,Omar Clarke,omar.clarke.9392@example.com,United Kingdom,2024-02-01,Premium,3458.69
9393,Arjun Ahmed,arjun.ahmed.9393@example.com,France,2024-05-05,Basic,0.00
9394,Lucas Chen,lucas.chen.9394@example.com,Japan,2024-08-14,Basic,243.09
9395,Ethan Chen,ethan.chen.9395@example.com,United Kingdom,2024-07-16,Standard,693.82
9396,Omar Rossi,omar.rossi.9396@example.com,India,2024-06-03,Premium,1473.37
9397,Daniel Nakamura,,Germany,2024-05-16,Basic,0.00
9398,Hana Taylor,hana.taylor.9398@example.com,Australia,2024-12-02,Basic,151.32
9399,Mateo Patel,mateo.patel.9399@example.com,United Arab Emirates,2024-07-22,Standard,749.03
9400,Mateo Wilson,mateo.wilson.9400@example.com,United States,2024-05-13,Premium,5819.67
9401,Oliver Rossi,oliver.rossi.9401@example.com,France,2024-07-14,Basic,0.00
9402,Samuel Wilson,samuel.wilson.9402@example.com,India,2024-08-04,Basic,165.83
9403,Leo Kim,leo.kim.9403@example.com,Australia,2024-03-10,Standard,920.61
9404,Hugo Singh,hugo.singh.9404@example.com,Singapore,2024-10-09,Premium,2541.04
9405,Ava Singh,ava.singh.9405@example.com,United States,2024-04-17,Basic,0.00
9406,Samuel Garcia,samuel.garcia.9406@example.com,United States,2025-01-05,Basic,149.88
9407,Sofia Nakamura,sofia.nakamura.9407@example.com,Australia,2024-08-13,Standard,952.84
9408,Daniel Dubois,daniel.dubois.9408@example.com,Australia,2025-01-15,Premium,3948.73
9409,Samuel Martin,samuel.martin.9409@example.com,France,2024-08-18,Basic,0.00
9410,Daniel Nakamura,daniel.nakamura.9410@example.com,Australia,2025-01-26,Basic,200.26
9411,Ethan Martin,ethan.martin.9411@example.com,Australia,2024-06-25,Standard,756.31
9412,Aisha Nakamura,aisha.nakamura.9412@example.com,Germany,2024-11-15,Premium,6644.90
9413,Ava Clarke,ava.clarke.9413@example.com,United Kingdom,2024-09-06,Basic,0.00
9414,Daniel Dubois,daniel.dubois.9414@example.com,United States,2024-03-21,Basic,68.28
9415,Hana Williams,hana.williams.9415@example.com,United States,2024-12-05,Standard,636.42
9416,Amelia Wilson,amelia.wilson.9416@example.com,Singapore,2024-10-23,Premium,4828.64
9417,Leo Dubois,leo.dubois.9417@example.com,United States,2024-09-14,Basic,0.00
9418,Ava Chen,ava.chen.9418@example.com,India,2024-07-08,Basic,116.70
9419,Lucas Nakamura,lucas.nakamura.9419@example.com,Singapore,2024-11-19,Standard,849.33
9420,Zoe Khan,zoe.khan.9420@example.com,Japan,2024-10-21,Premium,5105.43
9421,Omar Clarke,omar.clarke.9421@example.com,France,2024-12-19,Basic,0.00
9422,Mia Garcia,mia.garcia.9422@example.com,Japan,2024-09-08,Basic,151.32
9423,Noah Clarke,noah.clarke.9423@example.com,United States,2024-12-03,Standard,896.17
9424,Ava Thompson,ava.thompson.9424@example.com,United Kingdom,2024-08-31,Premium,2844.42
9425,Lucas Kim,lucas.kim.9425@example.com,Singapore,2024-03-27,Basic,0.00
9426,Amelia Wilson,amelia.wilson.9426@example.com,France,2024-10-09,Basic,175.15
9427,Arjun Patel,arjun.patel.9427@example.com,India,2024-09-10,Standard,567.25
9428,Hana Wilson,hana.wilson.9428@example.com,Germany,2024-10-10,Premium,4146.38
9429,Ava Anderson,ava.anderson.9429@example.com,Singapore,2024-09-13,Basic,0.00
9430,Oliver Singh,oliver.singh.9430@example.com,France,2024-04-07,Basic,281.72
9431,Aisha Rossi,aisha.rossi.9431@example.com,United States,2025-01-03,Standard,938.58
9432,Isabella Dubois,isabella.dubois.9432@example.com,India,2024-07-26,Premium,1569.23
9433,Olivia Nguyen,olivia.nguyen.9433@example.com,Australia,2024-09-14,Basic,0.00
9434,Oliver Wilson,oliver.wilson.9434@example.com,Japan,2024-09-14,Basic,21.64
9435,Olivia Rossi,olivia.rossi.9435@example.com,Singapore,2024-11-03,Standard,994.75
9436,Aisha Anderson,aisha.anderson.9436@example.com,Japan,2024-06-20,Premium,5198.96
9437,Arjun Patel,arjun.patel.9437@example.com,France,2024-02-23,Basic,0.00
9438,Mateo Dubois,mateo.dubois.9438@example.com,Singapore,2024-07-13,Basic,253.43
9439,Mateo Khan,mateo.khan.9439@example.com,Singapore,2024-02-21,Standard,937.34
9440,Chloe Martin,chloe.martin.9440@example.com,France,2024-03-01,Premium,3704.67
9441,Sofia Anderson,sofia.anderson.9441@example.com,United States,2024-10-19,Basic,0.00
9442,Hana Rossi,hana.rossi.9442@example.com,India,2024-06-23,Basic,154.02
9443,Chloe Clarke,chloe.clarke.9443@example.com,Canada,2024-06-15,Standard,974.36
9444,Arjun Wilson,arjun.wilson.9444@example.com,Australia,2024-08-02,Premium,2478.14
9445,Mia Ahmed,mia.ahmed.9445@example.com,India,2024-12-01,Basic,0.00
9446,Isabella Martin,isabella.martin.9446@example.com,United Kingdom,2024-05-06,Basic,109.76
9447,Liam Kim,liam.kim.9447@example.com,India,2024-02-17,Standard,756.14
9448,Arjun Ahmed,arjun.ahmed.9448@example.com,Japan,2024-03-04,Premium,2071.55
9449,Amelia Ahmed,amelia.ahmed.9449@example.com,Singapore,2024-02-24,Basic,0.00
9450,Ava Santos,ava.santos.9450@example.com,Germany,2024-09-02,Basic,234.13
9451,Mateo Wilson,mateo.wilson.9451@example.com,India,2024-09-06,Standard,632.68
9452,Amelia Wilson,amelia.wilson.9452@example.com,United Arab Emirates,2024-03-02,Premium,4402.71
9453,Ava Thompson,ava.thompson.9453@example.com,India,2024-06-12,Basic,0.00
9454,Nora Patel,nora.patel.9454@example.com,Japan,2024-09-08,Basic,251.34
9455,Samuel Rossi,samuel.rossi.9455@example.com,United Kingdom,2025-01-02,Standard,998.19
9456,Samuel Garcia,samuel.garcia.9456@example.com,India,2024-03-13,Premium,1659.62
9457,Ethan Martin,ethan.martin.9457@example.com,United Kingdom,2024-07-23,Basic,0.00
9458,Noah Anderson,noah.anderson.9458@example.com,United Arab Emirates,2025-01-14,Basic,240.14
9459,Chloe Santos,chloe.santos.9459@example.com,France,2024-11-09,Standard,580.64
9460,Leo Ahmed,leo.ahmed.9460@example.com,United Kingdom,2024-12-23,Premium,5685.92
9461,Hana Singh,hana.singh.9461@example.com,United States,2024-07-04,Basic,0.00
9462,Liam Santos,liam.santos.9462@example.com,Singapore,2024-12-05,Basic,153.60
9463,Arjun Khan,arjun.khan.9463@example.com,Australia,2024-08-09,Standard,968.83
9464,Sofia Nguyen,sofia.nguyen.9464@example.com,India,2025-01-04,Premium,2325.27
9465,Chloe Bennett,,United Kingdom,2024-05-25,Basic,0.00
9466,Aisha Santos,aisha.santos.9466@example.com,France,2024-02-01,Basic,144.68
9467,Amelia Martin,amelia.martin.9467@example.com,United Arab Emirates,2024-07-23,Standard,961.40
9468,Hugo Khan,hugo.khan.9468@example.com,Singapore,2024-02-06,Premium,3777.62
9469,Liam Bennett,liam.bennett.9469@example.com,United Kingdom,2024-05-05,Basic,0.00
9470,Lucas Kim,lucas.kim.9470@example.com,Japan,2024-03-20,Basic,283.10
9471,Oliver Garcia,oliver.garcia.9471@example.com,France,2024-11-13,Standard,985.10
9472,Noah Dubois,noah.dubois.9472@example.com,United Kingdom,2024-12-03,Premium,1822.97
9473,Lucas Clarke,lucas.clarke.9473@example.com,United Arab Emirates,2024-11-23,Basic,0.00
9474,Liam Khan,liam.khan.9474@example.com,India,2024-12-17,Basic,186.73
9475,Samuel Kim,samuel.kim.9475@example.com,United States,2024-08-01,Standard,623.12
9476,Isabella Williams,isabella.williams.9476@example.com,United Arab Emirates,2024-03-20,Premium,4467.98
9477,Daniel Rossi,daniel.rossi.9477@example.com,Australia,2024-11-22,Basic,0.00
9478,Leo Nguyen,leo.nguyen.9478@example.com,Japan,2024-03-13,Basic,170.62
9479,Aisha Taylor,aisha.taylor.9479@example.com,Japan,2024-03-11,Standard,989.02
9480,Hugo Bennett,hugo.bennett.9480@example.com,Singapore,2024-02-06,Premium,4222.06
9481,Zoe Wilson,zoe.wilson.9481@example.com,United Arab Emirates,2024-04-16,Basic,0.00
9482,Mateo Khan,mateo.khan.9482@example.com,Canada,2024-11-12,Basic,27.17
9483,Priya Kim,priya.kim.9483@example.com,United States,2024-10-09,Standard,947.85
9484,Priya Williams,priya.williams.9484@example.com,United Arab Emirates,2024-09-04,Premium,3864.35
9485,Olivia Chen,olivia.chen.9485@example.com,United Arab Emirates,2024-05-23,Basic,0.00
9486,Ava Chen,ava.chen.9486@example.com,United Kingdom,2024-05-10,Basic,82.25
9487,Mia Rossi,mia.rossi.9487@example.com,France,2024-04-24,Standard,933.59
9488,Sofia Singh,sofia.singh.9488@example.com,United Arab Emirates,2024-06-15,Premium,3133.36
9489,Noah Singh,noah.singh.9489@example.com,Australia,2024-10-02,Basic,0.00
9490,Daniel Garcia,daniel.garcia.9490@example.com,Japan,2024-10-11,Basic,181.71
9491,Omar Ahmed,omar.ahmed.9491@example.com,Singapore,2024-07-28,Standard,803.87
9492,Chloe Chen,chloe.chen.9492@example.com,Japan,2024-06-10,Premium,4977.37
9493,Oliver Bennett,oliver.bennett.9493@example.com,India,2024-08-23,Basic,0.00
9494,Liam Garcia,liam.garcia.9494@example.com,Canada,2024-08-31,Basic,47.88
9495,Samuel Chen,samuel.chen.9495@example.com,United States,2024-12-29,Standard,941.68
9496,Arjun Singh,arjun.singh.9496@example.com,India,2024-11-30,Premium,3206.88
9497,Omar Garcia,omar.garcia.9497@example.com,India,2024-07-12,Basic,0.00
9498,Hugo Garcia,hugo.garcia.9498@example.com,Canada,2024-03-28,Basic,235.26
9499,Liam Nguyen,liam.nguyen.9499@example.com,India,2024-02-25,Standard,730.70
9500,Zoe Garcia,zoe.garcia.9500@example.com,Singapore,2024-03-13,Premium,3343.15
9501,Liam Chen,liam.chen.9501@example.com,Australia,2025-01-13,Basic,0.00
9502,Mateo Clarke,mateo.clarke.9502@example.com,Australia,2024-05-11,Basic,209.62
9503,Noah Martin,noah.martin.9503@example.com,France,2024-08-01,Standard,947.04
9504,Hana Ahmed,hana.ahmed.9504@example.com,Japan,2024-11-24,Premium,3958.77
9505,Samuel Chen,samuel.chen.9505@example.com,United States,2024-09-07,Basic,0.00
9506,Sofia Anderson,sofia.anderson.9506@example.com,United Kingdom,2024-06-25,Basic,254.85
9507,Daniel Santos,daniel.santos.9507@example.com,United Arab Emirates,2024-09-08,Standard,984.75
9508,Oliver Ahmed,oliver.ahmed.9508@example.com,United Arab Emirates,2024-03-25,Premium,3060.46
9509,Amelia Rossi,amelia.rossi.9509@example.com,India,2024-12-21,Basic,0.00
9510,Liam Rossi,liam.rossi.9510@example.com,India,2024-11-07,Basic,218.29
9511,Noah Wilson,noah.wilson.9511@example.com,France,2024-02-16,Standard,861.04
9512,Omar Martin,omar.martin.9512@example.com,United Kingdom,2024-03-05,Premium,3635.41
9513,Sofia Singh,sofia.singh.9513@example.com,Australia,2024-09-04,Basic,0.00
9514,Amelia Ahmed,amelia.ahmed.9514@example.com,United Kingdom,2024-08-26,Basic,269.47
9515,Mia Williams,mia.williams.9515@example.com,Singapore,2024-02-07,Standard,998.50
9516,Mia Patel,mia.patel.9516@example.com,India,2024-02-22,Premium,4502.00
9517,Oliver Garcia,oliver.garcia.9517@example.com,United Arab Emirates,2024-10-13,Basic,0.00
9518,Liam Patel,liam.patel.9518@example.com,United States,2024-11-09,Basic,71.93
9519,Arjun Patel,arjun.patel.9519@example.com,India,2024-11-15,Standard,664.25
9520,Isabella Patel,isabella.patel.9520@example.com,Germany,2024-11-16,Premium,3409.40
9521,Omar Bennett,omar.bennett.9521@example.com,India,2024-02-06,Basic,0.00
9522,Hana Santos,hana.santos.9522@example.com,Singapore,2024-02-18,Basic,270.91
9523,Leo Chen,leo.chen.9523@example.com,Japan,2024-06-14,Standard,533.06
9524,Isabella Dubois,isabella.dubois.9524@example.com,India,2024-12-01,Premium,7900.18
9525,Oliver Anderson,oliver.anderson.9525@example.com,United Arab Emirates,2024-12-23,Basic,0.00
9526,Oliver Kim,oliver.kim.9526@example.com,United Arab Emirates,2024-12-31,Basic,118.17
9527,Noah Thompson,noah.thompson.9527@example.com,Germany,2024-04-13,Standard,698.71
9528,Mateo Patel,mateo.patel.9528@example.com,United Kingdom,2024-07-06,Premium,2537.46
9529,Sofia Clarke,sofia.clarke.9529@example.com,United States,2024-06-28,Basic,0.00
9530,Mateo Kim,mateo.kim.9530@example.com,Japan,2024-12-30,Basic,274.79
9531,Nora Taylor,nora.taylor.9531@example.com,Canada,2024-07-11,Standard,929.52
9532,Ava Nguyen,ava.nguyen.9532@example.com,Germany,2024-09-20,Premium,1954.25
9533,Chloe Dubois,chloe.dubois.9533@example.com,United Arab Emirates,2024-03-15,Basic,0.00
9534,Mateo Kim,mateo.kim.9534@example.com,Australia,2024-02-23,Basic,78.47
9535,Liam Dubois,liam.dubois.9535@example.com,Germany,2024-10-11,Standard,907.15
9536,Sofia Ahmed,sofia.ahmed.9536@example.com,India,2024-04-04,Premium,2885.70
9537,Hugo Wilson,hugo.wilson.9537@example.com,India,2024-10-23,Basic,0.00
9538,Isabella Rossi,isabella.rossi.9538@example.com,United States,2024-04-09,Basic,168.99
9539,Daniel Dubois,daniel.dubois.9539@example.com,Canada,2024-12-08,Standard,988.63
9540,Nora Dubois,nora.dubois.9540@example.com,United Kingdom,2024-04-02,Premium,2993.41
9541,Chloe Dubois,chloe.dubois.9541@example.com,Canada,2024-11-03,Basic,0.00
9542,Chloe Taylor,chloe.taylor.9542@example.com,United States,2024-05-08,Basic,245.72
9543,Lucas Clarke,lucas.clarke.9543@example.com,Singapore,2024-04-06,Standard,990.48
9544,Mia Dubois,mia.dubois.9544@example.com,Singapore,2024-12-01,Premium,4343.95
9545,Zoe Taylor,zoe.taylor.9545@example.com,Japan,2024-12-30,Basic,0.00
9546,Noah Williams,noah.williams.9546@example.com,India,2024-08-08,Basic,100.63
9547,Chloe Martin,chloe.martin.9547@example.com,Japan,2024-10-09,Standard,628.22
9548,Daniel Wilson,daniel.wilson.9548@example.com,United States,2024-04-21,Premium,1271.37
9549,Olivia Kim,olivia.kim.9549@example.com,Japan,2024-04-08,Basic,0.00
9550,Ava Garcia,ava.garcia.9550@example.com,Canada,2024-07-15,Basic,284.04
9551,Sofia Patel,sofia.patel.9551@example.com,Canada,2024-05-14,Standard,998.65
9552,Isabella Chen,isabella.chen.9552@example.com,France,2024-08-18,Premium,3989.69
9553,Noah Bennett,noah.bennett.9553@example.com,Singapore,2024-07-14,Basic,0.00
9554,Samuel Ahmed,samuel.ahmed.9554@example.com,United Arab Emirates,2024-07-08,Basic,193.06
9555,Mateo Dubois,mateo.dubois.9555@example.com,United Kingdom,2024-09-19,Standard,931.60
9556,Ethan Williams,ethan.williams.9556@example.com,France,2024-02-29,Premium,3155.39
9557,Isabella Chen,isabella.chen.9557@example.com,United States,2024-12-17,Basic,0.00
9558,Omar Anderson,omar.anderson.9558@example.com,France,2024-05-12,Basic,106.67
9559,Olivia Khan,olivia.khan.9559@example.com,United Kingdom,2024-10-21,Standard,703.02
9560,Mia Kim,mia.kim.9560@example.com,India,2024-02-09,Premium,1800.32
9561,Isabella Clarke,isabella.clarke.9561@example.com,United Arab Emirates,2024-05-28,Basic,0.00
9562,Lucas Chen,lucas.chen.9562@example.com,Australia,2024-04-17,Basic,100.63
9563,Sofia Williams,sofia.williams.9563@example.com,United States,2024-12-06,Standard,676.96
9564,Olivia Chen,olivia.chen.9564@example.com,United Arab Emirates,2024-06-18,Premium,2392.29
9565,Mia Anderson,mia.anderson.9565@example.com,United Kingdom,2024-06-21,Basic,0.00
9566,Priya Garcia,priya.garcia.9566@example.com,Germany,2024-02-16,Basic,50.50
9567,Oliver Thompson,oliver.thompson.9567@example.com,Singapore,2024-05-24,Standard,783.98
9568,Mia Khan,mia.khan.9568@example.com,Japan,2024-10-04,Premium,2319.44
9569,Hana Nguyen,hana.nguyen.9569@example.com,Canada,2025-01-18,Basic,0.00
9570,Lucas Singh,lucas.singh.9570@example.com,Canada,2024-03-21,Basic,213.30
9571,Liam Taylor,liam.taylor.9571@example.com,Singapore,2024-04-16,Standard,579.51
9572,Arjun Garcia,arjun.garcia.9572@example.com,Australia,2024-10-09,Premium,2824.60
9573,Mateo Rossi,mateo.rossi.9573@example.com,Singapore,2024-03-13,Basic,0.00
9574,Aisha Williams,aisha.williams.9574@example.com,United States,2024-02-22,Basic,99.40
9575,Daniel Rossi,daniel.rossi.9575@example.com,India,2024-04-18,Standard,939.56
9576,Lucas Martin,lucas.martin.9576@example.com,India,2024-07-26,Premium,4199.53
9577,Nora Ahmed,nora.ahmed.9577@example.com,United Arab Emirates,2024-09-10,Basic,0.00
9578,Ava Santos,ava.santos.9578@example.com,France,2024-10-16,Basic,270.79
9579,Hugo Nakamura,hugo.nakamura.9579@example.com,Germany,2024-07-27,Standard,867.29
9580,Sofia Taylor,sofia.taylor.9580@example.com,Australia,2025-01-25,Premium,1981.81
9581,Lucas Ahmed,lucas.ahmed.9581@example.com,Singapore,2024-10-30,Basic,0.00
9582,Sofia Khan,sofia.khan.9582@example.com,Japan,2024-12-17,Basic,163.00
9583,Sofia Santos,sofia.santos.9583@example.com,Germany,2024-07-01,Standard,274.75
9584,Samuel Martin,samuel.martin.9584@example.com,Canada,2024-12-24,Premium,4013.51
9585,Isabella Khan,isabella.khan.9585@example.com,France,2024-03-31,Basic,0.00
9586,Olivia Nakamura,olivia.nakamura.9586@example.com,Singapore,2025-01-13,Basic,136.21
9587,Oliver Martin,oliver.martin.9587@example.com,Singapore,2024-02-13,Standard,994.29
9588,Isabella Singh,isabella.singh.9588@example.com,Australia,2024-06-08,Premium,3645.58
9589,Isabella Kim,isabella.kim.9589@example.com,Australia,2024-11-10,Basic,0.00
9590,Samuel Ahmed,samuel.ahmed.9590@example.com,Canada,2024-10-19,Basic,129.96
9591,Hugo Martin,hugo.martin.9591@example.com,United States,2024-06-14,Standard,788.61
9592,Nora Dubois,nora.dubois.9592@example.com,Japan,2024-09-10,Premium,2814.19
9593,Chloe Dubois,chloe.dubois.9593@example.com,United States,2024-10-30,Basic,0.00
9594,Sofia Nguyen,sofia.nguyen.9594@example.com,Singapore,2024-10-11,Basic,269.47
9595,Lucas Santos,lucas.santos.9595@example.com,Singapore,2024-09-16,Standard,888.91
9596,Olivia Chen,olivia.chen.9596@example.com,United States,2024-12-17,Premium,5152.18
9597,Hugo Santos,hugo.santos.9597@example.com,Australia,2024-03-08,Basic,0.00
9598,Daniel Khan,daniel.khan.9598@example.com,India,2024-11-11,Basic,144.62
9599,Omar Clarke,omar.clarke.9599@example.com,Australia,2024-03-24,Standard,959.08
9600,Omar Chen,omar.chen.9600@example.com,India,2024-04-06,Premium,5137.47
9601,Liam Singh,liam.singh.9601@example.com,Japan,2024-07-01,Basic,0.00
9602,Priya Garcia,priya.garcia.9602@example.com,Germany,2024-06-14,Basic,75.55
9603,Arjun Bennett,arjun.bennett.9603@example.com,United Kingdom,2024-02-08,Standard,988.48
9604,Chloe Garcia,chloe.garcia.9604@example.com,Germany,2024-06-26,Premium,2442.07
9605,Omar Chen,omar.chen.9605@example.com,United Arab Emirates,2024-12-02,Basic,0.00
9606,Chloe Wilson,chloe.wilson.9606@example.com,France,2025-01-28,Basic,245.72
9607,Nora Wilson,nora.wilson.9607@example.com,Germany,2024-05-15,Standard,814.88
9608,Ava Garcia,ava.garcia.9608@example.com,United Arab Emirates,2024-12-10,Premium,3426.83
9609,Hugo Williams,hugo.williams.9609@example.com,United Kingdom,2025-01-15,Basic,0.00
9610,Omar Anderson,omar.anderson.9610@example.com,Australia,2024-06-04,Basic,290.25
9611,Mia Rossi,mia.rossi.9611@example.com,Japan,2024-04-25,Standard,765.21
9612,Mateo Taylor,mateo.taylor.9612@example.com,United Arab Emirates,2024-09-27,Premium,5772.22
9613,Amelia Garcia,amelia.garcia.9613@example.com,United States,2024-02-24,Basic,0.00
9614,Samuel Khan,samuel.khan.9614@example.com,Germany,2024-05-26,Basic,40.42
9615,Lucas Wilson,lucas.wilson.9615@example.com,United Arab Emirates,2024-12-04,Standard,975.79
9616,Hugo Kim,hugo.kim.9616@example.com,Singapore,2025-01-24,Premium,5920.82
9617,Omar Nguyen,omar.nguyen.9617@example.com,India,2024-12-17,Basic,0.00
9618,Olivia Ahmed,olivia.ahmed.9618@example.com,Singapore,2024-10-17,Basic,73.65
9619,Olivia Thompson,olivia.thompson.9619@example.com,Singapore,2024-08-25,Standard,959.57
9620,Noah Chen,noah.chen.9620@example.com,United Kingdom,2024-08-06,Premium,2658.12
9621,Hana Rossi,hana.rossi.9621@example.com,Canada,2024-10-13,Basic,0.00
9622,Mateo Patel,mateo.patel.9622@example.com,Australia,2024-09-21,Basic,281.18
9623,Leo Anderson,leo.anderson.9623@example.com,Singapore,2024-04-06,Standard,474.60
9624,Hugo Wilson,hugo.wilson.9624@example.com,United Arab Emirates,2024-02-24,Premium,4336.23
9625,Ava Khan,ava.khan.9625@example.com,United Kingdom,2024-04-23,Basic,0.00
9626,Ethan Martin,ethan.martin.9626@example.com,Australia,2024-12-05,Basic,86.65
9627,Isabella Patel,isabella.patel.9627@example.com,Singapore,2024-02-21,Standard,864.78
9628,Nora Bennett,nora.bennett.9628@example.com,Germany,2024-09-18,Premium,4603.12
9629,Ava Williams,ava.williams.9629@example.com,Germany,2024-10-26,Basic,0.00
9630,Ava Dubois,ava.dubois.9630@example.com,Singapore,2024-09-25,Basic,101.87
9631,Lucas Nakamura,lucas.nakamura.9631@example.com,Japan,2024-10-12,Standard,395.05
9632,Mia Bennett,mia.bennett.9632@example.com,Japan,2024-02-10,Premium,3861.45
9633,Arjun Dubois,arjun.dubois.9633@example.com,India,2024-08-29,Basic,0.00
9634,Omar Dubois,omar.dubois.9634@example.com,United States,2024-02-02,Basic,27.03
9635,Daniel Nakamura,daniel.nakamura.9635@example.com,India,2024-04-12,Standard,996.69
9636,Ethan Nguyen,ethan.nguyen.9636@example.com,Canada,2024-04-02,Premium,3221.09
9637,Ethan Nguyen,ethan.nguyen.9637@example.com,Canada,2024-04-02,Basic,0.00
9638,Hana Khan,hana.khan.9638@example.com,Singapore,2024-08-31,Basic,19.31
9639,Oliver Martin,oliver.martin.9639@example.com,Japan,2024-11-11,Standard,950.90
9640,Mia Nakamura,mia.nakamura.9640@example.com,Canada,2024-09-06,Premium,4699.61
9641,Mia Khan,mia.khan.9641@example.com,United Arab Emirates,2024-05-16,Basic,0.00
9642,Ava Bennett,ava.bennett.9642@example.com,Germany,2024-08-03,Basic,81.53
9643,Zoe Rossi,zoe.rossi.9643@example.com,India,2024-11-18,Standard,772.51
9644,Ethan Singh,ethan.singh.9644@example.com,India,2024-08-24,Premium,5331.66
9645,Daniel Dubois,daniel.dubois.9645@example.com,United States,2024-06-19,Basic,0.00
9646,Oliver Kim,oliver.kim.9646@example.com,Australia,2024-03-20,Basic,291.99
9647,Ethan Khan,ethan.khan.9647@example.com,Germany,2024-12-31,Standard,869.65
9648,Mia Khan,mia.khan.9648@example.com,France,2024-10-24,Premium,3178.52
9649,Samuel Patel,samuel.patel.9649@example.com,United Arab Emirates,2024-11-14,Basic,0.00
9650,Olivia Williams,olivia.williams.9650@example.com,Singapore,2025-01-02,Basic,34.61
9651,Lucas Taylor,lucas.taylor.9651@example.com,France,2024-03-22,Standard,939.25
9652,Sofia Patel,sofia.patel.9652@example.com,Canada,2024-04-01,Premium,2234.55
9653,Amelia Dubois,amelia.dubois.9653@example.com,Australia,2024-09-27,Basic,0.00
9654,Oliver Garcia,oliver.garcia.9654@example.com,Japan,2025-01-28,Basic,163.00
9655,Amelia Wilson,amelia.wilson.9655@example.com,Singapore,2025-01-29,Standard,890.34
9656,Samuel Anderson,samuel.anderson.9656@example.com,India,2024-06-09,Premium,3175.83
9657,Zoe Ahmed,zoe.ahmed.9657@example.com,United Kingdom,2024-03-14,Basic,0.00
9658,Priya Taylor,priya.taylor.9658@example.com,France,2024-11-23,Basic,202.82
9659,Omar Kim,omar.kim.9659@example.com,Singapore,2024-12-17,Standard,989.71
9660,Priya Kim,priya.kim.9660@example.com,United Arab Emirates,2024-06-12,Premium,3230.95
9661,Ethan Garcia,ethan.garcia.9661@example.com,United Arab Emirates,2024-06-06,Basic,0.00
9662,Hugo Rossi,hugo.rossi.9662@example.com,Australia,2024-03-25,Basic,96.25
9663,Ava Taylor,ava.taylor.9663@example.com,Australia,2025-01-18,Standard,877.52
9664,Chloe Santos,chloe.santos.9664@example.com,United Arab Emirates,2024-10-12,Premium,2450.04
9665,Ethan Thompson,ethan.thompson.9665@example.com,India,2024-09-24,Basic,0.00
9666,Leo Ahmed,leo.ahmed.9666@example.com,Japan,2024-10-01,Basic,290.51
9667,Hugo Kim,hugo.kim.9667@example.com,United Arab Emirates,2024-05-18,Standard,958.84
9668,Omar Nguyen,omar.nguyen.9668@example.com,India,2024-03-08,Premium,5882.71
9669,Ava Wilson,ava.wilson.9669@example.com,United Kingdom,2024-10-06,Basic,0.00
9670,Mia Clarke,mia.clarke.9670@example.com,United Kingdom,2024-11-26,Basic,216.79
9671,Omar Anderson,omar.anderson.9671@example.com,Singapore,2024-02-13,Standard,879.25
9672,Oliver Nguyen,oliver.nguyen.9672@example.com,Germany,2024-05-02,Premium,3899.77
9673,Leo Thompson,leo.thompson.9673@example.com,Canada,2024-05-09,Basic,0.00
9674,Ava Clarke,ava.clarke.9674@example.com,United Arab Emirates,2024-02-07,Basic,51.12
9675,Daniel Thompson,daniel.thompson.9675@example.com,India,2024-03-30,Standard,870.08
9676,Omar Bennett,omar.bennett.9676@example.com,United States,2024-03-20,Premium,2419.32
9677,Olivia Garcia,olivia.garcia.9677@example.com,Australia,2024-12-09,Basic,0.00
9678,Liam Santos,liam.santos.9678@example.com,Germany,2024-10-27,Basic,110.25
9679,Amelia Wilson,amelia.wilson.9679@example.com,Germany,2024-05-04,Standard,973.58
9680,Samuel Khan,samuel.khan.9680@example.com,India,2024-06-08,Premium,3695.86
9681,Hugo Clarke,hugo.clarke.9681@example.com,Canada,2024-03-10,Basic,0.00
9682,Mia Rossi,mia.rossi.9682@example.com,United Arab Emirates,2024-02-07,Basic,258.12
9683,Olivia Bennett,olivia.bennett.9683@example.com,Singapore,2024-08-20,Standard,445.96
9684,Liam Dubois,liam.dubois.9684@example.com,Germany,2024-09-23,Premium,3027.91
9685,Priya Clarke,priya.clarke.9685@example.com,United States,2024-07-09,Basic,0.00
9686,Zoe Clarke,zoe.clarke.9686@example.com,United Arab Emirates,2024-03-17,Basic,15.72
9687,Isabella Thompson,isabella.thompson.9687@example.com,Australia,2024-10-29,Standard,973.05
9688,Daniel Bennett,daniel.bennett.9688@example.com,India,2024-09-20,Premium,2166.87
9689,Mateo Rossi,mateo.rossi.9689@example.com,India,2024-09-24,Basic,0.00
9690,Daniel Anderson,daniel.anderson.9690@example.com,India,2024-09-19,Basic,89.20
9691,Ethan Singh,ethan.singh.9691@example.com,United Arab Emirates,2025-01-11,Standard,795.92
9692,Chloe Williams,chloe.williams.9692@example.com,United States,2024-05-03,Premium,4047.34
9693,Ava Nakamura,ava.nakamura.9693@example.com,Canada,2024-09-09,Basic,0.00
9694,Lucas Anderson,lucas.anderson.9694@example.com,Canada,2024-03-01,Basic,243.62
9695,Omar Ahmed,omar.ahmed.9695@example.com,India,2024-11-17,Standard,949.76
9696,Hana Nakamura,hana.nakamura.9696@example.com,Canada,2024-06-16,Premium,2623.02
9697,Omar Clarke,omar.clarke.9697@example.com,Japan,2024-03-25,Basic,0.00
9698,Daniel Kim,daniel.kim.9698@example.com,France,2025-01-15,Basic,151.32
9699,Nora Clarke,nora.clarke.9699@example.com,Australia,2024-04-21,Standard,728.08
9700,Hugo Nakamura,hugo.nakamura.9700@example.com,United States,2024-04-01,Premium,2965.16
9701,Liam Santos,liam.santos.9701@example.com,Germany,2025-01-13,Basic,0.00
9702,Mateo Williams,mateo.williams.9702@example.com,Japan,2025-01-12,Basic,292.19
9703,Hugo Khan,hugo.khan.9703@example.com,Canada,2024-08-30,Standard,792.63
9704,Amelia Rossi,amelia.rossi.9704@example.com,India,2024-10-18,Premium,4336.77
9705,Isabella Taylor,isabella.taylor.9705@example.com,Singapore,2024-11-09,Basic,0.00
9706,Priya Nguyen,priya.nguyen.9706@example.com,Singapore,2024-09-03,Basic,246.15
9707,Olivia Singh,olivia.singh.9707@example.com,Singapore,2024-07-25,Standard,689.22
9708,Daniel Clarke,daniel.clarke.9708@example.com,Japan,2024-05-13,Premium,4251.82
9709,Omar Ahmed,omar.ahmed.9709@example.com,India,2024-10-03,Basic,0.00
9710,Hana Wilson,hana.wilson.9710@example.com,Australia,2025-01-22,Basic,106.40
9711,Ava Taylor,ava.taylor.9711@example.com,Germany,2024-06-19,Standard,840.70
9712,Hugo Singh,hugo.singh.9712@example.com,Canada,2024-08-14,Premium,2504.59
9713,Ava Chen,ava.chen.9713@example.com,Japan,2024-08-21,Basic,0.00
9714,Hugo Taylor,hugo.taylor.9714@example.com,France,2024-12-01,Basic,134.29
9715,Chloe Patel,chloe.patel.9715@example.com,France,2024-10-23,Standard,989.55
9716,Nora Dubois,nora.dubois.9716@example.com,India,2024-12-13,Premium,2603.38
9717,Mia Rossi,mia.rossi.9717@example.com,Germany,2024-09-14,Basic,0.00
9718,Samuel Garcia,samuel.garcia.9718@example.com,France,2024-07-31,Basic,274.16
9719,Zoe Anderson,zoe.anderson.9719@example.com,Germany,2024-09-14,Standard,776.67
9720,Mia Santos,mia.santos.9720@example.com,United States,2024-12-23,Premium,3261.49
9721,Sofia Patel,sofia.patel.9721@example.com,United States,2024-08-05,Basic,0.00
9722,Arjun Nakamura,arjun.nakamura.9722@example.com,Japan,2024-04-27,Basic,193.10
9723,Mateo Bennett,mateo.bennett.9723@example.com,Singapore,2024-06-19,Standard,854.49
9724,Daniel Ahmed,daniel.ahmed.9724@example.com,United Arab Emirates,2024-08-22,Premium,3257.17
9725,Isabella Anderson,isabella.anderson.9725@example.com,United Arab Emirates,2024-06-12,Basic,0.00
9726,Isabella Bennett,isabella.bennett.9726@example.com,Australia,2024-09-13,Basic,29.59
9727,Omar Patel,omar.patel.9727@example.com,Singapore,2024-02-17,Standard,817.81
9728,Hugo Ahmed,hugo.ahmed.9728@example.com,United States,2024-08-10,Premium,1974.16
9729,Arjun Nguyen,arjun.nguyen.9729@example.com,Australia,2024-05-12,Basic,0.00
9730,Samuel Nguyen,samuel.nguyen.9730@example.com,France,2024-08-25,Basic,51.16
9731,Hana Khan,hana.khan.9731@example.com,Canada,2024-12-07,Standard,914.52
9732,Liam Anderson,liam.anderson.9732@example.com,India,2024-12-04,Premium,2994.56
9733,Chloe Wilson,chloe.wilson.9733@example.com,Singapore,2024-02-22,Basic,0.00
9734,Priya Patel,priya.patel.9734@example.com,United States,2024-10-01,Basic,207.67
9735,Arjun Nakamura,arjun.nakamura.9735@example.com,Australia,2024-02-29,Standard,849.34
9736,Mia Garcia,mia.garcia.9736@example.com,France,2024-02-01,Premium,2162.10
9737,Samuel Dubois,samuel.dubois.9737@example.com,Australia,2024-05-01,Basic,0.00
9738,Priya Patel,priya.patel.9738@example.com,United States,2024-07-10,Basic,67.86
9739,Liam Singh,liam.singh.9739@example.com,Canada,2024-08-27,Standard,575.36
9740,Omar Ahmed,omar.ahmed.9740@example.com,Australia,2024-10-30,Premium,3224.71
9741,Nora Rossi,nora.rossi.9741@example.com,India,2024-05-16,Basic,0.00
9742,Ava Wilson,ava.wilson.9742@example.com,India,2024-09-27,Basic,213.30
9743,Mia Taylor,mia.taylor.9743@example.com,Germany,2025-01-20,Standard,922.22
9744,Chloe Taylor,chloe.taylor.9744@example.com,United States,2024-06-06,Premium,2320.60
9745,Ava Chen,ava.chen.9745@example.com,Japan,2024-05-11,Basic,0.00
9746,Hana Clarke,hana.clarke.9746@example.com,Japan,2024-06-15,Basic,153.68
9747,Liam Santos,liam.santos.9747@example.com,United Arab Emirates,2024-04-16,Standard,932.56
9748,Noah Rossi,noah.rossi.9748@example.com,Germany,2024-03-07,Premium,4732.10
9749,Noah Garcia,noah.garcia.9749@example.com,United States,2024-05-02,Basic,0.00
9750,Zoe Thompson,zoe.thompson.9750@example.com,India,2024-02-23,Basic,84.90
9751,Hugo Nguyen,hugo.nguyen.9751@example.com,United Kingdom,2025-01-15,Standard,808.98
9752,Mateo Santos,mateo.santos.9752@example.com,United Kingdom,2024-08-19,Premium,3672.84
9753,Lucas Ahmed,lucas.ahmed.9753@example.com,Germany,2024-11-30,Basic,0.00
9754,Nora Thompson,nora.thompson.9754@example.com,United Arab Emirates,2024-12-21,Basic,104.04
9755,Hugo Khan,hugo.khan.9755@example.com,Singapore,2024-05-11,Standard,808.69
9756,Arjun Bennett,arjun.bennett.9756@example.com,India,2024-03-16,Premium,2149.90
9757,Mia Patel,mia.patel.9757@example.com,Australia,2024-07-14,Basic,0.00
9758,Nora Kim,nora.kim.9758@example.com,Germany,2025-01-27,Basic,264.23
9759,Hugo Ahmed,hugo.ahmed.9759@example.com,United Arab Emirates,2024-05-18,Standard,673.49
9760,Isabella Bennett,isabella.bennett.9760@example.com,France,2025-01-08,Premium,1661.15
9761,Zoe Martin,zoe.martin.9761@example.com,India,2024-02-17,Basic,0.00
9762,Ethan Nakamura,ethan.nakamura.9762@example.com,United States,2024-08-25,Basic,97.81
9763,Aisha Thompson,aisha.thompson.9763@example.com,France,2024-09-09,Standard,903.70
9764,Hugo Singh,hugo.singh.9764@example.com,Japan,2024-03-15,Premium,4176.93
9765,Zoe Nguyen,zoe.nguyen.9765@example.com,United Kingdom,2024-04-22,Basic,0.00
9766,Mateo Martin,mateo.martin.9766@example.com,Australia,2024-08-23,Basic,26.04
9767,Liam Khan,liam.khan.9767@example.com,United Arab Emirates,2024-03-28,Standard,943.60
9768,Sofia Khan,sofia.khan.9768@example.com,Japan,2024-09-24,Premium,4303.60
9769,Mia Kim,mia.kim.9769@example.com,United Arab Emirates,2024-12-27,Basic,0.00
9770,Hana Ahmed,hana.ahmed.9770@example.com,Germany,2025-01-10,Basic,81.92
9771,Liam Khan,liam.khan.9771@example.com,Australia,2024-10-13,Standard,906.92
9772,Leo Ahmed,leo.ahmed.9772@example.com,Japan,2024-02-05,Premium,3184.24
9773,Isabella Ahmed,isabella.ahmed.9773@example.com,United States,2024-10-08,Basic,0.00
9774,Hana Garcia,hana.garcia.9774@example.com,United States,2024-12-18,Basic,67.32
9775,Chloe Kim,chloe.kim.9775@example.com,United Kingdom,2024-02-16,Standard,942.69
9776,Leo Patel,leo.patel.9776@example.com,United States,2024-10-11,Premium,4103.02
9777,Noah Nakamura,noah.nakamura.9777@example.com,Singapore,2024-05-15,Basic,0.00
9778,Oliver Wilson,oliver.wilson.9778@example.com,Japan,2024-10-29,Basic,255.47
9779,Samuel Patel,samuel.patel.9779@example.com,Singapore,2024-05-11,Standard,973.97
9780,Amelia Anderson,amelia.anderson.9780@example.com,Germany,2024-10-22,Premium,3521.30
9781,Omar Nakamura,omar.nakamura.9781@example.com,Australia,2024-09-09,Basic,0.00
9782,Isabella Wilson,isabella.wilson.9782@example.com,United States,2024-06-29,Basic,69.98
9783,Mia Clarke,mia.clarke.9783@example.com,Canada,2024-10-03,Standard,812.83
9784,Ethan Ahmed,ethan.ahmed.9784@example.com,United States,2024-12-11,Premium,2387.46
9785,Amelia Khan,amelia.khan.9785@example.com,United Kingdom,2024-09-19,Basic,0.00
9786,Oliver Ahmed,oliver.ahmed.9786@example.com,Australia,2025-01-05,Basic,97.69
9787,Chloe Patel,chloe.patel.9787@example.com,Australia,2024-03-14,Standard,893.90
9788,Leo Thompson,leo.thompson.9788@example.com,Singapore,2024-07-16,Premium,1156.48
9789,Samuel Clarke,samuel.clarke.9789@example.com,Singapore,2024-06-16,Basic,0.00
9790,Mia Patel,mia.patel.9790@example.com,United States,2024-11-09,Basic,11.22
9791,Oliver Rossi,oliver.rossi.9791@example.com,France,2024-11-27,Standard,875.92
9792,Ava Bennett,ava.bennett.9792@example.com,Australia,2024-05-06,Premium,1956.55
9793,Zoe Singh,zoe.singh.9793@example.com,Japan,2024-12-17,Basic,0.00
9794,Omar Taylor,omar.taylor.9794@example.com,United States,2024-07-25,Basic,243.38
9795,Sofia Taylor,sofia.taylor.9795@example.com,United Arab Emirates,2024-12-16,Standard,376.82
9796,Noah Williams,noah.williams.9796@example.com,France,2024-04-22,Premium,3733.77
9797,Ava Singh,ava.singh.9797@example.com,Canada,2024-12-07,Basic,0.00
9798,Mateo Clarke,mateo.clarke.9798@example.com,India,2024-08-14,Basic,251.04
9799,Ava Anderson,ava.anderson.9799@example.com,United States,2024-12-04,Standard,440.71
9800,Ethan Anderson,ethan.anderson.9800@example.com,France,2024-08-23,Premium,3823.51
9801,Omar Patel,omar.patel.9801@example.com,United States,2024-06-05,Basic,0.00
9802,Amelia Nakamura,amelia.nakamura.9802@example.com,United Arab Emirates,2024-12-26,Basic,249.88
9803,Hana Williams,hana.williams.9803@example.com,France,2024-06-20,Standard,999.58
9804,Noah Martin,noah.martin.9804@example.com,Japan,2024-05-17,Premium,3817.35
9805,Ethan Bennett,ethan.bennett.9805@example.com,United Kingdom,2024-04-15,Basic,0.00
9806,Zoe Clarke,zoe.clarke.9806@example.com,France,2024-05-21,Basic,5.51
9807,Olivia Nguyen,olivia.nguyen.9807@example.com,France,2024-02-03,Standard,828.53
9808,Amelia Wilson,amelia.wilson.9808@example.com,Canada,2024-05-13,Premium,4237.23
9809,Olivia Nguyen,olivia.nguyen.9809@example.com,Canada,2025-01-24,Basic,0.00
9810,Noah Dubois,noah.dubois.9810@example.com,Singapore,2024-04-05,Basic,213.76
9811,Noah Wilson,noah.wilson.9811@example.com,Singapore,2024-04-04,Standard,987.71
9812,Priya Singh,priya.singh.9812@example.com,United Arab Emirates,2024-06-01,Premium,6432.51
9813,Noah Kim,noah.kim.9813@example.com,Germany,2024-10-29,Basic,0.00
9814,Lucas Nakamura,lucas.nakamura.9814@example.com,Australia,2024-10-22,Basic,69.98
9815,Omar Nakamura,omar.nakamura.9815@example.com,Japan,2024-12-04,Standard,920.28
9816,Nora Khan,nora.khan.9816@example.com,United Arab Emirates,2024-10-27,Premium,1746.24
9817,Samuel Chen,samuel.chen.9817@example.com,Germany,2024-07-18,Basic,0.00
9818,Zoe Santos,zoe.santos.9818@example.com,Australia,2024-10-27,Basic,200.96
9819,Liam Kim,liam.kim.9819@example.com,United Kingdom,2024-11-01,Standard,842.56
9820,Ethan Thompson,ethan.thompson.9820@example.com,Canada,2025-01-13,Premium,3153.71
9821,Ava Ahmed,ava.ahmed.9821@example.com,Canada,2024-09-11,Basic,0.00
9822,Mia Chen,mia.chen.9822@example.com,United Arab Emirates,2024-07-31,Basic,20.43
9823,Liam Ahmed,liam.ahmed.9823@example.com,France,2024-05-05,Standard,849.52
9824,Omar Kim,omar.kim.9824@example.com,Japan,2025-01-17,Premium,2996.52
9825,Leo Ahmed,leo.ahmed.9825@example.com,Singapore,2025-01-04,Basic,0.00
9826,Samuel Garcia,samuel.garcia.9826@example.com,France,2024-07-23,Basic,101.87
9827,Hana Singh,hana.singh.9827@example.com,Australia,2024-02-28,Standard,676.16
9828,Aisha Williams,aisha.williams.9828@example.com,United Arab Emirates,2024-09-04,Premium,3148.95
9829,Samuel Clarke,samuel.clarke.9829@example.com,France,2024-07-05,Basic,0.00
9830,Mia Ahmed,mia.ahmed.9830@example.com,Japan,2024-08-17,Basic,292.93
9831,Liam Santos,liam.santos.9831@example.com,United States,2025-01-28,Standard,666.44
9832,Lucas Ahmed,lucas.ahmed.9832@example.com,Singapore,2024-06-24,Premium,1291.04
9833,Hana Williams,hana.williams.9833@example.com,France,2024-02-16,Basic,0.00
9834,Aisha Rossi,aisha.rossi.9834@example.com,Canada,2025-01-01,Basic,117.64
9835,Mia Wilson,mia.wilson.9835@example.com,India,2025-01-30,Standard,850.30
9836,Lucas Singh,lucas.singh.9836@example.com,Australia,2024-07-20,Premium,3452.19
9837,Amelia Nakamura,amelia.nakamura.9837@example.com,India,2024-12-01,Basic,0.00
9838,Omar Kim,omar.kim.9838@example.com,France,2024-12-04,Basic,227.95
9839,Priya Khan,priya.khan.9839@example.com,France,2024-07-20,Standard,972.30
9840,Aisha Ahmed,aisha.ahmed.9840@example.com,United Kingdom,2024-03-03,Premium,4772.94
9841,Aisha Chen,aisha.chen.9841@example.com,Canada,2024-09-16,Basic,0.00
9842,Nora Santos,nora.santos.9842@example.com,Germany,2024-09-16,Basic,235.26
9843,Nora Thompson,nora.thompson.9843@example.com,Japan,2024-06-19,Standard,995.12
9844,Omar Rossi,omar.rossi.9844@example.com,Canada,2024-08-08,Premium,1485.91
9845,Lucas Williams,lucas.williams.9845@example.com,Canada,2024-05-22,Basic,0.00
9846,Aisha Nakamura,aisha.nakamura.9846@example.com,Canada,2024-06-27,Basic,130.82
9847,Samuel Rossi,samuel.rossi.9847@example.com,Australia,2024-10-05,Standard,625.47
9848,Mateo Thompson,mateo.thompson.9848@example.com,United Arab Emirates,2024-02-20,Premium,3577.93
9849,Amelia Thompson,amelia.thompson.9849@example.com,United States,2025-01-29,Basic,0.00
9850,Lucas Santos,lucas.santos.9850@example.com,France,2024-12-04,Basic,182.13
9851,Lucas Nguyen,lucas.nguyen.9851@example.com,Germany,2024-11-18,Standard,934.12
9852,Priya Taylor,priya.taylor.9852@example.com,Japan,2024-06-15,Premium,2238.84
9853,Samuel Williams,samuel.williams.9853@example.com,India,2024-09-06,Basic,0.00
9854,Sofia Khan,sofia.khan.9854@example.com,United Arab Emirates,2024-07-24,Basic,235.26
9855,Leo Thompson,leo.thompson.9855@example.com,United Kingdom,2024-04-19,Standard,844.80
9856,Isabella Kim,isabella.kim.9856@example.com,United Arab Emirates,2024-05-24,Premium,4368.74
9857,Isabella Bennett,isabella.bennett.9857@example.com,Canada,2024-09-18,Basic,0.00
9858,Leo Nakamura,leo.nakamura.9858@example.com,Germany,2024-12-16,Basic,254.03
9859,Samuel Bennett,samuel.bennett.9859@example.com,India,2024-07-04,Standard,962.55
9860,Liam Chen,liam.chen.9860@example.com,Canada,2024-10-09,Premium,2330.90
9861,Sofia Thompson,sofia.thompson.9861@example.com,India,2024-08-03,Basic,0.00
9862,Ava Garcia,ava.garcia.9862@example.com,Germany,2024-08-07,Basic,138.10
9863,Liam Khan,liam.khan.9863@example.com,Germany,2024-03-24,Standard,971.15
9864,Hugo Singh,hugo.singh.9864@example.com,United States,2024-07-23,Premium,3152.72
9865,Lucas Kim,lucas.kim.9865@example.com,France,2024-11-11,Basic,0.00
9866,Arjun Wilson,arjun.wilson.9866@example.com,France,2024-08-01,Basic,153.77
9867,Mateo Santos,mateo.santos.9867@example.com,France,2024-09-10,Standard,805.78
9868,Ethan Williams,ethan.williams.9868@example.com,India,2024-11-12,Premium,1765.19
9869,Daniel Khan,daniel.khan.9869@example.com,Australia,2024-08-09,Basic,0.00
9870,Daniel Thompson,daniel.thompson.9870@example.com,India,2024-08-31,Basic,145.38
9871,Aisha Singh,aisha.singh.9871@example.com,Singapore,2024-12-10,Standard,737.12
9872,Omar Bennett,omar.bennett.9872@example.com,Germany,2024-11-24,Premium,4691.83
9873,Olivia Bennett,olivia.bennett.9873@example.com,Singapore,2024-09-01,Basic,0.00
9874,Priya Singh,priya.singh.9874@example.com,Germany,2024-05-13,Basic,81.53
9875,Olivia Thompson,olivia.thompson.9875@example.com,United Kingdom,2024-08-08,Standard,929.73
9876,Isabella Thompson,isabella.thompson.9876@example.com,Singapore,2024-07-14,Premium,5443.40
9877,Ethan Garcia,ethan.garcia.9877@example.com,United Arab Emirates,2024-09-21,Basic,0.00
9878,Hana Anderson,hana.anderson.9878@example.com,Australia,2024-08-19,Basic,28.77
9879,Oliver Dubois,oliver.dubois.9879@example.com,United States,2024-12-12,Standard,880.57
9880,Daniel Anderson,daniel.anderson.9880@example.com,United Kingdom,2025-01-08,Premium,2772.31
9881,Daniel Taylor,daniel.taylor.9881@example.com,United States,2024-10-26,Basic,0.00
9882,Hana Ahmed,hana.ahmed.9882@example.com,Singapore,2024-11-06,Basic,116.70
9883,Omar Bennett,omar.bennett.9883@example.com,United Kingdom,2024-02-18,Standard,874.07
9884,Omar Kim,omar.kim.9884@example.com,Singapore,2024-05-11,Premium,4340.56
9885,Mateo Garcia,mateo.garcia.9885@example.com,United Kingdom,2024-03-27,Basic,0.00
9886,Omar Khan,omar.khan.9886@example.com,Canada,2024-02-23,Basic,81.92
9887,Ethan Dubois,ethan.dubois.9887@example.com,Germany,2024-02-25,Standard,984.66
9888,Noah Clarke,noah.clarke.9888@example.com,Australia,2025-01-17,Premium,6912.92
9889,Daniel Anderson,daniel.anderson.9889@example.com,Australia,2024-11-19,Basic,0.00
9890,Leo Anderson,leo.anderson.9890@example.com,Japan,2024-11-27,Basic,213.20
9891,Noah Martin,noah.martin.9891@example.com,United States,2025-01-06,Standard,921.58
9892,Daniel Anderson,daniel.anderson.9892@example.com,Singapore,2024-11-13,Premium,3103.88
9893,Zoe Nakamura,zoe.nakamura.9893@example.com,Singapore,2024-04-27,Basic,0.00
9894,Zoe Garcia,zoe.garcia.9894@example.com,Singapore,2024-10-30,Basic,213.76
9895,Mateo Khan,mateo.khan.9895@example.com,Singapore,2024-07-02,Standard,987.85
9896,Lucas Nakamura,lucas.nakamura.9896@example.com,Singapore,2024-03-22,Premium,2518.07
9897,Leo Nakamura,leo.nakamura.9897@example.com,India,2024-08-25,Basic,0.00
9898,Arjun Patel,arjun.patel.9898@example.com,Canada,2024-02-05,Basic,108.59
9899,Oliver Anderson,oliver.anderson.9899@example.com,Germany,2024-10-20,Standard,474.87
9900,Priya Garcia,priya.garcia.9900@example.com,Canada,2024-06-30,Premium,4841.30
9901,Ethan Dubois,ethan.dubois.9901@example.com,India,2024-06-29,Basic,0.00
9902,Hugo Patel,hugo.patel.9902@example.com,Canada,2024-08-30,Basic,215.69
9903,Lucas Patel,lucas.patel.9903@example.com,United States,2024-06-11,Standard,601.45
9904,Nora Nguyen,nora.nguyen.9904@example.com,Australia,2025-01-16,Premium,1841.70
9905,Ethan Thompson,ethan.thompson.9905@example.com,United Arab Emirates,2024-09-10,Basic,0.00
9906,Leo Anderson,leo.anderson.9906@example.com,Japan,2024-12-01,Basic,186.63
9907,Zoe Santos,zoe.santos.9907@example.com,Singapore,2024-03-19,Standard,933.90
9908,Daniel Nguyen,daniel.nguyen.9908@example.com,Japan,2024-09-15,Premium,5043.97
9909,Lucas Patel,lucas.patel.9909@example.com,United Arab Emirates,2024-11-17,Basic,0.00
9910,Ethan Wilson,ethan.wilson.9910@example.com,India,2024-10-27,Basic,126.08
9911,Nora Garcia,nora.garcia.9911@example.com,Germany,2024-06-11,Standard,938.30
9912,Chloe Clarke,chloe.clarke.9912@example.com,Australia,2024-11-18,Premium,4613.65
9913,Mateo Santos,mateo.santos.9913@example.com,Australia,2024-03-19,Basic,0.00
9914,Isabella Santos,isabella.santos.9914@example.com,India,2024-08-25,Basic,151.32
9915,Lucas Chen,lucas.chen.9915@example.com,Australia,2024-12-11,Standard,711.34
9916,Mia Bennett,mia.bennett.9916@example.com,Canada,2024-12-17,Premium,4170.91
9917,Chloe Rossi,chloe.rossi.9917@example.com,United States,2024-11-11,Basic,0.00
9918,Hana Dubois,hana.dubois.9918@example.com,Germany,2024-11-28,Basic,81.61
9919,Chloe Dubois,chloe.dubois.9919@example.com,India,2025-01-07,Standard,679.43
9920,Aisha Garcia,aisha.garcia.9920@example.com,United Kingdom,2025-01-04,Premium,4117.84
9921,Oliver Martin,oliver.martin.9921@example.com,Canada,2024-11-22,Basic,0.00
9922,Sofia Anderson,sofia.anderson.9922@example.com,Canada,2024-06-16,Basic,260.86
9923,Chloe Nguyen,chloe.nguyen.9923@example.com,Japan,2024-04-11,Standard,887.22
9924,Ethan Singh,ethan.singh.9924@example.com,Australia,2024-09-27,Premium,3661.59
9925,Ava Anderson,ava.anderson.9925@example.com,Japan,2025-01-27,Basic,0.00
9926,Oliver Patel,oliver.patel.9926@example.com,United States,2024-08-17,Basic,73.65
9927,Daniel Garcia,daniel.garcia.9927@example.com,Australia,2024-10-21,Standard,841.24
9928,Leo Thompson,leo.thompson.9928@example.com,Germany,2025-01-27,Premium,4890.02
9929,Aisha Santos,aisha.santos.9929@example.com,Japan,2024-10-14,Basic,0.00
9930,Arjun Singh,arjun.singh.9930@example.com,Germany,2024-07-18,Basic,240.14
9931,Isabella Rossi,isabella.rossi.9931@example.com,India,2025-01-17,Standard,605.61
9932,Isabella Nakamura,isabella.nakamura.9932@example.com,India,2024-12-30,Premium,3207.29
9933,Daniel Kim,daniel.kim.9933@example.com,Japan,2024-10-15,Basic,0.00
9934,Chloe Nguyen,chloe.nguyen.9934@example.com,United States,2024-02-28,Basic,256.31
9935,Omar Santos,omar.santos.9935@example.com,United Kingdom,2024-04-08,Standard,920.31
9936,Chloe Thompson,chloe.thompson.9936@example.com,India,2024-06-13,Premium,2186.85
9937,Zoe Patel,zoe.patel.9937@example.com,United Arab Emirates,2024-06-15,Basic,0.00
9938,Ava Taylor,ava.taylor.9938@example.com,Australia,2024-04-25,Basic,69.98
9939,Nora Singh,nora.singh.9939@example.com,France,2024-08-29,Standard,879.17
9940,Liam Patel,liam.patel.9940@example.com,India,2024-07-31,Premium,3993.59
9941,Ava Patel,ava.patel.9941@example.com,Germany,2024-05-01,Basic,0.00
9942,Noah Singh,,Germany,2024-04-18,Basic,482.07
9943,Olivia Ahmed,olivia.ahmed.9943@example.com,India,2024-09-14,Standard,994.03
9944,Mia Nakamura,mia.nakamura.9944@example.com,United Kingdom,2024-08-07,Premium,4008.16
9945,Sofia Singh,sofia.singh.9945@example.com,Australia,2024-07-16,Basic,0.00
9946,Olivia Rossi,olivia.rossi.9946@example.com,United Kingdom,2024-11-19,Basic,86.76
9947,Aisha Kim,aisha.kim.9947@example.com,United States,2024-07-24,Standard,921.28
9948,Leo Kim,leo.kim.9948@example.com,United Kingdom,2024-05-31,Premium,3548.50
9949,Arjun Santos,arjun.santos.9949@example.com,Singapore,2024-07-13,Basic,0.00
9950,Noah Nguyen,noah.nguyen.9950@example.com,United Kingdom,2024-12-17,Basic,97.81
9951,Mia Khan,mia.khan.9951@example.com,Canada,2024-05-06,Standard,953.08
9952,Priya Rossi,priya.rossi.9952@example.com,Singapore,2024-10-01,Premium,1499.47
9953,Leo Taylor,leo.taylor.9953@example.com,Australia,2024-05-06,Basic,0.00
9954,Hugo Rossi,hugo.rossi.9954@example.com,United States,2024-06-22,Basic,9.48
9955,Sofia Khan,sofia.khan.9955@example.com,Australia,2024-11-07,Standard,689.39
9956,Liam Bennett,liam.bennett.9956@example.com,India,2024-02-21,Premium,4691.96
9957,Samuel Ahmed,samuel.ahmed.9957@example.com,United Arab Emirates,2024-03-11,Basic,0.00
9958,Samuel Thompson,samuel.thompson.9958@example.com,United States,2024-02-20,Basic,137.44
9959,Omar Chen,omar.chen.9959@example.com,Canada,2024-12-05,Standard,767.09
9960,Olivia Ahmed,olivia.ahmed.9960@example.com,Germany,2024-07-28,Premium,3982.64
9961,Nora Wilson,nora.wilson.9961@example.com,United Arab Emirates,2024-08-27,Basic,0.00
9962,Omar Clarke,omar.clarke.9962@example.com,United Arab Emirates,2024-02-11,Basic,67.30
9963,Isabella Chen,isabella.chen.9963@example.com,Japan,2024-02-10,Standard,890.26
9964,Priya Martin,priya.martin.9964@example.com,France,2024-12-12,Premium,1635.52
9965,Mateo Taylor,mateo.taylor.9965@example.com,United Kingdom,2024-03-29,Basic,0.00
9966,Lucas Khan,lucas.khan.9966@example.com,France,2024-10-15,Basic,235.65
9967,Ava Singh,ava.singh.9967@example.com,Germany,2024-02-04,Standard,923.32
9968,Zoe Thompson,zoe.thompson.9968@example.com,Japan,2024-08-06,Premium,1911.70
9969,Liam Anderson,liam.anderson.9969@example.com,United States,2024-09-07,Basic,0.00
9970,Olivia Bennett,olivia.bennett.9970@example.com,United Arab Emirates,2024-04-19,Basic,20.43
9971,Sofia Williams,sofia.williams.9971@example.com,India,2024-11-08,Standard,953.60
9972,Hana Nakamura,hana.nakamura.9972@example.com,Germany,2024-07-23,Premium,3127.14
9973,Ava Nakamura,ava.nakamura.9973@example.com,United Kingdom,2024-06-24,Basic,0.00
9974,Nora Anderson,nora.anderson.9974@example.com,Canada,2024-02-23,Basic,214.52
9975,Lucas Anderson,lucas.anderson.9975@example.com,United Kingdom,2024-12-09,Standard,562.57
9976,Sofia Nakamura,sofia.nakamura.9976@example.com,Germany,2024-06-07,Premium,4842.97
9977,Olivia Martin,olivia.martin.9977@example.com,India,2024-09-05,Basic,0.00
9978,Leo Kim,leo.kim.9978@example.com,India,2024-02-23,Basic,15.72
9979,Ethan Anderson,ethan.anderson.9979@example.com,Australia,2024-08-24,Standard,921.39
9980,Olivia Taylor,olivia.taylor.9980@example.com,France,2024-07-23,Premium,3726.60
9981,Aisha Bennett,aisha.bennett.9981@example.com,India,2024-04-15,Basic,0.00
9982,Mia Nakamura,mia.nakamura.9982@example.com,France,2024-07-19,Basic,175.96
9983,Isabella Chen,isabella.chen.9983@example.com,India,2024-09-21,Standard,962.10
9984,Sofia Singh,sofia.singh.9984@example.com,Australia,2024-08-26,Premium,2213.04
9985,Zoe Thompson,zoe.thompson.9985@example.com,United States,2024-04-14,Basic,0.00
9986,Nora Santos,nora.santos.9986@example.com,United Kingdom,2024-02-04,Basic,99.40
9987,Amelia Kim,amelia.kim.9987@example.com,India,2024-11-08,Standard,724.25
9988,Hugo Singh,hugo.singh.9988@example.com,India,2024-11-23,Premium,1283.33
9989,Amelia Santos,amelia.santos.9989@example.com,Japan,2024-03-10,Basic,0.00
9990,Olivia Martin,olivia.martin.9990@example.com,United Kingdom,2025-01-23,Basic,204.71
9991,Aisha Garcia,aisha.garcia.9991@example.com,India,2024-09-20,Standard,967.19
9992,Priya Clarke,priya.clarke.9992@example.com,Australia,2024-05-03,Premium,8105.38
9993,Arjun Kim,arjun.kim.9993@example.com,Australia,2024-11-21,Basic,0.00
9994,Arjun Anderson,arjun.anderson.9994@example.com,United States,2024-12-19,Basic,27.17
9995,Omar Patel,omar.patel.9995@example.com,Singapore,2024-06-24,Standard,771.73
9996,Samuel Rossi,samuel.rossi.9996@example.com,France,2024-03-13,Premium,6608.21
9997,Leo Santos,leo.santos.9997@example.com,Japan,2024-02-29,Basic,0.00
9998,Nora Rossi,nora.rossi.9998@example.com,Germany,2024-05-07,Basic,107.41
9999,Sofia Williams,sofia.williams.9999@example.com,Singapore,2024-05-27,Standard,883.65
10000,Noah Chen,noah.chen.10000@example.com,Germany,2024-05-01,Premium,4027.69
